-12.605,-16.8766,-19.84774,0.949927032242037,0.13881737191488924,0.14613477372809328
-12.505,-16.6766,-19.84583,0.8821131110578774,0.1555002527815702,0.1762815344566027
-12.405,-16.5766,-19.84421,0.9387220538343766,0.4403798252256773,0.46912696194455844
-12.305,-16.5766,-19.84286,0.9443820870856106,0.5107286883908444,0.540807259450428
-12.205,-16.4766,-19.84124,0.9094279862077338,0.15846229231211809,0.17424391454335753
-12.305,-16.4766,-19.84259,0.9195000804521367,0.11766733161832471,0.12796881057418213
-12.405,-16.4766,-19.84393,0.7178486161597,0.17789905919996057,0.24782252858781484
-12.305,-16.3766,-19.84231,0.9090710843708848,0.2665228951086674,0.29318157808650613
-12.205,-16.3766,-19.84096,0.8836635664621534,0.05373892878780387,0.060813787992814644
-12.105,-16.3766,-19.83962,0.8265944018174268,0.06720375065508655,0.08130196685015792
-12.005,-16.2766,-19.83799,0.7159844678943442,0.04416143641444254,0.061679321821488615
-12.105,-16.2766,-19.83934,0.7574613033605877,0.06898554619137187,0.0910746804956338
-12.205,-16.2766,-19.84069,0.7614473564522279,0.06469673213305942,0.08496546949023179
-12.305,-16.2766,-19.84203,0.7934141435506976,0.15189198990460567,0.19144099098719944
-12.205,-16.1766,-19.84041,0.6969634358889135,0.0815342450334214,0.11698496769695224
-12.105,-16.1766,-19.83906,0.7372054488828936,0.045288538457752124,0.06143272343737965
-12.005,-16.1766,-19.83771,0.7560610457580099,0.044503100808350016,0.058861782468546835
-11.905,-16.1766,-19.83637,0.8339375679840201,0.04831962597528874,0.05794153882777786
-11.805,-16.1766,-19.83502,0.811454066174395,0.061247757873308106,0.07547902022607518
-11.705,-16.0766,-19.8334,0.8520660692237136,0.08245017380413276,0.09676500072259668
-11.805,-16.0766,-19.83474,0.8136821028436682,0.04649893722889005,0.057146319264470585
-11.905,-16.0766,-19.83609,0.6872191643826976,0.03990290091823828,0.05806430173419497
-12.005,-16.0766,-19.83744,0.7420275945826909,0.06323355912244413,0.08521726089985383
-12.105,-16.0766,-19.83879,0.7647563890540019,0.04516436535825115,0.05905719259713429
-12.205,-16.0766,-19.84013,0.7476365671349934,0.167930114300628,0.22461463454650218
-12.105,-15.9766,-19.83851,0.7228949968250673,0.05778532533094292,0.07993598736294247
-12.005,-15.9766,-19.83716,0.6542522027056598,0.03130223699924801,0.04784429745868278
-11.905,-15.9766,-19.83581,0.7066625904015092,0.050742610075103375,0.07180599449345777
-11.805,-15.9766,-19.83447,0.7875991119764143,0.04344390991694713,0.05515992750160455
-11.705,-15.9766,-19.83312,0.6867100938365444,0.04591313224682007,0.06685955639636869
-11.605,-15.9766,-19.83177,0.8139585288632739,0.04352883537201928,0.05347795228930037
-11.505,-15.9766,-19.83043,0.8435543292858302,0.04430173338952399,0.05251793731771932
-11.405,-15.9766,-19.82908,1.2788797140125465,0.3690883090293482,0.28860283339026144
-11.305,-15.8766,-19.82745,1.3618280802989047,0.2799757460190016,0.20558817230259369
-11.405,-15.8766,-19.8288,1.2611155781474064,0.138021390300737,0.10944388658134892
-11.505,-15.8766,-19.83015,0.8220465698810608,0.042442040251882356,0.05162972732557372
-11.605,-15.8766,-19.8315,0.8316289134034109,0.04822927885081502,0.05799374946385457
-11.705,-15.8766,-19.83284,0.7862431324697609,0.04068664115619312,0.05174816729831079
-11.805,-15.8766,-19.83419,0.6698416847892795,0.06268847780093931,0.09358700604107671
-11.905,-15.8766,-19.83554,0.6689171034844981,0.026838915863825846,0.04012293260856624
-12.005,-15.8766,-19.83688,0.6889228336468347,0.05506260811968506,0.07992565412327736
-12.105,-15.8766,-19.83823,0.745393364646727,0.05756269268590032,0.07722458424778396
-12.005,-15.7766,-19.83661,0.7022917990559977,0.04925216833514769,0.07013063288130543
-11.905,-15.7766,-19.83526,0.654964504268132,0.03790780363584254,0.05787764587059773
-11.805,-15.7766,-19.83391,0.642409896910703,0.05407093959581379,0.08416890813145399
-11.705,-15.7766,-19.83257,0.7391224817421801,0.04739666325062072,0.06412558733013017
-11.605,-15.7766,-19.83122,0.6989420562917548,0.043254597815041,0.06188581360310291
-11.505,-15.7766,-19.82987,0.6622713086756611,0.03863039965089843,0.05833017246081118
-11.405,-15.7766,-19.82852,0.6998064939992985,0.04095642287058065,0.05852535411113476
-11.305,-15.7766,-19.82718,1.0049814388316747,0.0730767795397151,0.07271455642471304
-11.205,-15.7766,-19.82583,1.2371010582200996,0.15446999017967938,0.12486448795212068
-11.105,-15.7766,-19.82448,1.6589468030486594,0.2231388825209819,0.13450635192817387
-11.005,-15.6766,-19.82286,1.3421591393135208,0.21767982091898785,0.16218629709612928
-11.105,-15.6766,-19.82421,1.0577151244079661,0.0671858242453338,0.06351977266368358
-11.205,-15.6766,-19.82555,0.871777535213976,0.07474300939669852,0.0857363333850453
-11.305,-15.6766,-19.8269,0.818336284607039,0.06862191457490747,0.08385539767170336
-11.405,-15.6766,-19.82825,0.6806575411744686,0.036988563953756645,0.05434239939505144
-11.505,-15.6766,-19.82959,0.7075300110589144,0.04427791778247781,0.06258097478608704
-11.605,-15.6766,-19.83094,0.6800589731718222,0.04075955637404257,0.05993532617316756
-11.705,-15.6766,-19.83229,0.6681149062839673,0.0641412085238684,0.09600325920075582
-11.805,-15.6766,-19.83364,0.6490404730923575,0.04780211349329357,0.07365043548908452
-11.905,-15.6766,-19.83498,0.7614200456015175,0.047135396754914724,0.06190459133194744
-11.805,-15.5766,-19.83336,0.720394105872886,0.05578504409015001,0.07743684135582492
-11.705,-15.5766,-19.83201,0.635751880371674,0.034449036632448346,0.054186291375667994
-11.605,-15.5766,-19.83067,0.6741641477558409,0.02958270766428226,0.043880570870992244
-11.505,-15.5766,-19.82932,0.7310599754627384,0.05020962526942855,0.06868058292706752
-11.405,-15.5766,-19.82797,0.6706542396757753,0.05370057606377995,0.0800719251245489
-11.305,-15.5766,-19.82662,0.7854902183463416,0.04770060195608383,0.06072717500735507
-11.205,-15.5766,-19.82528,0.8660912221961172,0.04740228170871712,0.05473128060173709
-11.105,-15.5766,-19.82393,0.8555075858913603,0.09382994942031382,0.10967751889955672
-11.005,-15.5766,-19.82258,0.953116749785741,0.07531224656459273,0.07901681150973666
-10.905,-15.5766,-19.82123,1.25171762883505,0.19230765184725201,0.15363501113763903
-10.905,-15.4766,-19.82096,0.8950280601529869,0.07823587770126943,0.08741164795201682
-11.005,-15.4766,-19.82231,0.7279177757221353,0.06983258436891408,0.09593471501590442
-11.105,-15.4766,-19.82365,0.6922262914667024,0.04134250165316916,0.059723969116474714
-11.205,-15.4766,-19.825,0.7401874107127844,0.04097695224631329,0.055360239384311304
-11.305,-15.4766,-19.82635,0.7795683888216016,0.041770354721726535,0.05358138595751266
-11.405,-15.4766,-19.82769,0.6506040883758039,0.05152361209555642,0.07919349573130134
-11.505,-15.4766,-19.82904,0.7589020492023557,0.05664051549347174,0.0746348169081949
-11.605,-15.4766,-19.83039,0.6776284930280654,0.11838172121214988,0.1747000346504716
-11.705,-15.4766,-19.83174,0.7931822323246335,0.057907769816741894,0.0730068923090065
-11.605,-15.3766,-19.83011,0.8032064632666908,0.05976866767756013,0.0744125830791715
-11.505,-15.3766,-19.82876,0.6946618342776556,0.045293815455453384,0.06520268311926504
-11.405,-15.3766,-19.82742,0.6772872162416976,0.030617720150812346,0.045206404929228824
-11.305,-15.3766,-19.82607,0.6085521939060513,0.026768780658571092,0.04398764958310819
-11.205,-15.3766,-19.82472,0.7420012763533976,0.040491501485015936,0.05457066284847035
-11.105,-15.3766,-19.82338,0.7423924497673224,0.04664087581198508,0.06282509449901204
-11.005,-15.3766,-19.82203,0.7140161877310808,0.06577063605003024,0.0921136483740357
-10.905,-15.3766,-19.82068,0.7005708896059752,0.04343041707147754,0.06199289424643989
-10.805,-15.3766,-19.81933,1.1073876717516082,0.1237407498841794,0.11174113008541328
-10.705,-15.2766,-19.81771,0.8797495648586471,0.05366967910628291,0.061005633023423246
-10.805,-15.2766,-19.81906,0.7528372448430694,0.045755274769323104,0.0607771136228268
-10.905,-15.2766,-19.8204,0.7674067835805355,0.056655172426497424,0.0738267808399582
-11.005,-15.2766,-19.82175,0.7026788182840933,0.04676751322387587,0.06655603101582001
-11.105,-15.2766,-19.8231,0.6635595842642296,0.03149008035907419,0.04745629647410056
-11.205,-15.2766,-19.82445,0.836321257779924,0.041265982559414244,0.04934226193049046
-11.305,-15.2766,-19.82579,0.72947147735968,0.038489823091654975,0.052763986374037244
-11.405,-15.2766,-19.82714,0.6914601185393232,0.05363135109924812,0.0775624647919562
-11.305,-15.1766,-19.82552,0.7203594414934575,0.03673359156708494,0.0509934200222717
-11.205,-15.1766,-19.82417,0.6544846434051987,0.0529407426931463,0.08088920531076556
-11.105,-15.1766,-19.82282,0.6439576921264716,0.03506249238654648,0.05444844096941124
-11.005,-15.1766,-19.82148,0.6676772753685808,0.027842902031688845,0.04170113774850073
-10.905,-15.1766,-19.82013,0.6267503901292695,0.04176325288773794,0.06663458618529798
-10.805,-15.1766,-19.81878,0.6843639161213084,0.03441969608190869,0.05029443439535107
-10.705,-15.1766,-19.81743,0.7537086123047723,0.050972195906331626,0.06762851727335753
-10.605,-15.1766,-19.81609,1.3527338210366457,0.12642595040058868,0.09345959155786036
-10.505,-15.0766,-19.81446,1.4563237653888512,0.17592307879919525,0.12079942865741962
-10.605,-15.0766,-19.81581,0.9590546777889669,0.06236381363324393,0.06502633799463792
-10.705,-15.0766,-19.81716,0.8342199254316951,0.04258747601855059,0.051050657890378576
-10.805,-15.0766,-19.8185,0.7832445575791815,0.024988789042782546,0.03190419748337201
-10.905,-15.0766,-19.81985,0.670657185086933,0.035384522838617004,0.052760968830939066
-11.005,-15.0766,-19.8212,0.6546395242769473,0.029031284970593013,0.04434697859506454
-11.105,-15.0766,-19.82255,0.6704286751840255,0.05440703014070106,0.0811526000521486
-11.205,-15.0766,-19.82389,0.7526271270286957,0.03661593765143564,0.04865083430621492
-11.105,-14.9766,-19.82227,0.8400591804001291,0.07662531557182599,0.09121418747584967
-11.005,-14.9766,-19.82092,0.7259723006962197,0.04443356680254921,0.06120559525471794
-10.905,-14.9766,-19.81957,0.653396091493325,0.021484295520812203,0.032880967303783884
-10.805,-14.9766,-19.81823,0.6584666777581866,0.032397903085228635,0.049202038887572
-10.705,-14.9766,-19.81688,0.7010059425973377,0.0343068103698975,0.04893940020363501
-10.605,-14.9766,-19.81553,0.6905522063675579,0.030802529977718637,0.044605649933038484
-10.505,-14.9766,-19.81419,0.9474424778390572,0.06855774475657765,0.07236085183022964
-10.405,-14.9766,-19.81284,1.2206636482682065,0.13435156987381994,0.11006436544942473
-10.305,-14.9766,-19.81149,1.8130996011800296,0.5032498592203909,0.27756327280247484
-10.205,-14.8766,-19.80987,1.369800373285504,0.3264298387477086,0.2383046793634299
-10.305,-14.8766,-19.81121,1.2973906007063627,0.21617277169234467,0.16662119455362917
-10.405,-14.8766,-19.81256,0.8316018569347632,0.05614523656215554,0.06751456372296193
-10.505,-14.8766,-19.81391,0.7990814595598661,0.032891150546924965,0.041161198465349706
-10.605,-14.8766,-19.81526,0.7227421162911484,0.03681708129514405,0.050940827253953345
-10.705,-14.8766,-19.8166,0.729296434579332,0.03373805403273615,0.046261098276446
-10.805,-14.8766,-19.81795,0.7027671415519084,0.031171799706263745,0.04435580132193945
-10.905,-14.8766,-19.8193,0.8023804114517205,0.052663749256674754,0.06563439050237027
-11.005,-14.8766,-19.82064,0.8941724152439517,0.09265503509241835,0.1036209946905372
-10.805,-14.7766,-19.81767,0.8385155342879967,0.06178433867302562,0.07368299828277858
-10.705,-14.7766,-19.81633,0.7076568535659857,0.05529920854060632,0.07814410086180268
-10.605,-14.7766,-19.81498,0.7413805160452172,0.05326450571770694,0.07184503040603013
-10.505,-14.7766,-19.81363,0.7162340491193357,0.04804628740996487,0.06708182537404
-10.405,-14.7766,-19.81228,0.8382304635930341,0.03515390490923436,0.04193823350030594
-10.305,-14.7766,-19.81094,0.8874952862878998,0.05262263812027269,0.05929342829568801
-10.205,-14.7766,-19.80959,1.0969023485389273,0.15447827006781575,0.1408313787217072
-10.105,-14.7766,-19.80824,1.2321363688835427,0.299154518363062,0.24279335138376804
-10.005,-14.6766,-19.80662,4.024060017094864,1.871041190908827,0.4649635400467037
-10.105,-14.6766,-19.80797,4.323027439248543,2.4721876635877695,0.5718649021615975
-10.205,-14.6766,-19.80931,3.1168477887616635,2.6602406357497705,0.8535035446202187
-10.305,-14.6766,-19.81066,1.3340425429360558,0.44475505935219223,0.33338896252389644
-10.405,-14.6766,-19.81201,0.8444964034445167,0.05264968163324759,0.062344471117344036
-10.505,-14.6766,-19.81336,0.7879839070753103,0.06767308147983186,0.0858812989354161
-10.605,-14.6766,-19.8147,0.7079846448326087,0.06497801242657184,0.0917788442176381
-10.705,-14.6766,-19.81605,0.8359202050951383,0.03925661971925161,0.04696216155558019
-10.605,-14.5766,-19.81443,1.0646074114999742,0.08623244820734045,0.08099929351970564
-10.505,-14.5766,-19.81308,0.7071335400774246,0.024036455838597568,0.03399139550920721
-10.405,-14.5766,-19.81173,0.7578636264347839,0.053636113813438226,0.0707727775058403
-10.305,-14.5766,-19.81038,0.8253592166437977,0.06757294201913719,0.08187094862030214
-10.205,-14.5766,-19.80904,0.7891267315184917,0.03506535518604983,0.04443564485336173
-10.105,-14.5766,-19.80769,0.852321869920347,0.08784414637984697,0.10306452231251131
-10.005,-14.5766,-19.80634,1.1600696719860768,0.12598479396884538,0.10860105820468122
-9.905,-14.5766,-19.80499,1.5931113325886386,0.28825125091505627,0.18093603693514518
-9.805,-14.4766,-19.80337,1.684039948846295,0.2377296345282806,0.141166267873363
-9.905,-14.4766,-19.80472,1.1075783733292197,0.1375150162351221,0.12415827136618056
-10.005,-14.4766,-19.80607,0.7917931535391648,0.052918174121778565,0.06683333126239396
-10.105,-14.4766,-19.80741,0.8104931192517928,0.06366386070897187,0.07854953878910557
-10.205,-14.4766,-19.80876,0.7738452916194778,0.043932132236309165,0.05677120829199523
-10.305,-14.4766,-19.81011,0.7712480736033852,0.04724143603409222,0.06125323051164749
-10.405,-14.4766,-19.81145,0.7660156248310065,0.0540278489876052,0.07053100124364237
-10.505,-14.4766,-19.8128,1.4115045269667097,0.4675216233125973,0.33122219190985547
-10.305,-14.3766,-19.80983,0.8098070820027645,0.0404763062283306,0.04998265281680066
-10.205,-14.3766,-19.80848,0.7906905248956424,0.04198656430176994,0.05310113499502406
-10.105,-14.3766,-19.80714,0.7256747599710824,0.06294692763373766,0.08674261681120898
-10.005,-14.3766,-19.80579,0.8174355352119755,0.02261284187023487,0.027663150054237556
-9.905,-14.3766,-19.80444,0.9032450085679529,0.06579531461555106,0.072843263999727
-9.805,-14.3766,-19.80309,1.0186452011122435,0.13649191425003543,0.13399357705803938
-9.705,-14.3766,-19.80175,1.4637355134236363,0.16095969925285974,0.10996501606795037
-9.605,-14.2766,-19.80012,1.5750253722185672,0.5676732143511338,0.36042163152680784
-9.705,-14.2766,-19.80147,1.1224053817279627,0.14888827366146457,0.13265106893219675
-9.805,-14.2766,-19.80282,0.8100538801599775,0.05359069288223014,0.0661569485620469
-9.905,-14.2766,-19.80416,0.7603955759096999,0.054869676854615135,0.07215938465840198
-10.005,-14.2766,-19.80551,0.7556052202373099,0.04995872563164478,0.06611749666837194
-10.105,-14.2766,-19.80686,0.8616629152028539,0.05267443845749857,0.06113114250147099
-10.205,-14.2766,-19.80821,0.9173829090663809,0.12568977899768546,0.1370090697739287
-10.105,-14.1766,-19.80658,1.2208311140681558,0.44922067607963445,0.3679629974228816
-10.005,-14.1766,-19.80524,0.7967142833179095,0.054878795436567686,0.06888140025308123
-9.905,-14.1766,-19.80389,0.827500111546698,0.08055011823002983,0.09734151948266435
-9.805,-14.1766,-19.80254,0.8324941093009777,0.050455170740904866,0.06060724055245349
-9.705,-14.1766,-19.80119,0.8837671389580848,0.05547847803826194,0.06277499534964398
-9.605,-14.1766,-19.79985,1.1472145712151796,0.185615437058491,0.1617966174033852
-9.505,-14.1766,-19.7985,1.9426251015460931,0.7980142731824774,0.41079170270545523
-9.405,-14.0766,-19.79687,1.3398104241117468,0.11310797762328792,0.08442088193057241
-9.505,-14.0766,-19.79822,1.007350774264374,0.1001371260984369,0.09940641200336879
-9.605,-14.0766,-19.79957,0.8132710992224339,0.05294635639307561,0.06510296067780776
-9.705,-14.0766,-19.80092,0.7856742027129997,0.0369998087488618,0.047093068120473244
-9.805,-14.0766,-19.80226,0.8149956133821543,0.02758774909984332,0.03385018108914327
-9.905,-14.0766,-19.80361,0.7616182224067061,0.04837053714087193,0.06351021511541768
-10.005,-14.0766,-19.80496,1.0965184862190274,0.10538860134865653,0.09611201513989374
-9.905,-13.9766,-19.80333,1.0778013214253268,0.0869969333685734,0.08071704092320581
-9.805,-13.9766,-19.80199,0.8229436291035274,0.05031280740533567,0.0611376109201354
-9.705,-13.9766,-19.80064,0.8435172213725288,0.06766667644892296,0.08021967392535169
-9.605,-13.9766,-19.79929,0.7987168979438858,0.04248393371651298,0.0531902277588945
-9.505,-13.9766,-19.79795,0.9150571768406589,0.062312933064720334,0.06809731090232303
-9.405,-13.9766,-19.7966,1.0361757287086237,0.08573935358896388,0.08274595825152173
-9.305,-13.9766,-19.79525,1.7061063082186234,0.30199265844182605,0.1770069408846756
-9.205,-13.8766,-19.79363,1.4679579060698305,0.19331043625670594,0.1316866345127407
-9.305,-13.8766,-19.79497,0.9131680746548467,0.07652540305930777,0.08380210082161747
-9.405,-13.8766,-19.79632,0.8534458301716856,0.0745154468253909,0.08731127880770219
-9.505,-13.8766,-19.79767,0.880170263036006,0.05912415647249804,0.06717354466005106
-9.605,-13.8766,-19.79902,0.9125840964040123,0.08587195771381208,0.09409758295392812
-9.705,-13.8766,-19.80036,0.7940264794661258,0.0639559217055418,0.08054633360406747
-9.805,-13.8766,-19.80171,0.6266073082595913,0.09901538504010694,0.15801824162428502
-9.705,-13.7766,-19.80009,0.7455450263048296,0.4339606644281887,0.5820717047487297
-9.605,-13.7766,-19.79874,0.7966767834905639,0.052661690659599365,0.06610170115522528
-9.505,-13.7766,-19.79739,0.8395596687306007,0.036641723712974965,0.043643978001440445
-9.405,-13.7766,-19.79604,0.8674568160918007,0.03683642174601146,0.04246484788945754
-9.305,-13.7766,-19.7947,0.8565645253640468,0.0463981503518325,0.05416772347899058
-9.205,-13.7766,-19.79335,1.0146646711227558,0.08943699426885218,0.08814438583920298
-9.105,-13.7766,-19.792,1.5903443261208767,0.21580952870383904,0.1356998765356906
-9.005,-13.6766,-19.79038,1.7200943879631603,0.23214065481494797,0.13495809092769379
-9.105,-13.6766,-19.79173,1.1537157841891303,0.07562468399619048,0.0655487989612121
-9.205,-13.6766,-19.79307,0.9016477835757476,0.059011164682977964,0.06544813369246244
-9.305,-13.6766,-19.79442,0.8580110932266146,0.07127317645757002,0.08306789623143673
-9.405,-13.6766,-19.79577,0.8068134008415162,0.03806889949606643,0.047184267708444236
-9.505,-13.6766,-19.79712,0.8583528134004492,0.05566776151711606,0.06485417260599723
-9.405,-13.5766,-19.79549,0.7821050382229335,0.07254120127520541,0.092751226152475
-9.305,-13.5766,-19.79414,0.8029252827048449,0.035464895721521075,0.04416960891061885
-9.205,-13.5766,-19.7928,0.8767424827195726,0.042695507459740926,0.04869788826395578
-9.105,-13.5766,-19.79145,1.0911271558274405,0.08350102675173886,0.07652731059416908
-9.005,-13.5766,-19.7901,1.1884398796356634,0.1156257713830488,0.09729206614851721
-8.905,-13.4766,-19.78848,1.077614159721626,0.09012887604777207,0.08363742739892593
-9.005,-13.4766,-19.78983,0.932235784552369,0.06663165650115829,0.0714751113455195
-9.105,-13.4766,-19.79117,0.9726666086141694,0.08066658069762161,0.08293343267181065
-9.205,-13.4766,-19.79252,0.8005295762423283,0.04423003652890442,0.055250971159016296
-9.305,-13.4766,-19.79387,0.39954155703262806,0.13251807641434832,0.33167532658818366
-9.205,-13.3766,-19.79224,0.19616681420862672,0.1223152221489638,0.6235265768188472
-9.105,-13.3766,-19.7909,0.8253818695394803,0.07037621157050494,0.08526503206300275
-9.005,-13.3766,-19.78955,0.9077224152734817,0.05507653870324216,0.06067553007011346
-8.905,-13.3766,-19.7882,0.8847365251039354,0.053775102992271416,0.06078092343475265
-8.805,-13.3766,-19.78685,1.1297022876595322,0.05439836113217936,0.048152829047447096
-8.705,-13.2766,-19.78523,1.2704031665237607,0.06522920707744331,0.05134528061350146
-8.805,-13.2766,-19.78658,0.9277038593399627,0.07220079879144271,0.07782742096471575
-8.905,-13.2766,-19.78792,0.9578886593111889,0.06092493346960014,0.0636033560658405
-9.005,-13.2766,-19.78927,0.8214951602211029,0.09445753812528455,0.11498246453437608
-9.105,-13.2766,-19.79062,0.19661336771836527,0.14852060404387243,0.7553942326882762
-9.005,-13.1766,-19.789,0.17253789792383342,0.15507235306542191,0.8987727040344398
-8.905,-13.1766,-19.78765,0.46385921738200125,0.11688642089727899,0.25198684539886956
-8.805,-13.1766,-19.7863,0.9868580672565275,0.09307447818921637,0.09431394572064865
-8.705,-13.1766,-19.78495,0.8978539440338837,0.04275997956307268,0.04762464969631963
-8.605,-13.1766,-19.78361,1.1494847784806659,0.07950973598082084,0.06916989025806242
-8.405,-13.0766,-19.78063,1.4109001145320677,0.16381919207394438,0.11610970215866477
-8.505,-13.0766,-19.78198,1.0175431200340121,0.09448765120703986,0.09285862126794346
-8.605,-13.0766,-19.78333,0.9519799331040723,0.07397615020675172,0.07770767810781627
-8.705,-13.0766,-19.78468,0.9035829953692099,0.04698788655308031,0.05200173840575735
-8.805,-13.0766,-19.78602,0.17111910854772833,0.08154224603447675,0.47652332183423624
-8.905,-13.0766,-19.78737,0.2720897527765303,0.1361980842768767,0.5005630784954161
-8.805,-12.9766,-19.78575,0.30365870681557317,0.11716513667992741,0.3858448121202319
-8.705,-12.9766,-19.7844,0.13556902204504395,0.08879193457939458,0.654957402804696
-8.605,-12.9766,-19.78305,0.3189125071222757,0.0866061336239552,0.27156706522880003
-8.505,-12.9766,-19.78171,0.9192025273086702,0.07371428320431245,0.08019373425804238
-8.405,-12.9766,-19.78036,1.0028861533808278,0.06839334742980123,0.06819652180782489
-8.305,-12.9766,-19.77901,1.1718861645639902,0.05732010918129157,0.04891269383884055
-8.205,-12.8766,-19.77739,1.2076625581036828,0.07645572528967057,0.06330884796968801
-8.305,-12.8766,-19.77873,0.9387706700111262,0.04691368835840265,0.04997353438603555
-8.405,-12.8766,-19.78008,0.89179313660526,0.06861346917298712,0.07693877240878333
-8.505,-12.8766,-19.78143,0.2909455148874843,0.18506920767929672,0.6360957574852716
-8.605,-12.8766,-19.78278,0.14901780412198243,0.08797936243230117,0.5903949729408398
-8.705,-12.8766,-19.78412,0.53729357971144,0.2794358823435105,0.5200804418574757
-8.605,-12.7766,-19.7825,0.560205929440515,0.28212221564417966,0.5036044797418314
-8.505,-12.7766,-19.78115,0.20034551610081164,0.11838966315754802,0.5909274410612497
-8.405,-12.7766,-19.7798,0.24700429882593414,0.09563836972302707,0.3871931386523122
-8.305,-12.7766,-19.77846,0.9453083904609608,0.05451751886724124,0.057671675632390035
-8.205,-12.7766,-19.77711,1.039236826508264,0.1119733210954392,0.10774572093606305
-8.105,-12.7766,-19.77576,1.1685085187061208,0.10121600456921553,0.08661982599946394
-8.005,-12.6766,-19.77414,1.3127700811261374,0.13761097191286262,0.10482488433527934
-8.105,-12.6766,-19.77549,0.9603055844972637,0.049873850451875465,0.05193539562511789
-8.205,-12.6766,-19.77683,0.8843162222616886,0.045758692411713126,0.05174471671986599
-8.305,-12.6766,-19.77818,0.26211588471560676,0.10808894153115778,0.4123708170087946
-8.405,-12.6766,-19.77953,0.18960433588160344,0.1601574409748684,0.8446929245060996
-8.505,-12.6766,-19.78088,0.5043776176440409,0.2505785020401072,0.49680733893499274
-8.405,-12.5766,-19.77925,1.2274263468422508,0.38397868609685776,0.31283236430821604
-8.305,-12.5766,-19.7779,0.2534155533449036,0.18706883952624492,0.7381900481524135
-8.205,-12.5766,-19.77656,0.16681817105861135,0.09468005912398464,0.5675644237264711
-8.105,-12.5766,-19.77521,0.9464643568448639,0.05520663001922074,0.05832932811464524
-8.005,-12.5766,-19.77386,1.0849732342455907,0.150960676218164,0.13913769616918778
-7.905,-12.5766,-19.77252,1.320735922028224,0.1518653347454411,0.11498538974560862
-7.905,-12.4766,-19.77224,1.0450841630364707,0.052110701832680364,0.04986268443803969
-8.005,-12.4766,-19.77359,0.9511148455388583,0.053118875495150146,0.055849065698323125
-8.105,-12.4766,-19.77493,0.23300047187770562,0.1162128835634609,0.49876673050025955
-8.205,-12.4766,-19.77628,0.1255020575097404,0.08738540717084624,0.6962866498349172
-8.305,-12.4766,-19.77763,0.40363251290825247,0.21011178141190973,0.5205521723163791
-8.205,-12.3766,-19.776,0.20219534888716387,0.1682494314862696,0.832113262803894
-8.105,-12.3766,-19.77466,0.16615494396761826,0.07459301299978338,0.4489364638726653
-8.005,-12.3766,-19.77331,0.25511852191885404,0.1811403487183927,0.710024295201931
-7.905,-12.3766,-19.77196,0.9995162453996963,0.04315461335111572,0.0431754996977149
-7.805,-12.3766,-19.77061,1.2029455180455237,0.1243905594746954,0.10340498186218607
-7.705,-12.2766,-19.76899,1.0634440524742597,0.10232207692693863,0.09621763993025417
-7.805,-12.2766,-19.77034,0.9114799951639625,0.055566392766004453,0.06096282207050396
-7.905,-12.2766,-19.77169,0.20911778948404902,0.06903862766274356,0.3301422984294201
-8.005,-12.2766,-19.77303,0.14903969570349676,0.09229643755209745,0.6192741948139391
-8.105,-12.2766,-19.77438,0.24658169833319646,0.21231762799205384,0.8610437409882591
-8.005,-12.1766,-19.77276,0.19289736818594352,0.07512601893333759,0.38946108824522596
-7.905,-12.1766,-19.77141,0.21972403438500138,0.12719751116855924,0.5788966670149667
-7.805,-12.1766,-19.77006,0.2799254088388444,0.20020103326325783,0.715194215822385
-7.705,-12.1766,-19.76871,0.5272858805335077,0.11767370566317079,0.22316870223057855
-7.605,-12.1766,-19.76737,1.1220006392230524,0.10746281314850994,0.09577785376568441
-7.605,-12.0766,-19.76709,0.3673674769984687,0.05246647163187756,0.14281741013262383
-7.705,-12.0766,-19.76844,0.225464759187905,0.07851461067650681,0.3482345132751846
-7.805,-12.0766,-19.76978,0.16691840742862707,0.0994730821232421,0.5959383608771607
-7.905,-12.0766,-19.77113,0.28693500035377834,0.1824584071397598,0.6358875944544812
-7.905,-11.9766,-19.77085,0.32440375621909306,0.2410003359528275,0.7429024212347983
-7.805,-11.9766,-19.76951,0.15394651426382672,0.070225815010626,0.45617021825045095
-7.705,-11.9766,-19.76816,0.20483431273134736,0.08119007750245844,0.39636951651232455
-7.605,-11.9766,-19.76681,0.22012547428790766,0.10967501150150663,0.4982386153001988
-7.505,-11.9766,-19.76547,0.3961659969540535,0.09517059453381148,0.2402290839333421
-7.405,-11.8766,-19.76384,0.41420382187932336,0.08647181881970041,0.20876634703021554
-7.505,-11.8766,-19.76519,0.22058444633216528,0.12833765666360952,0.5818073703635175
-7.605,-11.8766,-19.76654,0.20942524102535848,0.1011521433917193,0.4829988156941941
-7.705,-11.8766,-19.76788,0.16299363150119514,0.16624508490796205,1.0199483463054388
-7.805,-11.8766,-19.76923,0.18373281491956484,0.07659616097796305,0.4168888448777948
-7.705,-11.7766,-19.76761,0.14975188907034626,0.0695131467276129,0.46418878024943616
-7.605,-11.7766,-19.76626,0.15089116183520462,0.08091333436401112,0.5362364062938318
-7.505,-11.7766,-19.76491,0.13914448335238142,0.05300335322128122,0.3809231379087519
-7.405,-11.7766,-19.76357,0.13391629835888774,0.056358790745404216,0.4208508705517382
-7.305,-11.7766,-19.76222,0.21953694846332902,0.06425311882242198,0.29267564877879626
-7.205,-11.6766,-19.76059,0.3271077594260564,0.06783235069034535,0.2073700446891387
-7.305,-11.6766,-19.76194,0.1459544902153186,0.06381977563662311,0.437258049015644
-7.405,-11.6766,-19.76329,0.1496793399424022,0.05225361997436683,0.34910375736874866
-7.505,-11.6766,-19.76464,0.14744611147914802,0.06371115503367444,0.4320978993242866
-7.605,-11.6766,-19.76598,0.11415716798988233,0.0744249376254459,0.6519515062956198
-7.705,-11.6766,-19.76733,0.11920651720902749,0.0611277634392305,0.5127887708693272
-7.605,-11.5766,-19.76571,0.2342534922624401,0.21091526439833494,0.9003719106225372
-7.505,-11.5766,-19.76436,0.16378184455200778,0.1050022374794622,0.6411103609601825
-7.405,-11.5766,-19.76301,0.1790345644857728,0.07055368879267002,0.394078590328722
-7.305,-11.5766,-19.76166,0.1601170247714248,0.06811646142317611,0.4254167320459259
-7.205,-11.5766,-19.76032,0.14996608122201915,0.04784135599585015,0.3190145105213679
-7.105,-11.5766,-19.75897,0.33374377848844566,0.04069820605677793,0.12194446362746779
-7.005,-11.4766,-19.75735,0.49004808849296405,0.11921731147570325,0.243276760536563
-7.105,-11.4766,-19.75869,0.16033181663029442,0.04958149759905326,0.30924303510751167
-7.205,-11.4766,-19.76004,0.12738122438664376,0.05564062160417903,0.43680394714445125
-7.305,-11.4766,-19.76139,0.18864902004894474,0.11607230687715796,0.6152817907405146
-7.405,-11.4766,-19.76274,0.18411626558476618,0.14722507437933685,0.7996310044185378
-7.505,-11.4766,-19.76408,0.15671878578110374,0.06899270654839586,0.44023252352631875
-7.605,-11.4766,-19.76543,0.16206503204150888,0.08005585744631001,0.4939736625344678
-7.605,-11.3766,-19.76515,0.30723843190247857,0.2281051248409625,0.7424368215541667
-7.505,-11.3766,-19.76381,0.27334754240919,0.16021076653552777,0.5861064823319276
-7.405,-11.3766,-19.76246,0.11837888510809028,0.06128278506168957,0.517683411241228
-7.305,-11.3766,-19.76111,0.1446426225673665,0.05937332449732224,0.41048290914159435
-7.205,-11.3766,-19.75976,0.1259144531140312,0.04346206992377298,0.3451714147891558
-7.105,-11.3766,-19.75842,0.13998263670662728,0.04453743983768318,0.3181640300934167
-7.005,-11.3766,-19.75707,0.21494960305161626,0.09775917441272175,0.4548004417074762
-6.905,-11.2766,-19.75545,0.4279138085571585,0.15645711031176748,0.36562762683286665
-7.005,-11.2766,-19.75679,0.173109531073753,0.05084831923537082,0.29373494873431893
-7.105,-11.2766,-19.75814,0.13539523990474173,0.049089942945022745,0.36256771640982594
-7.205,-11.2766,-19.75949,0.11933145762062465,0.05066060322966168,0.42453686764407506
-7.305,-11.2766,-19.76083,0.12711522874851885,0.06551470604606932,0.5153962014707282
-7.405,-11.2766,-19.76218,0.17285847045440123,0.12512307076043494,0.7238469161014673
-7.505,-11.2766,-19.76353,0.12056862606423706,0.05440585074297491,0.4512438477484875
-7.505,-11.1766,-19.76325,0.32219049835448443,0.24255009034150182,0.7528157769402632
-7.405,-11.1766,-19.7619,0.12679627810193772,0.04346031441878672,0.34275701991699514
-7.305,-11.1766,-19.76056,0.1335821062560029,0.05823526749568245,0.4359511099793389
-7.205,-11.1766,-19.75921,0.13652457333346418,0.03777952230619126,0.27672324024711636
-7.105,-11.1766,-19.75786,0.10873242617304928,0.03563782497097013,0.32775710269034186
-7.005,-11.1766,-19.75652,0.13110227913228462,0.04154723615566458,0.31690704715928436
-6.905,-11.1766,-19.75517,0.1778718039394984,0.04781838649275631,0.26883623729942796
-6.805,-11.0766,-19.75354,0.6165055604525843,0.20632376284328544,0.3346665076172559
-6.905,-11.0766,-19.75489,0.17189539322520136,0.05420813303672017,0.3153553566482245
-7.005,-11.0766,-19.75624,0.12041582690233987,0.03830622035041857,0.3181161591115912
-7.105,-11.0766,-19.75759,0.12553113404253052,0.04036521525382775,0.3215554098328454
-7.205,-11.0766,-19.75893,0.14352564138526522,0.05779288154159827,0.40266589986151047
-7.305,-11.0766,-19.76028,0.11717038705933178,0.0520482096775138,0.44420959069767396
-7.405,-11.0766,-19.76163,0.14328502276726246,0.09807862393258122,0.6845001803984085
-7.405,-10.9766,-19.76135,0.24331694712816687,0.1432501640250081,0.5887389502283672
-7.305,-10.9766,-19.76,0.14817672769987694,0.06972292221152433,0.47053895232957177
-7.205,-10.9766,-19.75866,0.18835909928579683,0.06671452402076862,0.35418795414572896
-7.105,-10.9766,-19.75731,0.11868249738709565,0.04069055823560278,0.34285222447658964
-7.005,-10.9766,-19.75596,0.11776480163492768,0.037188385208438486,0.3157852320230873
-6.905,-10.9766,-19.75462,0.14518584341734425,0.038044093236682,0.2620372092843947
-6.805,-10.9766,-19.75327,0.24681767703649382,0.040966535542256995,0.16597893649327147
-6.805,-10.8766,-19.75299,0.1591416072649868,0.04439098905928439,0.2789401830369158
-6.905,-10.8766,-19.75434,0.11253739450807124,0.037142970457840443,0.3300500302161921
-7.005,-10.8766,-19.75569,0.12707405934787736,0.03997033581484629,0.3145436292817536
-7.105,-10.8766,-19.75703,0.18038567899842478,0.07067446720594396,0.3917964419257536
-7.205,-10.8766,-19.75838,0.14662162722750055,0.050079203343729645,0.3415540005297167
-7.305,-10.8766,-19.75973,0.2941804391377154,0.1204501400347369,0.40944306286234855
-7.305,-10.7766,-19.75945,0.16639336197488852,0.10779566590938203,0.6478363357166265
-7.205,-10.7766,-19.7581,0.10950237150447857,0.053357844049283454,0.48727569381546365
-7.105,-10.7766,-19.75676,0.14053427451593598,0.08713336218540639,0.6200150282593578
-7.005,-10.7766,-19.75541,0.10697314369850641,0.04162447024296869,0.38911140501099306
-6.905,-10.7766,-19.75406,0.11389348901993998,0.03068105174565076,0.2693837199093906
-6.805,-10.7766,-19.75271,0.1477584860560836,0.037980380379652616,0.2570436486824634
-6.705,-10.7766,-19.75137,0.4125847351052956,0.21853876088882268,0.5296821290129639
-6.705,-10.6766,-19.75109,0.1702225691551146,0.07577118488868304,0.44513007449462744
-6.805,-10.6766,-19.75244,0.11850064484528389,0.05459023397156778,0.46067457306111337
-6.905,-10.6766,-19.75379,0.11043641745270412,0.04342672650828243,0.39322831643719797
-7.005,-10.6766,-19.75513,0.13369813361720875,0.06267229608666698,0.46875969313157423
-7.105,-10.6766,-19.75648,0.14977948682685216,0.06240896269080563,0.416672296139935
-7.205,-10.6766,-19.75783,0.11231845037802116,0.03300513971982224,0.2938532325609862
-7.205,-10.5766,-19.75755,0.12866973885493754,0.061036738590544024,0.47436747081112
-7.105,-10.5766,-19.7562,0.10685464581660369,0.039952232106331864,0.37389326220689095
-7.005,-10.5766,-19.75486,0.15484086128337232,0.09475786013160278,0.6119693428867437
-6.905,-10.5766,-19.75351,0.1570965736912627,0.05463827865448961,0.34780057496268896
-6.805,-10.5766,-19.75216,0.121283803450751,0.03696313057269893,0.3047655954136393
-6.705,-10.5766,-19.75081,0.1817932251501942,0.05142804729809513,0.28289309051867156
-6.605,-10.5766,-19.74947,0.35122959220707883,0.219770418297779,0.6257172606578268
-6.605,-10.4766,-19.74919,0.8221395045261124,0.30951576179392054,0.3764759631302814
-6.705,-10.4766,-19.75054,0.15690094035561247,0.05693542034163697,0.3628749465273701
-6.805,-10.4766,-19.75188,0.14774467459576984,0.05871673618836322,0.39742032224858526
-6.905,-10.4766,-19.75323,0.1607539807011254,0.0659352382547495,0.41016239826332285
-7.005,-10.4766,-19.75458,0.14285538214123766,0.09247842107978464,0.6473569262399471
-7.105,-10.4766,-19.75593,0.1125707945581095,0.045010174363409594,0.399838826225706
-7.205,-10.4766,-19.75727,0.17436299963014115,0.1101415711018873,0.6316797218189618
-7.105,-10.3766,-19.75565,0.1137607127619229,0.05168786282221281,0.45435600364411016
-7.005,-10.3766,-19.7543,0.1079748027238772,0.047054357235833476,0.43579016630542106
-6.905,-10.3766,-19.75296,0.12836225868427745,0.0460144165715425,0.35847309827042345
-6.805,-10.3766,-19.75161,0.18751862852977225,0.1266865502315436,0.6755944794649009
-6.705,-10.3766,-19.75026,0.1390404496492869,0.061850652000996736,0.44483926912641386
-6.605,-10.3766,-19.74891,0.41009093435259664,0.14221752208302565,0.34679508901493267
-6.605,-10.2766,-19.74864,0.16336287745883799,0.062019429521985414,0.3796421224131061
-6.705,-10.2766,-19.74998,0.13015639540425833,0.044411854267502146,0.34121914739234643
-6.805,-10.2766,-19.75133,0.12922163295334546,0.05023346176241294,0.38873879407288847
-6.905,-10.2766,-19.75268,0.1320774615543652,0.062024208817284245,0.4696047916680628
-7.005,-10.2766,-19.75403,0.11166173902627304,0.04667407672686643,0.41799525185510883
-7.105,-10.2766,-19.75537,0.12582160635224987,0.05085227301365877,0.4041616896170668
-7.105,-10.1766,-19.7551,0.14300911264208632,0.05264669974533892,0.36813528014189956
-7.005,-10.1766,-19.75375,0.11650978799855138,0.039388517538959174,0.3380704592771975
-6.905,-10.1766,-19.7524,0.1695858202732319,0.0842050112470896,0.4965333252003077
-6.805,-10.1766,-19.75105,0.14821584882695282,0.058612083427778836,0.39545085017332043
-6.705,-10.1766,-19.74971,0.12900082551510267,0.05276588829004083,0.4090352761646731
-6.605,-10.1766,-19.74836,0.11471580197710365,0.030702053733706675,0.2676357851713799
-6.605,-10.0766,-19.74808,0.17205650220590177,0.0508692775705407,0.29565449092801455
-6.705,-10.0766,-19.74943,0.11395500391374107,0.04511301631016336,0.39588446984137643
-6.805,-10.0766,-19.75078,0.12670462271518593,0.06776376751379513,0.5348168524688992
-6.905,-10.0766,-19.75212,0.15683293086829772,0.07060508163002446,0.4501929616383685
-7.005,-10.0766,-19.75347,0.12733582258281423,0.04784634890118995,0.375749321209847
-7.005,-9.9766,-19.7532,0.13019586692393115,0.06084280265116852,0.4673174662811441
-6.905,-9.9766,-19.75185,0.18401844310063026,0.16534123030694478,0.8985035821465359
-6.805,-9.9766,-19.7505,0.14012920890786904,0.04609428767257026,0.32894132516566155
-6.705,-9.9766,-19.74915,0.13867332501709193,0.0617709569736674,0.445442243243637
-6.605,-9.9766,-19.74781,0.1407946939821036,0.05885476159385168,0.41801832106920667
-6.605,-9.8766,-19.74753,0.17711297313834376,0.062202353045917556,0.3512015632944686
-6.705,-9.8766,-19.74888,0.12500602922316476,0.05487672556198537,0.4389926302196007
-6.805,-9.8766,-19.75022,0.10805687668975743,0.04858849922411902,0.44965670591814044
-6.905,-9.8766,-19.75157,0.11475793918487606,0.04527282776130159,0.39450715203561354
-7.005,-9.8766,-19.75292,0.2041369406409424,0.06538433294024824,0.3202964281474812
-7.005,-9.7766,-19.75264,0.17854335312389638,0.04046523021992736,0.22664092228539792
-6.905,-9.7766,-19.75129,0.14025453054725695,0.04830400583967722,0.3444024635154428
-6.805,-9.7766,-19.74995,0.0946082380228911,0.03512546677698668,0.3712728141970875
-6.705,-9.7766,-19.7486,0.12759255571892386,0.04591261448128853,0.35983772111619367
-6.605,-9.7766,-19.74725,0.2619726939364918,0.07437777818346744,0.2839142395561971
-6.605,-9.6766,-19.74698,0.15874296988529618,0.06977947149017866,0.43957519215244373
-6.705,-9.6766,-19.74832,0.1440280460004553,0.047218437795955595,0.327841966250145
-6.805,-9.6766,-19.74967,0.10717025797772133,0.05359858663016998,0.500125572538158
-6.905,-9.6766,-19.75102,0.13533669786885102,0.04785684766512001,0.35361323586819016
-7.005,-9.6766,-19.75237,0.18305000867350424,0.13319758716401298,0.72765681973602
-7.005,-9.5766,-19.75209,0.1873967202456917,0.028237875181982664,0.15068500209054145
-6.905,-9.5766,-19.75074,0.1623026288663398,0.05194212046190881,0.3200325270435664
-6.805,-9.5766,-19.74939,0.16334806992083833,0.051844367180058804,0.3173858571159341
-6.705,-9.5766,-19.74805,0.12570871700044933,0.04328435601807277,0.3443226297339273
-6.605,-9.5766,-19.7467,0.17367268683389436,0.043375865992802284,0.24975640547490482
-6.605,-9.4766,-19.74642,0.1847629178071259,0.05528670571728695,0.29923052944531203
-6.705,-9.4766,-19.74777,0.159438053560795,0.08102582478397227,0.5081962741916972
-6.805,-9.4766,-19.74912,0.27726947597567764,0.24408815400918107,0.8803282552118818
-6.905,-9.4766,-19.75046,0.16169927894720604,0.07238042353786356,0.44762366294468997
-7.005,-9.4766,-19.75181,0.35013244508651004,0.18324083174211256,0.5233471913659352
-7.005,-9.3766,-19.75154,0.21536652106024526,0.13447649611832788,0.6244076166355971
-6.905,-9.3766,-19.75019,0.23620469855775555,0.12472084340690402,0.5280201628859975
-6.805,-9.3766,-19.74884,0.1390888387729085,0.05212618784434334,0.374769020319813
-6.705,-9.3766,-19.74749,0.14199904341423508,0.059264632902832605,0.4173593812878563
-6.605,-9.3766,-19.74615,0.15951255366072448,0.04946787074686471,0.3101189819334251
-6.605,-9.2766,-19.74587,0.17751551698100348,0.07393468042110476,0.4164970008172117
-6.705,-9.2766,-19.74722,0.15406464542008633,0.0684398268254118,0.44422798390115853
-6.805,-9.2766,-19.74856,0.13676390703171137,0.07706161943364856,0.5634645946154516
-6.905,-9.2766,-19.74991,0.15591495830947136,0.06537486812006954,0.4192982432789338
-7.005,-9.2766,-19.75126,0.2687891890244545,0.07130011210627592,0.265264062014745
-7.005,-9.1766,-19.75098,0.23901678864165418,0.06420765746133363,0.26863241626761597
-6.905,-9.1766,-19.74963,0.14434342495336974,0.06969135803739257,0.4828162977281883
-6.805,-9.1766,-19.74829,0.12858878351861794,0.0554455839681516,0.431185228221121
-6.705,-9.1766,-19.74694,0.14970323453042372,0.06354623771523583,0.42448139423681946
-6.605,-9.1766,-19.74559,0.1793780737349224,0.06472699575697019,0.36084117980116737
-6.605,-9.0766,-19.74532,0.3368196207398816,0.1348606347342172,0.4003942360542206
-6.705,-9.0766,-19.74666,0.16792907291622783,0.0641056171388477,0.38174222024572885
-6.805,-9.0766,-19.74801,0.13440267873678832,0.052019597968105645,0.3870428659385565
-6.905,-9.0766,-19.74936,0.11679314800686195,0.05612810165357428,0.48057700825288635
-7.005,-9.0766,-19.75071,0.14681967180628736,0.08971177993297365,0.6110337860674325
-7.005,-8.9766,-19.75043,0.1523470658279366,0.05615906767828077,0.36862585684261084
-6.905,-8.9766,-19.74908,0.11849521145570578,0.05856781335739476,0.4942631236983594
-6.805,-8.9766,-19.74773,0.15430501552746215,0.07056181618534449,0.4572878978958813
-6.705,-8.9766,-19.74639,0.1906924348046154,0.08725964264611678,0.45759362575407636
-6.605,-8.9766,-19.74504,0.3773654210340634,0.15516006344310085,0.4111666167449272
-6.605,-8.8766,-19.74476,0.250058908003559,0.1094448708327656,0.4376763527704756
-6.705,-8.8766,-19.74611,0.15897317570329722,0.059747978372607,0.37583685491770535
-6.805,-8.8766,-19.74746,0.12170580335150367,0.048670484341518126,0.3999027408820502
-6.905,-8.8766,-19.7488,0.1164708463768338,0.04802831177409379,0.4123633790614119
-7.005,-8.8766,-19.75015,0.12611839068282074,0.07306193184867174,0.5793122751813221
-7.005,-8.7766,-19.74988,0.1311599873241056,0.061824074466838984,0.4713638338044919
-6.905,-8.7766,-19.74853,0.0956639112763477,0.04198972012453353,0.4389295771446805
-6.805,-8.7766,-19.74718,0.11734982840227233,0.045403787431871206,0.38690970451382456
-6.705,-8.7766,-19.74583,0.13103227299021744,0.05072619550011646,0.38712749418537185
-6.605,-8.7766,-19.74449,0.22224419962366287,0.13018418346851487,0.5857708938589273
-6.605,-8.6766,-19.74421,0.25783955197891656,0.09214380370886002,0.3573687706236574
-6.705,-8.6766,-19.74556,0.16216710924783234,0.05541473444133505,0.34171377104988243
-6.805,-8.6766,-19.7469,0.12635965423279671,0.04551573274526315,0.36020779750954335
-6.905,-8.6766,-19.74825,0.11283146515214001,0.046192145864979384,0.40939064118944735
-7.005,-8.6766,-19.7496,0.12263349043222216,0.04099751961010998,0.33430932664163826
-7.005,-8.5766,-19.74932,0.127177315472835,0.03623835157386183,0.2849435171605137
-6.905,-8.5766,-19.74797,0.12805149656095494,0.05149233852229918,0.402122114190113
-6.805,-8.5766,-19.74663,0.1453460427924769,0.058873925454516626,0.40506039465123944
-6.705,-8.5766,-19.74528,0.16445497874058837,0.07054242334671162,0.4289467177396033
-6.605,-8.5766,-19.74393,0.264431674390324,0.09417292611772236,0.3561333048881088
-6.605,-8.4766,-19.74366,0.6086811077130966,0.19708234344441214,0.3237858723509247
-6.705,-8.4766,-19.745,0.18133883679966506,0.05552409343252276,0.3061897518062458
-6.805,-8.4766,-19.74635,0.13499561877895422,0.052424504281496,0.38834226440590947
-6.905,-8.4766,-19.7477,0.11566683720424513,0.04856107298250141,0.41983574684204433
-7.005,-8.4766,-19.74905,0.10131478672524337,0.03292720464199757,0.32499900267562326
-7.105,-8.4766,-19.75039,0.12031061283731685,0.04618171987914952,0.3838540822794753
-7.105,-8.3766,-19.75012,0.1168490117086638,0.059987978009715046,0.5133802770988025
-7.005,-8.3766,-19.74877,0.09487221931927255,0.04391754432444016,0.46291258536542584
-6.905,-8.3766,-19.74742,0.13116377424773418,0.04774780170496337,0.3640319286236779
-6.805,-8.3766,-19.74607,0.1274756285764945,0.05361216597989634,0.4205679672152015
-6.705,-8.3766,-19.74473,0.15989831146144282,0.07256452946994736,0.4538167339399657
-6.605,-8.3766,-19.74338,0.5229872173411403,0.11621993348659586,0.22222327742053885
-6.605,-8.2766,-19.7431,0.646605945827292,0.33109908348789774,0.5120569732223497
-6.705,-8.2766,-19.74445,0.17640702461145058,0.06642872207046016,0.3765650614921616
-6.805,-8.2766,-19.7458,0.12853733074446155,0.049824544337805324,0.3876270344905398
-6.905,-8.2766,-19.74714,0.1289204201314516,0.06137750435637297,0.47608830543517
-7.005,-8.2766,-19.74849,0.10499754643016053,0.03921009182504183,0.37343817220645775
-7.105,-8.2766,-19.74984,0.12024112821222091,0.05757708857670085,0.47884687571360385
-7.105,-8.1766,-19.74956,0.11973152839259349,0.054766424677254864,0.45741021945095856
-7.005,-8.1766,-19.74822,0.10194184127061526,0.03242775508559952,0.3181005432255894
-6.905,-8.1766,-19.74687,0.11796282030763691,0.04258004455649357,0.3609615677672717
-6.805,-8.1766,-19.74552,0.13789528915100277,0.06043187870550282,0.43824469332905674
-6.705,-8.1766,-19.74417,0.19015598533406605,0.08996524490180789,0.4731128749050783
-6.605,-8.1766,-19.74283,0.5266946249808975,0.20617591437287855,0.39145247472452616
-6.705,-8.0766,-19.7439,0.21720836631615303,0.1573401840579976,0.7243744185662924
-6.805,-8.0766,-19.74524,0.13471283158234962,0.04820682807644736,0.3578488218991867
-6.905,-8.0766,-19.74659,0.11333452584331156,0.032854346836792815,0.28988824537206737
-7.005,-8.0766,-19.74794,0.11045609232814417,0.05001158250923439,0.45277341842457575
-7.105,-8.0766,-19.74929,0.09650182698339026,0.04472790404177287,0.4634928212236994
-7.205,-8.0766,-19.75063,0.2579563147548431,0.19784616379623016,0.7669754624315341
-7.205,-7.9766,-19.75036,0.17184853945241438,0.10975445765576633,0.6386697146539195
-7.105,-7.9766,-19.74901,0.11204672302145668,0.041768361344146576,0.3727762866937932
-7.005,-7.9766,-19.74766,0.11370065710377397,0.04800299661451274,0.4221875039007089
-6.905,-7.9766,-19.74631,0.12891590018827187,0.04027212894285195,0.3123907049792738
-6.805,-7.9766,-19.74497,0.13272943944359786,0.03895195578495307,0.29346884872142737
-6.705,-7.9766,-19.74362,0.1911289910867565,0.06681925458295643,0.34960292629089484
-6.705,-7.8766,-19.74334,0.2278337041418233,0.08210153760895578,0.36035729620516865
-6.805,-7.8766,-19.74469,0.1267390726047602,0.04084122461614579,0.32224651622243156
-6.905,-7.8766,-19.74604,0.12605365375356356,0.04638758153487214,0.3679987065314301
-7.005,-7.8766,-19.74739,0.11804835020782749,0.03617463639050767,0.3064391524898162
-7.105,-7.8766,-19.74873,0.1008766077748662,0.04762293986076729,0.47209101209123655
-7.205,-7.8766,-19.75008,0.14593762353087397,0.05623237538336254,0.38531787775389015
-7.205,-7.7766,-19.7498,0.11175315838063238,0.06333387524803367,0.5667300697875389
-7.105,-7.7766,-19.74846,0.12488614054624433,0.06590657294585406,0.5277332829534386
-7.005,-7.7766,-19.74711,0.1404034145267131,0.04578309018348718,0.32608245559994203
-6.905,-7.7766,-19.74576,0.13347832846338886,0.054043383370618404,0.4048850775460655
-6.805,-7.7766,-19.74441,0.15211456117870198,0.048592863815911644,0.3194491272852272
-6.705,-7.7766,-19.74307,0.2156898880650547,0.08684157756830592,0.4026223869248494
-6.805,-7.6766,-19.74414,0.15729599751984755,0.05384719555662726,0.3423303606300144
-6.905,-7.6766,-19.74548,0.14698322853616116,0.08252409762451168,0.5614524762205023
-7.005,-7.6766,-19.74683,0.13091947516669125,0.032231278320645346,0.24619162488703347
-7.105,-7.6766,-19.74818,0.12836967143171427,0.048021683238876185,0.3740890095245054
-7.205,-7.6766,-19.74953,0.10690822517976442,0.03577884560920059,0.3346687829588327
-7.205,-7.5766,-19.74925,0.10109029418836746,0.05626716653663896,0.5566030546097043
-7.105,-7.5766,-19.7479,0.12323821316462828,0.04477007374126896,0.36328077624318256
-7.005,-7.5766,-19.74656,0.16415761383333546,0.07222075976519726,0.43994767028303017
-6.905,-7.5766,-19.74521,0.15255283450282472,0.07700281291983176,0.5047616006007803
-6.805,-7.5766,-19.74386,0.1782665607731534,0.10021412912942798,0.5621588742992121
-6.805,-7.4766,-19.74358,0.4155840049452918,0.08617903023547527,0.20736849640500488
-6.905,-7.4766,-19.74493,0.17198305333423453,0.06695846334773209,0.38933175129530917
-7.005,-7.4766,-19.74628,0.12911311874769255,0.04896265344943834,0.37922291649634077
-7.105,-7.4766,-19.74763,0.11631224598717087,0.026894283186062802,0.23122486336502535
-7.205,-7.4766,-19.74897,0.1107502036249944,0.04088990528367773,0.36920839822681456
-7.305,-7.3766,-19.75004,0.15412750767335345,0.03415639447532529,0.22161128140548314
-7.205,-7.3766,-19.7487,0.11895822203111033,0.05977910015223023,0.5025218024576444
-7.105,-7.3766,-19.74735,0.12416568834006236,0.0400871089629006,0.3228517434954403
-7.005,-7.3766,-19.746,0.12017203350721242,0.034076510880778225,0.283564402517438
-6.905,-7.3766,-19.74465,0.20237655890541686,0.05047203452833152,0.24939664357036648
-6.805,-7.3766,-19.74331,1.127965326302057,0.3404031598735494,0.30178512755310805
-6.905,-7.2766,-19.74438,0.2704378432203436,0.06819397074760825,0.2521613467093291
-7.005,-7.2766,-19.74573,0.189976896891169,0.07662317334869527,0.4033289026327762
-7.105,-7.2766,-19.74707,0.13971925485677403,0.057583206531152314,0.41213508181231545
-7.205,-7.2766,-19.74842,0.1065842950637517,0.04688401807111605,0.4398773575701103
-7.305,-7.2766,-19.74977,0.13223122217861596,0.05586285995157198,0.42246346234411464
-7.305,-7.1766,-19.74949,0.11263109151620483,0.0380235751195242,0.3375939503707424
-7.205,-7.1766,-19.74814,0.1429128085261005,0.06764859749442537,0.47335573481554344
-7.105,-7.1766,-19.7468,0.1813411462446402,0.07442865790762693,0.4104344736368775
-7.005,-7.1766,-19.74545,0.17798658365931927,0.09577779926684635,0.5381180833841545
-6.905,-7.1766,-19.7441,0.5568393517942413,0.1494206224696137,0.26833703830045835
-6.905,-7.0766,-19.74382,0.8557791142885589,0.08766259523523683,0.10243600687557561
-7.005,-7.0766,-19.74517,0.1950362570799491,0.05362461461197326,0.27494690174448694
-7.105,-7.0766,-19.74652,0.16671669902514857,0.07697485650724867,0.46171053624110747
-7.205,-7.0766,-19.74787,0.13635588422211598,0.06421438583622739,0.47093226817865674
-7.305,-7.0766,-19.74921,0.11105470579749883,0.05123211369030228,0.4613232129372417
-7.405,-7.0766,-19.75056,0.13808202574348605,0.06587858637016725,0.4770974789474005
-7.405,-6.9766,-19.75028,0.15812240124394356,0.0771064055382309,0.48763745637327427
-7.305,-6.9766,-19.74894,0.12268149117155883,0.05669445929628304,0.46212724311445674
-7.205,-6.9766,-19.74759,0.1431169961322653,0.05134761677996941,0.3587807050709419
-7.105,-6.9766,-19.74624,0.16084021538790363,0.07855680801998013,0.4884152127658005
-7.005,-6.9766,-19.74489,0.31991666248243655,0.09821561375249169,0.3070037458829883
-7.005,-6.8766,-19.74462,1.2510722822431615,0.6144615844249229,0.4911479481610757
-7.105,-6.8766,-19.74597,0.158984667505149,0.07361371352286647,0.46302398009847306
-7.205,-6.8766,-19.74731,0.13095999579532902,0.06557406501132801,0.5007182889178655
-7.305,-6.8766,-19.74866,0.12825396148681628,0.04106973139283053,0.3202219324590005
-7.405,-6.8766,-19.75001,0.11556662427634079,0.05315180283116024,0.4599234698078974
-7.405,-6.7766,-19.74973,0.1230897550997623,0.06790184929006947,0.551645010870613
-7.305,-6.7766,-19.74838,0.1435232468804247,0.04070357840605782,0.2836026866084607
-7.205,-6.7766,-19.74704,0.1558788051046685,0.06405876650140672,0.41095238354177116
-7.105,-6.7766,-19.74569,0.4643092914226101,0.11750302875209108,0.2530705952320495
-7.105,-6.6766,-19.74541,1.3972569405577757,0.26719768080392625,0.19123016894606565
-7.205,-6.6766,-19.74676,0.15660096448006786,0.07914403813906025,0.5053866583888996
-7.305,-6.6766,-19.74811,0.1472431694508572,0.05538081071003656,0.37611802922050014
-7.405,-6.6766,-19.74945,0.10091174969531964,0.04899607116128298,0.48553385814055955
-7.505,-6.6766,-19.7508,0.1409435645003994,0.04627408190647649,0.32831638727531515
-7.505,-6.5766,-19.75052,0.12777435812498258,0.06155955547518275,0.4817833278799822
-7.405,-6.5766,-19.74918,0.13861192171932504,0.06891304535490149,0.49716535562102193
-7.305,-6.5766,-19.74783,0.1289313380434503,0.06459463038921283,0.501000232910359
-7.205,-6.5766,-19.74648,0.18274300525363588,0.04052037079396288,0.2217341820428264
-7.205,-6.4766,-19.74621,0.3018374526336995,0.08772123690119864,0.29062409630011815
-7.305,-6.4766,-19.74755,0.17566422749301364,0.09417691761205162,0.5361189295970754
-7.405,-6.4766,-19.7489,0.12355059676555727,0.04814799019622218,0.3897026113729351
-7.505,-6.4766,-19.75025,0.14039098696079524,0.05983795607721774,0.4262236299679817
-7.605,-6.3766,-19.75132,0.1673267737620372,0.09107444130984921,0.5442909061246242
-7.505,-6.3766,-19.74997,0.10626036288841056,0.042882746692431806,0.40356296107764256
-7.405,-6.3766,-19.74862,0.13848901776781766,0.04054527225245937,0.29276886287427595
-7.305,-6.3766,-19.74728,0.15401689191331658,0.07574541416182655,0.49179939434472814
-7.205,-6.3766,-19.74593,0.9273222184138705,0.4754131694895702,0.5126731141013057
-7.305,-6.2766,-19.747,0.16186117862353563,0.03954224088417117,0.24429725039961794
-7.405,-6.2766,-19.74835,0.17011367816066073,0.09274275625092757,0.5451810651189282
-7.505,-6.2766,-19.74969,0.10666302041771354,0.04678586382933418,0.4386324674297752
-7.605,-6.2766,-19.75104,0.10292661216433656,0.027798260485702594,0.27007845591302304
-7.605,-6.1766,-19.75077,0.1395337025260061,0.06624390280994559,0.4747519890228609
-7.505,-6.1766,-19.74942,0.1387360593448536,0.06404488348053719,0.46163112735775513
-7.405,-6.1766,-19.74807,0.1769146790769343,0.05106923655957468,0.28866590848216933
-7.305,-6.1766,-19.74672,0.4613683757337637,0.08814819655776424,0.19105816781996096
-7.305,-6.0766,-19.74645,0.41015457012709133,0.202149077752711,0.4928607224590297
-7.405,-6.0766,-19.74779,0.17334249341147617,0.07258732569905324,0.41875090331571047
-7.505,-6.0766,-19.74914,0.1351907777324701,0.05256495491660192,0.38882056748444077
-7.605,-6.0766,-19.75049,0.1220566695291394,0.05937927121539067,0.48648936141268917
-7.605,-5.9766,-19.75021,0.12697156963130218,0.04209048023796403,0.3314953131648733
-7.505,-5.9766,-19.74886,0.15087174793558483,0.05613746853854247,0.3720873477419413
-7.405,-5.9766,-19.74752,0.16847538154171182,0.07624830943728038,0.45257834550980086
-7.405,-5.8766,-19.74724,0.1601505659155264,0.04589930851800943,0.2866009761228046
-7.505,-5.8766,-19.74859,0.16676879950495954,0.07614358491013531,0.4565817175404616
-7.605,-5.8766,-19.74994,0.14331501285395964,0.06509479493595587,0.4542077877234574
-7.705,-5.8766,-19.75128,0.19182527543336536,0.06560436207069145,0.34200061447835917
-7.705,-5.7766,-19.75101,0.14526459771343952,0.07645184638291172,0.5262937259753178
-7.605,-5.7766,-19.74966,0.1476036322288724,0.08888489758714946,0.6021863842031042
-7.505,-5.7766,-19.74831,0.17387635846895583,0.08028090674660965,0.46171260689786725
-7.405,-5.7766,-19.74696,0.18438714437435189,0.03745311518291974,0.2031221607666995
-7.505,-5.6766,-19.74803,0.16275271773790922,0.08237251990199104,0.5061207029098009
-7.605,-5.6766,-19.74938,0.1466144628344796,0.06813165039298441,0.4646993828289753
-7.705,-5.6766,-19.75073,0.13209439318723984,0.06170522455391038,0.46712977791907545
-7.805,-5.5766,-19.7518,0.19764362020915885,0.11617916119694122,0.5878214590179696
-7.705,-5.5766,-19.75045,0.11844613940852847,0.05886403543334716,0.4969687971873972
-7.605,-5.5766,-19.74911,0.16756986229718807,0.06244498355141886,0.3726504437932377
-7.505,-5.5766,-19.74776,0.18389326881054582,0.0755719450586053,0.410955471874626
-7.505,-5.4766,-19.74748,0.31679398113029816,0.05463371113545842,0.17245817278639342
-7.605,-5.4766,-19.74883,0.18671599126544716,0.07992722518516805,0.42806845114588227
-7.705,-5.4766,-19.75018,0.13832145122412537,0.07028184092941694,0.5081051442667247
-7.805,-5.4766,-19.75152,0.15266251499984543,0.08506771919395067,0.5572272878776876
-7.805,-5.3766,-19.75125,0.1639239976314087,0.08986374107919971,0.5482036942587432
-7.705,-5.3766,-19.7499,0.18898679348289343,0.08944810932540695,0.4733034921485323
-7.605,-5.3766,-19.74855,0.14538758383053782,0.06507320645728883,0.4475843448443125
-7.605,-5.2766,-19.74828,0.28932667917905935,0.08254711247902552,0.2853076415671246
-7.705,-5.2766,-19.74962,0.17820940421263914,0.07163000279505924,0.4019428891058434
-7.805,-5.2766,-19.75097,0.18732328134268694,0.0922470624777824,0.49244846565028266
-7.905,-5.2766,-19.75232,0.16112111560086423,0.09116654449125189,0.5658261746219121
-7.905,-5.1766,-19.75204,0.1497801969783945,0.07260288604899301,0.48472954044429406
-7.805,-5.1766,-19.75069,0.17444834553342572,0.08989060453988518,0.5152849358646477
-7.705,-5.1766,-19.74935,0.13378810915197015,0.02897897301454227,0.2166035023458251
-7.705,-5.0766,-19.74907,0.26906610295404765,0.0934903819501912,0.34746250428340997
-7.805,-5.0766,-19.75042,0.169650877232651,0.0674078552926419,0.3973327836094949
-7.905,-5.0766,-19.75176,0.16849050741221547,0.10261931446281908,0.6090510144394
-8.005,-4.9766,-19.75283,0.2593669007546749,0.20734525768634363,0.7994283660830859
-7.905,-4.9766,-19.75149,0.171345918317683,0.0891727682365356,0.5204254009202909
-7.805,-4.9766,-19.75014,0.20659471819235745,0.07175833546686025,0.34733867397348983
-7.805,-4.8766,-19.74986,1.321110326434509,0.778205523031538,0.5890541519963781
-7.905,-4.8766,-19.75121,0.21511629605418578,0.12748694309405736,0.5926419589427321
-8.005,-4.8766,-19.75256,0.14808714717939203,0.08002186543603397,0.5403700926123985
-8.105,-4.7766,-19.75363,0.13508964977919619,0.06304115035096891,0.4666615869832335
-8.005,-4.7766,-19.75228,0.14249767390580223,0.07189951599507237,0.5045662432539172
-7.905,-4.7766,-19.75093,0.2985820355036827,0.07169384119120852,0.24011438287058048
-7.905,-4.6766,-19.75066,0.3045974877487857,0.062182009503457286,0.20414485346885525
-8.005,-4.6766,-19.752,0.15458578668448286,0.09051979800205336,0.5855635239403263
-8.105,-4.6766,-19.75335,0.14109442537511027,0.05560451513591703,0.3940943448905808
-8.205,-4.5766,-19.75442,0.19199512268806906,0.1103750893651559,0.5748848607184688
-8.105,-4.5766,-19.75307,0.16467904659767912,0.09181430616723538,0.5575348416459034
-8.005,-4.5766,-19.75173,0.14997920539212137,0.06276145764190671,0.4184677300950927
-8.005,-4.4766,-19.75145,0.1691024691881562,0.04465020562550741,0.2640423042896329
-8.105,-4.4766,-19.7528,0.15294630881838372,0.09854725828893797,0.6443258359765847
-8.205,-4.4766,-19.75415,0.12898535281279805,0.08340917535973953,0.6466561787119722
-8.305,-4.3766,-19.75522,0.834257506662498,0.07980034554954016,0.09565433323912984
-8.205,-4.3766,-19.75387,0.15261674790118157,0.0730520129234802,0.4786631475778853
-8.105,-4.3766,-19.75252,0.16687285144071143,0.06896419939855473,0.4132739316380481
-8.005,-4.3766,-19.75117,0.1323853552821606,0.03825796675637232,0.28898941786144616
-8.105,-4.2766,-19.75224,0.20917164838969965,0.10569158269787493,0.5052863689297176
-8.205,-4.2766,-19.75359,0.13040466322332236,0.07153786860804741,0.5485836690175443
-8.305,-4.2766,-19.75494,0.32399982753231493,0.2113988143500805,0.6524658237016997
-8.305,-4.1766,-19.75466,0.13821731441482993,0.10300903870676155,0.7452687034390046
-8.205,-4.1766,-19.75332,0.14675403677910412,0.04405834838417828,0.30021898784627926
-8.105,-4.1766,-19.75197,0.2648457279628139,0.16927768936989387,0.6391558235504617
-8.205,-4.0766,-19.75304,0.1496105741206927,0.07965323355013293,0.532403769040253
-8.305,-4.0766,-19.75439,0.12395017560871632,0.04677672001064372,0.3773832492041611
-8.305,-3.9766,-19.75411,0.15066265408773932,0.08163559824648062,0.5418436223680198
-8.205,-3.9766,-19.75276,0.2088448125929328,0.1331636340881432,0.6376200224216121
-8.205,-3.8766,-19.75249,0.5185003847026824,0.12960322571993063,0.24995781978878853
-8.305,-3.8766,-19.75383,0.18822932379475435,0.11117224835314406,0.5906213023129516
-8.405,-3.8766,-19.75518,0.16362658835439112,0.07661227914781844,0.46821412044531246
-8.405,-3.7766,-19.7549,0.1658186209875601,0.08738148893382454,0.5269703029334685
-8.305,-3.7766,-19.75356,0.20433613037266452,0.2134505608897954,1.0446050852607816
-8.305,-3.6766,-19.75328,0.8167116781001338,0.10486595380924331,0.12840021346723796
-8.405,-3.6766,-19.75463,0.1568003076010073,0.06366071386075342,0.40599865417830633
-8.505,-3.6766,-19.75597,0.16851800131792902,0.05429011261793009,0.32216209659112566
-8.505,-3.5766,-19.7557,0.19458615975518737,0.1180238708765419,0.6065378494803023
-8.405,-3.5766,-19.75435,0.2003403198498494,0.04544908982747248,0.226859425309571
-8.405,-3.4766,-19.75407,0.9188154754468962,0.09486607473988175,0.103248233486425
-8.505,-3.4766,-19.75542,0.21612563684953803,0.15998373567595642,0.7402348837835172
-8.605,-3.4766,-19.75677,0.1927651683754535,0.10134008818908892,0.5257178412632427
-8.605,-3.3766,-19.75649,0.1899699110548111,0.10317482336905243,0.5431113948318053
-8.505,-3.3766,-19.75514,0.26048635357754,0.06905455354885534,0.26509854585645154
-8.505,-3.2766,-19.75487,1.036384463768115,0.07821125964635998,0.07546548832080842
-8.605,-3.2766,-19.75621,0.17826771311044612,0.08661403103082087,0.4858649360535577
-8.705,-3.2766,-19.75756,0.18202884769826835,0.134376430228476,0.738215024308778
-8.705,-3.1766,-19.75728,0.18288681869016538,0.09534899790448802,0.5213552217014716
-8.605,-3.1766,-19.75594,0.24812640788766513,0.060484937174340725,0.2437666256053012
-8.505,-3.1766,-19.75459,1.1018452687384612,0.06907497896697021,0.06269027142627423
-8.505,-3.0766,-19.75431,1.1595919974027493,0.11128475945675277,0.09596889225348919
-8.605,-3.0766,-19.75566,0.9513737634397199,0.062019958837384204,0.0651898982510819
-8.705,-3.0766,-19.75701,0.1793185411060007,0.10931542101517837,0.6096158285749083
-8.805,-3.0766,-19.75836,0.1584376729893178,0.06798054990375596,0.4290680910741434
-8.805,-2.9766,-19.75808,0.1962789398817255,0.08802588936563166,0.448473429796771
-8.705,-2.9766,-19.75673,0.4258489587329371,0.04431351072137694,0.10405922055844992
-8.605,-2.9766,-19.75538,1.007298805746354,0.04840845119339477,0.048057687467947224
-8.505,-2.9766,-19.75404,1.2670821728797517,0.13057564154155565,0.10305222844765531
-8.605,-2.8766,-19.75511,1.071176162672618,0.07207268893477713,0.06728369379967672
-8.705,-2.8766,-19.75645,0.9036150375943409,0.07462005693745201,0.08257947669409096
-8.805,-2.8766,-19.7578,0.19499444044988615,0.09465315559963981,0.48541463736739615
-8.905,-2.8766,-19.75915,0.20703226046377102,0.1129975920674958,0.5457970260981112
-8.905,-2.7766,-19.75887,0.23604965404622935,0.1402364675948789,0.5940973231310653
-8.805,-2.7766,-19.75753,0.6099252759727617,0.03747655749124969,0.06144450634789454
-8.705,-2.7766,-19.75618,0.9098287004535794,0.02733186400681577,0.03004067028572515
-8.605,-2.7766,-19.75483,1.0677569892716179,0.07951585518222229,0.07446999268669259
-8.705,-2.6766,-19.7559,1.028961380922239,0.04461653559872459,0.043360748445909224
-8.805,-2.6766,-19.75725,0.9330223953688709,0.06751529482163598,0.07236192309718759
-8.905,-2.6766,-19.7586,0.21592407285927492,0.0911200604771389,0.4220004711402649
-9.005,-2.6766,-19.75994,0.3306470479535929,0.14136785925960327,0.42754913474819406
-9.005,-2.5766,-19.75967,0.21272008840471712,0.14175860797228565,0.6664091249462931
-8.905,-2.5766,-19.75832,0.7594490612822502,0.04578772548594272,0.06029071312384657
-8.805,-2.5766,-19.75697,0.9361417309869573,0.047132158259280243,0.05034724625467733
-8.705,-2.5766,-19.75562,1.0526804488501718,0.06360380722455362,0.060420811742088666
-8.705,-2.4766,-19.75535,1.228548372691075,0.1566490515704079,0.12750743483325433
-8.805,-2.4766,-19.7567,0.9317420930250228,0.05618885312665104,0.06030515691764721
-8.905,-2.4766,-19.75804,0.8535020460095175,0.046201620802280234,0.054131821966089386
-9.005,-2.4766,-19.75939,0.18891810767623493,0.12161120776032079,0.6437244648286246
-9.105,-2.4766,-19.76074,0.2568440522216283,0.14289938677597178,0.5563663458037379
-9.105,-2.3766,-19.76046,0.17159873981264595,0.1200273888804974,0.6994654448601725
-9.005,-2.3766,-19.75911,0.7962673428939441,0.06580515407001916,0.0826420355641583
-8.905,-2.3766,-19.75777,0.88732842190847,0.04460332708021,0.050266987936977106
-8.805,-2.3766,-19.75642,0.9561472081382079,0.0569137020229356,0.05952399540417726
-8.805,-2.2766,-19.75614,1.1321018414114834,0.11890538772601915,0.1050306459865573
-8.905,-2.2766,-19.75749,0.9245576995220203,0.045795142869783964,0.04953194689034468
-9.005,-2.2766,-19.75884,0.9004014949310948,0.039562436366390556,0.04393866135175415
-9.105,-2.2766,-19.76018,0.29629101880083325,0.10599768360243615,0.35774855421347673
-9.205,-2.2766,-19.76153,0.8594441775504755,0.2856900138763045,0.3324125304921573
-9.205,-2.1766,-19.76125,0.19433594744838198,0.12433628058503281,0.6398007276448844
-9.105,-2.1766,-19.75991,0.8966900397212484,0.05268099905002911,0.058750512123906175
-9.005,-2.1766,-19.75856,0.8747679937820798,0.02739925700204584,0.03132174153238565
-8.905,-2.1766,-19.75721,0.924681629036655,0.040077981234081024,0.043342465098863026
-8.905,-2.0766,-19.75694,1.1137505674036736,0.12980110546232687,0.11654414306150569
-9.005,-2.0766,-19.75828,0.9013217528319768,0.0417288798803082,0.04629742902486815
-9.105,-2.0766,-19.75963,0.8806296917533321,0.05475360362603321,0.06217551388372891
-9.205,-2.0766,-19.76098,0.3413117140980849,0.13842492641197804,0.4055674642687417
-9.305,-2.0766,-19.76233,0.9435536741113897,0.09556556202262749,0.10128259223051433
-9.305,-1.9766,-19.76205,0.24966043234113994,0.24990702229241743,1.0009877013708786
-9.205,-1.9766,-19.7607,0.8556807407101313,0.034800128104505244,0.04066952363053601
-9.105,-1.9766,-19.75935,0.8767160577439389,0.04117110891447161,0.04696059636505071
-9.005,-1.9766,-19.75801,1.0159060844602634,0.08916795876517093,0.08777185226973477
-8.905,-1.9766,-19.75666,1.6224842057489046,0.16300560173508033,0.10046668014240569
-9.005,-1.8766,-19.75773,1.2782971565722299,0.18073774060048878,0.1413894568029388
-9.105,-1.8766,-19.75908,0.8968137568104868,0.04059040343709644,0.04526068331228101
-9.205,-1.8766,-19.76042,0.8169207492937876,0.0651927782643236,0.07980306329675371
-9.305,-1.8766,-19.76177,0.48038145762513834,0.08216601300383096,0.17104326509610726
-9.405,-1.8766,-19.76312,0.926760846148943,0.07277355578810425,0.07852463350227525
-9.405,-1.7766,-19.76284,0.3006993282110001,0.18508363017456628,0.615510620777621
-9.305,-1.7766,-19.76149,0.8324250383187944,0.03925903716378637,0.047162249279617784
-9.205,-1.7766,-19.76015,0.8892679120460476,0.042603520343444126,0.04790853213788068
-9.105,-1.7766,-19.7588,0.9682677286935562,0.07384814886213516,0.07626831574958656
-9.105,-1.6766,-19.75852,1.158474855854792,0.041514029041685385,0.03583507128521478
-9.205,-1.6766,-19.75987,0.8914457742725632,0.05653234988560266,0.06341647637707873
-9.305,-1.6766,-19.76122,0.8630201905281231,0.03088606056924663,0.0357883406532424
-9.405,-1.6766,-19.76257,0.6401867348508866,0.06929786227793361,0.1082463264317318
-9.505,-1.6766,-19.76391,1.214353862315321,0.5920917678805173,0.4875776215275658
-9.505,-1.5766,-19.76364,0.2807815941286076,0.22703848517562536,0.8085946156129947
-9.405,-1.5766,-19.76229,0.8390745680126594,0.0471539365630081,0.056197551875147134
-9.305,-1.5766,-19.76094,0.8464178658009496,0.05418265328105093,0.06401407091021039
-9.205,-1.5766,-19.75959,0.9269415457648262,0.05304069446839402,0.05722118585657929
-9.205,-1.4766,-19.75932,1.015143604626369,0.05157323367398462,0.05080387980473612
-9.305,-1.4766,-19.76066,0.8975379802182142,0.04394601462805825,0.048962846806074836
-9.405,-1.4766,-19.76201,0.8367172224369608,0.06557047323804933,0.07836634824734887
-9.505,-1.4766,-19.76336,0.7434480943317847,0.03110215835725569,0.041835009860655414
-9.605,-1.4766,-19.76471,0.8901808551680276,0.12130174279312456,0.1362664025954906
-9.605,-1.3766,-19.76443,0.2587671075829309,0.10187819244382021,0.39370611433359937
-9.505,-1.3766,-19.76308,0.8340591584386811,0.053737007760474916,0.06442829290558721
-9.405,-1.3766,-19.76174,0.8119107603481991,0.06472055769927736,0.07971388095844555
-9.305,-1.3766,-19.76039,0.9186763563425033,0.06276974816713288,0.06832629111849145
-9.305,-1.2766,-19.76011,0.9382666540720181,0.04290098581351334,0.045723660355321986
-9.405,-1.2766,-19.76146,0.8666427451655563,0.05010904103601976,0.05781972019675459
-9.505,-1.2766,-19.76281,0.8408598182921704,0.04257164614376317,0.05062870792212236
-9.605,-1.2766,-19.76415,0.8769293128489849,0.053455929193751084,0.060958082265584704
-9.705,-1.2766,-19.7655,0.9629048756643904,0.10845804248839966,0.11263630004320539
-9.705,-1.1766,-19.76522,0.8773779498528917,0.048297704654910414,0.05504777577668597
-9.605,-1.1766,-19.76388,0.804393948854702,0.039768932514404824,0.049439621681674664
-9.505,-1.1766,-19.76253,0.8552026875816132,0.038207553843958464,0.044676606375038154
-9.405,-1.1766,-19.76118,0.8827837653252774,0.0582910196225274,0.0660309148311637
-9.405,-1.0766,-19.76091,0.9710307610643918,0.06742386588990208,0.0694353552878136
-9.505,-1.0766,-19.76225,0.8751639018920063,0.04365280715243327,0.04987957919432096
-9.605,-1.0766,-19.7636,0.8103146092029435,0.05034242699261514,0.06212701390406114
-9.705,-1.0766,-19.76495,0.8131447775086569,0.04599713619058871,0.056566969945396985
-9.805,-1.0766,-19.76629,0.6737440971416908,0.0876730633870278,0.13012813582927737
-9.905,-0.9766,-19.76737,0.9681087762100102,0.1961346473911833,0.2025956712829511
-9.805,-0.9766,-19.76602,0.8164721577089857,0.02893835202785697,0.035443158415906985
-9.705,-0.9766,-19.76467,0.8690231273325221,0.04865301333502549,0.05598586712457993
-9.605,-0.9766,-19.76332,0.8636107415090095,0.04125739524462834,0.047773138129961444
-9.505,-0.9766,-19.76198,0.8800123789917265,0.05050345768725564,0.05738948552646492
-9.505,-0.8766,-19.7617,0.9437760556649465,0.0462643790438116,0.04902050519941999
-9.605,-0.8766,-19.76305,0.8686602228922112,0.05545860829379983,0.06384384461527425
-9.705,-0.8766,-19.76439,0.8679307586881595,0.02903348165781589,0.0334513800406138
-9.805,-0.8766,-19.76574,0.8257169074944649,0.07832399543589733,0.09485574865308466
-9.905,-0.8766,-19.76709,0.7755817798643413,0.04592885982522266,0.05921859050538317
-10.005,-0.7766,-19.76816,0.7936619580401378,0.09650936124186316,0.12160008460047973
-9.905,-0.7766,-19.76681,0.8082726691890997,0.04340500822641364,0.053700947565083146
-9.805,-0.7766,-19.76546,0.8767270998065679,0.0498821014569973,0.0568958133813849
-9.705,-0.7766,-19.76412,0.8643429049631074,0.03870411898660416,0.044778662223479655
-9.605,-0.7766,-19.76277,0.9160615062717712,0.03705481847187918,0.04045014250482652
-9.605,-0.6766,-19.76249,1.0408032843919384,0.07227051666951362,0.06943724885700735
-9.705,-0.6766,-19.76384,0.8829586147279793,0.032692436195084655,0.037026011921472105
-9.805,-0.6766,-19.76519,0.8274935347190853,0.0367106019632993,0.044363611826600785
-9.905,-0.6766,-19.76654,0.8117261039472226,0.05520941889957966,0.06801483730917357
-10.005,-0.6766,-19.76788,0.7953846864809075,0.01702616008226014,0.02140619548207613
-10.105,-0.5766,-19.76895,0.7885013282299831,0.06005775708650496,0.07616697009416812
-10.005,-0.5766,-19.76761,0.7794099223327027,0.03968351147878764,0.0509148143251994
-9.905,-0.5766,-19.76626,0.8648744472105412,0.04994776460373402,0.05775146296069834
-9.805,-0.5766,-19.76491,0.8601233606358927,0.0339551575679699,0.03947707866330559
-9.705,-0.5766,-19.76356,0.8819781548315302,0.055467474150486154,0.06288985032864129
-9.705,-0.4766,-19.76329,1.1227332826474705,0.09289229406799872,0.08273763279641383
-9.805,-0.4766,-19.76463,0.832475380917854,0.03367509916952759,0.04045176583167995
-9.905,-0.4766,-19.76598,0.8083684025435449,0.049370255460231355,0.0610739550245742
-10.005,-0.4766,-19.76733,0.8406954252312866,0.047404520768024434,0.056387270996488194
-10.105,-0.4766,-19.76868,0.7789347442133545,0.04384732046356671,0.0562913912741793
-10.205,-0.4766,-19.77002,0.8178326901320376,0.09664021911398997,0.11816624632403429
-10.305,-0.3766,-19.77109,1.053651444138756,0.23419721823060993,0.2222720042129685
-10.205,-0.3766,-19.76975,0.7891453134955501,0.042486966428947406,0.05383921782510464
-10.105,-0.3766,-19.7684,0.7784572863677988,0.029780422454869487,0.03825569234995777
-10.005,-0.3766,-19.76705,0.8228992469792032,0.051400629103817576,0.062462846202017
-9.905,-0.3766,-19.76571,0.8525963409373396,0.06273315294160345,0.07357896102701424
-9.805,-0.3766,-19.76436,0.9100428666514079,0.08409656125190951,0.09240945051451374
-9.805,-0.2766,-19.76408,1.0975155163392856,0.11064184980428092,0.10081119415361152
-9.905,-0.2766,-19.76543,0.859392489542015,0.05926604426116207,0.0689627207386301
-10.005,-0.2766,-19.76678,0.8261577220448639,0.04970625032400312,0.060165570081427935
-10.105,-0.2766,-19.76812,0.7914664870149404,0.05611481871490779,0.07089980389005217
-10.205,-0.2766,-19.76947,0.8007107015225525,0.051394044747874026,0.06418553498804022
-10.305,-0.2766,-19.77082,0.7852769985730498,0.06041158135995074,0.07693028252416208
-10.405,-0.1766,-19.77189,0.7422438137241201,0.040791864928231614,0.054957500721445264
-10.305,-0.1766,-19.77054,0.751899658665193,0.053949303638038675,0.07175066914355563
-10.205,-0.1766,-19.76919,0.7739582899857884,0.05076335035568835,0.06558925850722586
-10.105,-0.1766,-19.76785,0.8278285232922565,0.055036834854731216,0.06648337585162067
-10.005,-0.1766,-19.7665,0.7931603382658979,0.05020332670949329,0.06329530649408645
-9.905,-0.1766,-19.76515,1.1133269916292277,0.10447663881719231,0.09384182688708788
-9.805,-0.1766,-19.7638,1.291902899588773,0.17459257183059834,0.1351437262708932
-9.905,-0.0766,-19.76488,1.2984973537250792,0.1805146303075661,0.13901809640944796
-10.005,-0.0766,-19.76622,0.8136433516156734,0.03257511041899571,0.040036104706454544
-10.105,-0.0766,-19.76757,0.8011695667986259,0.045578430503727584,0.056889867504395265
-10.205,-0.0766,-19.76892,0.7626873681176238,0.059046842986827774,0.07741945842443977
-10.305,-0.0766,-19.77026,0.8022497230860243,0.035105777535810255,0.04375916441674596
-10.405,-0.0766,-19.77161,0.7784648249827542,0.03883064147348128,0.04988104822121092
-10.505,-0.0766,-19.77296,0.8079743139996051,0.062265729552233466,0.07706399630949642
-10.605,0.0234,-19.77403,1.147740874889936,0.5004399654983778,0.4360217331689682
-10.505,0.0234,-19.77268,0.7329430623530461,0.04756919085671618,0.06490161828396286
-10.405,0.0234,-19.77133,0.7651580952684454,0.040984680693637345,0.05356367650956947
-10.305,0.0234,-19.76999,0.7718142067103981,0.05696355600639509,0.07380475185755306
-10.205,0.0234,-19.76864,0.8028227537904113,0.044466920953916356,0.055388217067805105
-10.105,0.0234,-19.76729,0.806481926253174,0.04325529143854131,0.05363454533879093
-10.005,0.0234,-19.76595,1.0108607303270118,0.05566307141664611,0.055065025029352156
-9.905,0.0234,-19.7646,1.4065453869163287,0.18071004734666238,0.12847793539236305
-10.005,0.1234,-19.76567,1.1099288759171695,0.14406842092814617,0.12979968721788399
-10.105,0.1234,-19.76702,0.827105760304439,0.05001974520519926,0.06047563395857395
-10.205,0.1234,-19.76836,0.8179988522830399,0.05770769351708979,0.07054740157156365
-10.305,0.1234,-19.76971,0.781322729394599,0.04079745309273918,0.05221587899324358
-10.405,0.1234,-19.77106,0.8245504529803686,0.03835367593180182,0.046514650247502766
-10.505,0.1234,-19.77241,0.8151010958105326,0.0361289333380879,0.044324481372659014
-10.605,0.1234,-19.77375,0.7394003903084261,0.05399955716826181,0.0730315508025861
-10.705,0.2234,-19.77482,0.7571235712587284,0.07999745080788151,0.10565970185670569
-10.605,0.2234,-19.77348,0.7217573043979745,0.04284872634742804,0.05936722231466521
-10.505,0.2234,-19.77213,0.7458627511534794,0.06973172449551213,0.0934913620336607
-10.405,0.2234,-19.77078,0.7897098875796845,0.037561213930837146,0.04756330713542837
-10.305,0.2234,-19.76943,0.7627264906827467,0.05819414429382507,0.0762975260525345
-10.205,0.2234,-19.76809,0.7861216204101947,0.039343648805513755,0.05004778876961101
-10.105,0.2234,-19.76674,0.9380150796090632,0.07174284896978937,0.07648368403596417
-10.105,0.3234,-19.76646,1.3632069190074563,0.18284965781776025,0.13413199072587756
-10.205,0.3234,-19.76781,0.8851450144885572,0.031699510345851056,0.035812787539866844
-10.305,0.3234,-19.76916,0.8262060935123715,0.06600266488556412,0.07988644165643134
-10.405,0.3234,-19.7705,0.7970205260025195,0.049759043480695896,0.06243131996896476
-10.505,0.3234,-19.77185,0.7688077803271627,0.04693647031171176,0.06105098245980049
-10.605,0.3234,-19.7732,0.8262333280414426,0.07428389607935425,0.08990668078645732
-10.705,0.3234,-19.77455,0.7142791785842982,0.0413836190089078,0.057937596740437206
-10.805,0.3234,-19.77589,0.9274954313162194,0.12438458031492607,0.1341080248108721
-10.805,0.4234,-19.77562,0.7428565341046932,0.05600857995531048,0.07539622710973827
-10.705,0.4234,-19.77427,0.7113750400468292,0.052792929535938476,0.07421251318075929
-10.605,0.4234,-19.77292,0.7902164016949654,0.07269720618952374,0.09199657971359836
-10.505,0.4234,-19.77158,0.8536151128066438,0.03880122328241574,0.04545517376659283
-10.405,0.4234,-19.77023,0.7601791639622542,0.059420220469785685,0.07816607358727361
-10.305,0.4234,-19.76888,0.8201495239533255,0.043222807774335875,0.05270113133272473
-10.205,0.4234,-19.76753,0.9752551720426175,0.06975470075449282,0.07152456377995463
-10.205,0.5234,-19.76726,1.1258206690449577,0.09612421392077969,0.0853814613319567
-10.305,0.5234,-19.7686,0.9062535253347056,0.05273031470078078,0.0581849485013655
-10.405,0.5234,-19.76995,0.7801960589631898,0.06524427021540044,0.0836254803723364
-10.505,0.5234,-19.7713,0.8895776941480694,0.039738734943579934,0.044671460632381206
-10.605,0.5234,-19.77265,0.7419138205278515,0.0463104268459471,0.06242022397291169
-10.705,0.5234,-19.77399,0.8383770637513924,0.04727908925849212,0.05639358625453999
-10.805,0.5234,-19.77534,0.7123074213158144,0.03731983331791925,0.05239287448245303
-10.905,0.5234,-19.77669,0.7943389493373092,0.05113227889142696,0.0643708569674003
-11.005,0.6234,-19.77776,0.9435393818400554,0.15372239341139798,0.1629210146073758
-10.905,0.6234,-19.77641,0.7590617868486578,0.045381639992694386,0.05978649008416308
-10.805,0.6234,-19.77506,0.7558347609221352,0.04913531790246343,0.06500801556482697
-10.705,0.6234,-19.77372,0.8646538093096117,0.03889402909922794,0.04498219828613619
-10.605,0.6234,-19.77237,0.77028419477313,0.04149468500936,0.053869319000607735
-10.505,0.6234,-19.77102,0.8696588075823481,0.07473546188716228,0.08593653193132936
-10.405,0.6234,-19.76967,0.8135691796121124,0.04747720135714344,0.05835668624981502
-10.305,0.6234,-19.76833,1.0358924323951997,0.09149661118058236,0.08832636316207378
-10.405,0.7234,-19.7694,0.8423822853841738,0.03713978878125527,0.0440889954901146
-10.505,0.7234,-19.77075,0.8932698662905428,0.07492028653233243,0.08387195108623986
-10.605,0.7234,-19.77209,0.774787650680991,0.05255253441947165,0.0678283067280192
-10.705,0.7234,-19.77344,0.810273071400004,0.05055730040951551,0.062395385202869594
-10.805,0.7234,-19.77479,0.8051892087568486,0.06469120819607745,0.08034286536944005
-10.905,0.7234,-19.77613,0.7601634780655318,0.05161036023375378,0.06789376459533693
-11.005,0.7234,-19.77748,0.800466851552823,0.0854094576067541,0.10669955594172147
-11.105,0.8234,-19.77855,0.9547046017699966,0.0948150303329049,0.09931347367250602
-11.005,0.8234,-19.77721,0.730388362261998,0.0490761191156973,0.06719181417911636
-10.905,0.8234,-19.77586,0.7171389897597563,0.05001661433677003,0.069744659056295
-10.805,0.8234,-19.77451,0.7817290943884017,0.044712714356164245,0.057197198719008864
-10.705,0.8234,-19.77316,0.820584230290329,0.03641384654431862,0.044375513445384054
-10.605,0.8234,-19.77182,0.8390240363315824,0.08171763507173031,0.09739605962782631
-10.505,0.8234,-19.77047,0.8552539904235475,0.037975792413520296,0.04440294092602075
-10.405,0.8234,-19.76912,1.017841955179175,0.06560924418477826,0.06445916662300365
-10.505,0.9234,-19.77019,1.061529621382142,0.04570004630015159,0.0430511267699236
-10.605,0.9234,-19.77154,0.8874412714230704,0.025149519750672873,0.028339362344895192
-10.705,0.9234,-19.77289,0.7851425435672634,0.05105617613297402,0.06502790678110798
-10.805,0.9234,-19.77423,0.8253567937605564,0.047514942169582554,0.05756897202371254
-10.905,0.9234,-19.77558,0.7346073348362034,0.0513290119686905,0.06987271911753427
-11.005,0.9234,-19.77693,0.7679957656204686,0.06634004909482176,0.08638074852043647
-11.105,0.9234,-19.77828,0.922113882743569,0.06642466115403269,0.07203520345708182
-11.105,1.0234,-19.778,0.879303428302733,0.06922902143011252,0.07873166327093842
-11.005,1.0234,-19.77665,0.7669369207323348,0.03331850731459905,0.043443608481886345
-10.905,1.0234,-19.7753,0.7549862667770986,0.04497245573970902,0.05956725005302201
-10.805,1.0234,-19.77396,0.8415776534637704,0.04535354049047301,0.053891094070531255
-10.705,1.0234,-19.77261,0.8178476787589444,0.028162155224581896,0.034434474726781635
-10.605,1.0234,-19.77126,0.939534689686299,0.05638926215980211,0.06001828647607456
-10.705,1.1234,-19.77233,0.8753304884360528,0.05889408804830047,0.0672821166706145
-10.805,1.1234,-19.77368,0.868990698785686,0.04371118616201324,0.050301097840396415
-10.905,1.1234,-19.77503,0.7461723339571212,0.04975659241113163,0.0666824407000741
-11.005,1.1234,-19.77638,0.8082296819513962,0.028869098802026993,0.03571892921864143
-11.105,1.1234,-19.77772,0.6961025193242587,0.03875483133168782,0.05567402825852298
-11.205,1.1234,-19.77907,0.9781173184181922,0.13149076502334894,0.13443250880783436
-11.205,1.2234,-19.77879,1.0173555253971251,0.1914988810362188,0.1882320155104747
-11.105,1.2234,-19.77745,0.7490480064083683,0.055945969002147065,0.07468943048177111
-11.005,1.2234,-19.7761,0.868095945374152,0.031520247505950644,0.036309635673238076
-10.905,1.2234,-19.77475,0.7597529178775945,0.054485527493592624,0.07171479860294648
-10.805,1.2234,-19.7734,0.82749129846061,0.05147239938285941,0.06220294941906219
-10.705,1.2234,-19.77206,0.9350111161366514,0.07689732793076434,0.0822421537066794
-10.805,1.3234,-19.77313,0.9424641856345618,0.06519463695399261,0.06917465718880024
-10.905,1.3234,-19.77447,0.7906063369161194,0.0579467097782762,0.07329401128291758
-11.005,1.3234,-19.77582,0.8056389015896392,0.03479003549584181,0.04318316236616201
-11.105,1.3234,-19.77717,0.7489302223202743,0.08157905161286043,0.10892743967537975
-11.205,1.3234,-19.77852,0.9044351319802016,0.06850694275854005,0.0757455569074905
-11.305,1.4234,-19.77959,0.9828639915153594,0.11187514530660667,0.1138256628306424
-11.205,1.4234,-19.77824,0.9367638694855422,0.10243955755048224,0.10935472736234013
-11.105,1.4234,-19.77689,0.7586678512119296,0.05425966411764095,0.07151965650180664
-11.005,1.4234,-19.77554,0.8246392622428799,0.030736641092542673,0.03727283249762349
-10.905,1.4234,-19.7742,1.0104998690453784,0.1166510113423193,0.11543891782244345
-10.805,1.4234,-19.77285,0.9264810112739003,0.0773208659864352,0.08345650374433464
-10.905,1.5234,-19.77392,1.3329348159897223,0.20208960320241914,0.15161251756513303
-11.005,1.5234,-19.77527,0.7867559345116953,0.0595730178763898,0.07571982016680197
-11.105,1.5234,-19.77662,0.7305861506331158,0.060261968086711866,0.0824844106810534
-11.205,1.5234,-19.77796,0.9538544928230227,0.14036766821674546,0.1471583656342741
-11.305,1.5234,-19.77931,0.8575400795954156,0.1034310862633326,0.12061370509018193
-11.305,1.6234,-19.77903,0.9583511421687343,0.1288622877654295,0.13446249719472975
-11.205,1.6234,-19.77769,0.7740319263046678,0.050478832767390715,0.06521544015423683
-11.105,1.6234,-19.77634,0.7596090501151289,0.08345422800789405,0.10986471000476554
-11.005,1.6234,-19.77499,0.8288639470936762,0.05004256720796057,0.06037488707697993
-10.905,1.6234,-19.77364,1.0647345768370104,0.07004368413340882,0.06578511270056284
-11.005,1.7234,-19.77471,0.8396772897625185,0.06034272947557585,0.07186419141172945
-11.105,1.7234,-19.77606,0.7662183638773806,0.036576656088263604,0.04773659548326492
-11.205,1.7234,-19.77741,0.7580742767941182,0.07611613168539351,0.10040722131779381
-11.305,1.7234,-19.77876,0.9159144780168808,0.08975028661912136,0.09798981102847816
-11.305,1.8234,-19.77848,0.9345432228337505,0.09586918130501111,0.10258399928717439
-11.205,1.8234,-19.77713,0.7379196859211582,0.05175303270791153,0.07013369299574561
-11.105,1.8234,-19.77579,0.7874184015321701,0.04286840865594126,0.05444171557653122
-11.005,1.8234,-19.77444,0.7846434410197051,0.020356943609928294,0.02594419649194144
-11.105,1.9234,-19.77551,0.8381050128784786,0.07636272632988432,0.09111355397770013
-11.205,1.9234,-19.77686,0.8000451740487018,0.05280784768616736,0.06600608240523272
-11.305,1.9234,-19.7782,0.9462309052191096,0.08200065133432087,0.08666029706071877
-11.305,2.0234,-19.77793,0.9107266580116153,0.056350353288570985,0.061874057152999574
-11.205,2.0234,-19.77658,0.8456675646056118,0.07488599575653491,0.08855252216213233
-11.105,2.0234,-19.77523,0.9742516397337104,0.14059679902459524,0.1443126121532874
-11.205,2.1234,-19.7763,0.8145426785645681,0.05746399757272408,0.07054755887560157
-11.305,2.1234,-19.77765,0.959003039890894,0.08896629039428557,0.09276956035969113
-11.405,2.1234,-19.779,0.9037858426903169,0.1187889274082912,0.1314348176274701
-11.405,2.2234,-19.77872,0.9800955835051546,0.12841439536596386,0.13102231815667445
-11.305,2.2234,-19.77737,1.0392281714803673,0.19442476070967254,0.18708572962636005
-11.205,2.2234,-19.77603,0.7743035426618704,0.04458139829099292,0.05757612594375164
-11.205,2.3234,-19.77575,0.7699368664390248,0.13851405985710552,0.17990313997787394
-11.305,2.3234,-19.7771,0.7808267004991898,0.05843259007560413,0.07483426224826537
-11.405,2.3234,-19.77844,0.9744323874274132,0.09905080007782353,0.10164974128099982
-11.405,2.4234,-19.77817,0.9324311075164248,0.040039657703903477,0.04294114319131956
-11.305,2.4234,-19.77682,0.82288314773044,0.18319273713425083,0.22262302690182334
-11.305,2.5234,-19.77654,0.8726010316803446,0.2428197382679326,0.27827120236191
-11.405,2.5234,-19.77789,0.9017155767424454,0.10030915066045053,0.11124256167652027
-11.405,2.6234,-19.77761,0.9358526026222839,0.09444748864049352,0.10092132925190264
