-12.0675,-16.7787,-19.8355,1.1947228019176805,0.48445600298495245,0.405496573939444
-11.9675,-16.6787,-19.83309,1.200537855691469,0.26451521520247284,0.22033059095010468
-11.8675,-16.5787,-19.83069,0.9940000261892086,0.07885047450905935,0.07932643101766892
-11.9675,-16.5787,-19.82818,0.9556684114301632,0.0881097023531189,0.0921969391258441
-11.9675,-16.4787,-19.82327,0.7883420028458372,0.09668310565345928,0.12264106860276727
-11.8675,-16.4787,-19.82578,0.7834110913823983,0.047614685589418504,0.06077867177677836
-11.7675,-16.4787,-19.82829,1.0057552214078067,0.11287783786631707,0.11223191832732046
-11.6675,-16.3787,-19.82588,1.6294528649174738,0.16499796076521547,0.10125973221911642
-11.7675,-16.3787,-19.82338,0.7890761736085132,0.0794416280682956,0.10067675431764997
-11.8675,-16.3787,-19.82087,0.8681316927481666,0.06812466546187719,0.07847273176517845
-11.9675,-16.3787,-19.81836,0.9242822006609229,0.10895837768788864,0.11788431889089306
-11.8675,-16.2787,-19.81596,0.770091993865172,0.05372899000592884,0.069769573549593
-11.7675,-16.2787,-19.81847,0.8074362166214837,0.046009463403089625,0.056982164604412716
-11.6675,-16.2787,-19.82097,1.0109069543443796,0.08600626451888564,0.08507831917593714
-11.5675,-16.2787,-19.82348,1.153925692931769,0.10482540887184917,0.0908424255685998
-11.3675,-16.1787,-19.82358,1.6105159304493035,0.38324575358901247,0.2379645841082082
-11.4675,-16.1787,-19.82108,1.617880122507557,0.08347549238619585,0.05159559798337651
-11.5675,-16.1787,-19.81857,1.1720701581404338,0.14635779025348394,0.12487118560009255
-11.6675,-16.1787,-19.81606,0.7455315961603837,0.06870916072635942,0.09216129950792623
-11.7675,-16.1787,-19.81356,0.7315927979176599,0.045091191616858546,0.061634274893358806
-11.8675,-16.1787,-19.81105,0.7555984423709152,0.08399810760271621,0.11116765585056941
-11.7675,-16.0787,-19.80865,0.8028815297290114,0.07487518869592219,0.0932580784629509
-11.6675,-16.0787,-19.81115,0.7232322377099849,0.061763754114647636,0.08539961425145268
-11.5675,-16.0787,-19.81366,0.8856599404067946,0.03611163002063034,0.04077369696098462
-11.4675,-16.0787,-19.81617,1.2193228382873713,0.09139208371813154,0.07495314681917911
-11.3675,-16.0787,-19.81867,1.232545105485697,0.11128491580290825,0.09028871666246671
-11.2675,-16.0787,-19.82118,1.6360279557143336,0.15710420322458646,0.09602782316515525
-11.1675,-15.9787,-19.81877,2.0548754933543987,0.6263305198165862,0.3048021750428091
-11.2675,-15.9787,-19.81627,1.08940607461842,0.11971247357113225,0.10988783371073385
-11.3675,-15.9787,-19.81376,0.9504613813919338,0.056604654784442876,0.05955492342208198
-11.4675,-15.9787,-19.81126,0.8785743803460251,0.07274027989464003,0.08279353634918354
-11.5675,-15.9787,-19.80875,0.7126964485644436,0.0735268530630383,0.10316713828326288
-11.6675,-15.9787,-19.80624,0.7015786559485397,0.05134322391596218,0.07318242007597245
-11.7675,-15.9787,-19.80374,0.7541552189517443,0.06421242197933195,0.08514483539421171
-11.6675,-15.8787,-19.80133,0.7595823251294761,0.08275538311186369,0.10894853707629051
-11.5675,-15.8787,-19.80384,0.6993177769796732,0.04237664381160053,0.060597120803397325
-11.4675,-15.8787,-19.80635,0.9081368876229063,0.05338118974502277,0.058780994883657574
-11.3675,-15.8787,-19.80885,0.8809605270569685,0.08521810313713882,0.09673316853574312
-11.2675,-15.8787,-19.81136,0.9547941884172133,0.07766051145058715,0.08133743626919951
-11.1675,-15.8787,-19.81386,1.0799071302850325,0.09219973052286058,0.08537746250321102
-11.0675,-15.8787,-19.81637,1.3702358662591023,0.30747846885606706,0.2243982050298521
-10.9675,-15.7787,-19.81397,1.5593925915033529,0.25089341599616233,0.16089175834437255
-11.0675,-15.7787,-19.81146,1.1264772626570259,0.0814285558299374,0.07228601812864964
-11.1675,-15.7787,-19.80895,0.9811551717225031,0.08090835584105459,0.08246234456371762
-11.2675,-15.7787,-19.80645,0.8789208640701947,0.08529087928470545,0.09704045355088275
-11.3675,-15.7787,-19.80394,0.8499025972125878,0.10125263381379467,0.11913439745433341
-11.4675,-15.7787,-19.80144,0.9273596037425225,0.062018518528820704,0.06687645038508695
-11.5675,-15.7787,-19.79893,0.718588265885652,0.05771857110503182,0.08032217313470089
-11.6675,-15.7787,-19.79642,0.7789797488372731,0.06579446582298623,0.08446235723225526
-11.5675,-15.6787,-19.79402,0.7385465317694901,0.08676264459254067,0.11747756012700417
-11.4675,-15.6787,-19.79653,0.7378732481170952,0.05441501142971822,0.07374574368778708
-11.3675,-15.6787,-19.79903,0.8497913112675926,0.05696548060245939,0.06703467056810306
-11.2675,-15.6787,-19.80154,0.8490811228559642,0.07720910395485842,0.09093254092748916
-11.1675,-15.6787,-19.80404,0.8643854257504315,0.031766208184590625,0.03675005065826072
-11.0675,-15.6787,-19.80655,1.065712536048039,0.07925596999503805,0.07436899474687744
-10.9675,-15.6787,-19.80906,1.254260005733641,0.07319463220537475,0.05835682543553782
-10.8675,-15.6787,-19.81156,1.801342577619237,0.23151881470069183,0.12852569942952274
-10.7675,-15.5787,-19.80916,1.9269702516274276,0.33306959354477206,0.17284625606621445
-10.8675,-15.5787,-19.80665,1.5568774832069514,0.18712445301937486,0.12019215065910291
-10.9675,-15.5787,-19.80415,1.1001247665421654,0.10170267753841263,0.09244649391730113
-11.0675,-15.5787,-19.80164,1.0573041549971383,0.07380587161908819,0.06980571415543899
-11.1675,-15.5787,-19.79913,0.8011292362702012,0.05861241028448399,0.07316224103537206
-11.2675,-15.5787,-19.79663,0.8475934770105233,0.07910189536602277,0.09332527622205931
-11.3675,-15.5787,-19.79412,0.7480393860080043,0.05039555080925331,0.06737018364526871
-11.4675,-15.5787,-19.79162,0.6853124740923148,0.0740672798633876,0.10807811423757974
-11.5675,-15.5787,-19.78911,0.7508032517100405,0.060099611587217196,0.08004708483924843
-11.4675,-15.4787,-19.78671,0.7916301908868322,0.09064493443968655,0.1145041402957871
-11.3675,-15.4787,-19.78921,0.9019040945843185,0.07360327617894213,0.08160876153119738
-11.2675,-15.4787,-19.79172,0.7907727778057432,0.08920350434964214,0.1128054819959361
-11.1675,-15.4787,-19.79422,0.7721886223971716,0.05569664382310292,0.07212828861709855
-11.0675,-15.4787,-19.79673,1.0459970875912676,0.052175849101058304,0.04988144777841529
-10.9675,-15.4787,-19.79924,0.9236676486891285,0.03725410554248029,0.04033280324947119
-10.8675,-15.4787,-19.80174,1.0412364158206937,0.10804942129518114,0.10377030581476301
-10.7675,-15.4787,-19.80425,1.57220411896967,0.10706787219986583,0.06810049083832181
-10.5675,-15.3787,-19.80435,1.493245502327994,0.2169549118363515,0.14529085237364872
-10.6675,-15.3787,-19.80185,1.323277377949247,0.11940953652936066,0.09023772227891928
-10.7675,-15.3787,-19.79934,1.1559408559190534,0.0682737214202628,0.059063334486936576
-10.8675,-15.3787,-19.79683,1.0095505505955287,0.0603093510758275,0.0597388125242974
-10.9675,-15.3787,-19.79433,0.8060320471139143,0.07073543053841251,0.08775759077035267
-11.0675,-15.3787,-19.79182,0.7948139352480086,0.04110127453980182,0.05171181922845483
-11.1675,-15.3787,-19.78932,0.7885408735165631,0.06670981074380643,0.08459905248323847
-11.2675,-15.3787,-19.78681,0.7267729754602378,0.08098080334260532,0.11142517137669194
-11.3675,-15.3787,-19.7843,0.7374378850184715,0.03916860099025035,0.0531144409393467
-11.4675,-15.3787,-19.7818,0.7384120119625966,0.05781800171541309,0.07830046204386744
-11.3675,-15.2787,-19.77939,0.8248970570534133,0.07189034995356529,0.08715069273051156
-11.2675,-15.2787,-19.7819,0.7382297169042092,0.10257608147618195,0.13894872981588732
-11.1675,-15.2787,-19.78441,0.7884931417088343,0.12503887452584594,0.15857953343114664
-11.0675,-15.2787,-19.78691,0.6829867341740189,0.06059592546951798,0.08872196550464578
-10.9675,-15.2787,-19.78942,0.9107366703064507,0.06975443927963215,0.07659122724921213
-10.8675,-15.2787,-19.79192,0.9273544979362682,0.05939299408871222,0.0640456203327694
-10.7675,-15.2787,-19.79443,1.04140890686284,0.05460383416808194,0.05243265523104807
-10.6675,-15.2787,-19.79694,1.12485421428998,0.05395379592350235,0.047965145383358464
-10.5675,-15.2787,-19.79944,1.216802747811616,0.18443266618030374,0.15157153985064586
-10.4675,-15.2787,-19.80195,1.359238587053828,0.14065562486732058,0.10348118881188767
-10.3675,-15.1787,-19.79955,1.3618728647951635,0.06070322751653319,0.04457334387499044
-10.4675,-15.1787,-19.79704,1.3170029836554225,0.09496677257470493,0.0721082440611629
-10.5675,-15.1787,-19.79453,1.1479987914090097,0.13828924528517805,0.12046114187580906
-10.6675,-15.1787,-19.79203,1.0101206973901946,0.09137168546316544,0.09045620557943079
-10.7675,-15.1787,-19.78952,0.935999926247954,0.07543769976636625,0.08059583943426742
-10.8675,-15.1787,-19.78701,0.8545773853414523,0.09239870450715229,0.10812210350059023
-10.9675,-15.1787,-19.78451,0.8589510184895651,0.08224421700882589,0.09574960066226992
-11.0675,-15.1787,-19.782,0.7605880911645039,0.08487285679120743,0.11158846394933981
-11.1675,-15.1787,-19.7795,0.7967926948544136,0.0827198563285017,0.10381603252978606
-11.2675,-15.1787,-19.77699,0.8302837576940565,0.050708327774783124,0.06107349120692803
-11.1675,-15.0787,-19.77459,0.8820846960458649,0.10146830557473245,0.11503238411185007
-11.0675,-15.0787,-19.77709,0.7313759879724439,0.057936584632530375,0.07921586924550941
-10.9675,-15.0787,-19.7796,0.7791606952796977,0.0863632948848321,0.11084144183354887
-10.8675,-15.0787,-19.7821,0.9596557562065587,0.08201364284359225,0.0854615233777011
-10.7675,-15.0787,-19.78461,0.8740366960369806,0.10146455941177908,0.1160872991624211
-10.6675,-15.0787,-19.78712,1.1134515607787305,0.07767951760866101,0.0697646133383056
-10.5675,-15.0787,-19.78962,1.2349502486774075,0.07534496342895232,0.06101052533059075
-10.4675,-15.0787,-19.79213,1.1884023487233022,0.095624815754612,0.08046501747269476
-10.3675,-15.0787,-19.79464,1.2865288333586782,0.12687170367043335,0.09861551516044578
-10.2675,-15.0787,-19.79714,1.227781359306761,0.0892093160672394,0.07265895950530592
-10.1675,-14.9787,-19.79474,1.1454748826528518,0.10679795854555606,0.09323465766287108
-10.2675,-14.9787,-19.79223,1.1431590882334874,0.06922962062113999,0.06055991797967494
-10.3675,-14.9787,-19.78973,1.0242345242232114,0.06908869510802591,0.06745397999586412
-10.4675,-14.9787,-19.78722,1.1264982724610273,0.08198328309306875,0.0727771050318278
-10.5675,-14.9787,-19.78471,1.108659878072913,0.108718167681746,0.09806268796406822
-10.6675,-14.9787,-19.78221,0.9086543018886157,0.06697150470477112,0.07370405286760046
-10.7675,-14.9787,-19.7797,0.8807711131077287,0.06984592268025046,0.07930087810646383
-10.8675,-14.9787,-19.77719,0.8654824182813788,0.04840926657334721,0.05593327553605921
-10.9675,-14.9787,-19.77469,0.702358519879241,0.10780113520866806,0.153484484287601
-11.0675,-14.9787,-19.77218,0.8441551914390354,0.09667392361003405,0.11452150574971119
-11.0675,-14.8787,-19.76727,1.0489939842674407,0.12997246421288824,0.1239020110336036
-10.9675,-14.8787,-19.76978,0.9729092499937831,0.08270639008375465,0.085009357331409
-10.8675,-14.8787,-19.77228,0.7638637846165449,0.08579550810308936,0.112317810885822
-10.7675,-14.8787,-19.77479,0.9043172571586767,0.06542534366338665,0.07234777744809391
-10.6675,-14.8787,-19.7773,0.9164677486693342,0.06795369570185394,0.07414739449426272
-10.5675,-14.8787,-19.7798,0.8509770820992173,0.05689803224151367,0.06686200302968888
-10.4675,-14.8787,-19.78231,1.0389168998525546,0.06836791784423038,0.06580691665900641
-10.3675,-14.8787,-19.78482,0.9801771246556614,0.07334470730899922,0.07482801369677484
-10.2675,-14.8787,-19.78732,1.0570481893302919,0.0771351341869162,0.07297220218104368
-10.1675,-14.8787,-19.78983,1.0738284380770151,0.12952861188138035,0.12062319015627572
-10.0675,-14.8787,-19.79233,1.1921402569740915,0.09761603065138245,0.08188300837952821
-9.9675,-14.7787,-19.78993,1.1969329000628377,0.10323863607756513,0.08625265131583
-10.0675,-14.7787,-19.78742,1.2340635572988592,0.15058680238173897,0.12202515947504852
-10.1675,-14.7787,-19.78492,1.1606129641417189,0.11317133386159035,0.09750996874766199
-10.2675,-14.7787,-19.78241,0.9826258813820328,0.04379591959500885,0.04457028908439828
-10.3675,-14.7787,-19.77991,1.053292243725664,0.16947557450996376,0.1609008093617982
-10.4675,-14.7787,-19.7774,0.9144808702649078,0.08733005474879353,0.095496863399117
-10.5675,-14.7787,-19.77489,0.943226818808033,0.049042687041237876,0.05199458503863758
-10.6675,-14.7787,-19.77239,0.838790627527932,0.09912109978607446,0.11817144414000226
-10.7675,-14.7787,-19.76988,0.7035773311453041,0.0978203788684759,0.13903287462266725
-10.8675,-14.7787,-19.76737,0.9783356897566753,0.07556028526958385,0.07723349568119779
-10.7675,-14.6787,-19.76497,0.9719687546748048,0.06780135824404664,0.06975672614777745
-10.6675,-14.6787,-19.76748,0.7891540622871328,0.08504452827067423,0.10776669896901686
-10.5675,-14.6787,-19.76998,0.8961104325365848,0.07949027512773271,0.08870589186504914
-10.4675,-14.6787,-19.77249,0.9666955774314717,0.04604459416781005,0.0476309142637762
-10.3675,-14.6787,-19.775,0.9065143577714923,0.04939940642616195,0.05449379373052821
-10.2675,-14.6787,-19.7775,1.0283754792572366,0.055738967844612346,0.0542009888108873
-10.1675,-14.6787,-19.78001,1.1075664829923977,0.08430285125870934,0.07611538679912183
-10.0675,-14.6787,-19.78251,1.0981015811213815,0.12697828023992316,0.11563436609412121
-9.9675,-14.6787,-19.78502,1.1261900553702382,0.11108696211736103,0.09863962267082964
-9.8675,-14.5787,-19.78262,1.1097568218590896,0.10777352267515881,0.09711453946695654
-9.9675,-14.5787,-19.78011,1.0687455001887658,0.06567844038504017,0.061453770213245155
-10.0675,-14.5787,-19.7776,1.1336371906152507,0.11792681889156664,0.10402518536602091
-10.1675,-14.5787,-19.7751,0.9276580570228153,0.1002147073625619,0.10802979244764664
-10.2675,-14.5787,-19.77259,0.9100928111247711,0.08555680216441633,0.09400887592846477
-10.3675,-14.5787,-19.77009,0.9738547671021921,0.07398494040474679,0.07597122579673436
-10.4675,-14.5787,-19.76758,0.7763208993211046,0.0583855597799464,0.0752080226501757
-10.5675,-14.5787,-19.76507,0.8930797401354184,0.08281791182216834,0.09273294208825138
-10.4675,-14.4787,-19.76267,0.3475633204013856,0.14385524955927806,0.4138965222024751
-10.3675,-14.4787,-19.76518,0.817095150301256,0.07404379329867516,0.09061832428129803
-10.2675,-14.4787,-19.76768,0.9286026686528807,0.0743167021239651,0.08003067903280525
-10.1675,-14.4787,-19.77019,1.0322405423606045,0.1003423192254214,0.0972082718200073
-10.0675,-14.4787,-19.77269,0.9872577419273831,0.048487940742689764,0.04911376095975579
-9.9675,-14.4787,-19.7752,0.9586139204411677,0.08511874923195749,0.0887935668540935
-9.8675,-14.4787,-19.77771,1.0592605247509694,0.07403675796687072,0.06989475793433976
-9.7675,-14.4787,-19.78021,1.1544888461890643,0.12244691387836851,0.10606158238995758
-9.6675,-14.3787,-19.77781,1.4458186605724743,0.3204408931199904,0.22163283809956588
-9.7675,-14.3787,-19.7753,1.3595373989449244,0.22529549205963312,0.1657148175802113
-9.8675,-14.3787,-19.7728,1.0781168778726555,0.07020380090413189,0.06511705951831337
-9.9675,-14.3787,-19.77029,0.9816003707722503,0.050193197363170815,0.051134044828938414
-10.0675,-14.3787,-19.76778,0.7024435434352749,0.09844980714385451,0.14015333767947993
-10.1675,-14.3787,-19.76528,0.29989917533221006,0.1681548207109782,0.5607045118570484
-10.2675,-14.3787,-19.76277,0.3192568599693595,0.13040102597894812,0.40845175884854373
-10.0675,-14.2787,-19.76288,0.26874560367686506,0.16361217967428862,0.6087994647570607
-9.9675,-14.2787,-19.76538,0.21007302211707465,0.0842760945974345,0.4011752377726401
-9.8675,-14.2787,-19.76789,0.5305337309907238,0.09812974272326652,0.18496419170185108
-9.7675,-14.2787,-19.77039,1.059688159290825,0.08063882775009701,0.07609675265604829
-9.6675,-14.2787,-19.7729,1.5516711304081774,0.23905463354390927,0.15406269334986233
-9.5675,-14.1787,-19.7705,2.6215265575619,0.47302534626101045,0.18043889156741502
-9.6675,-14.1787,-19.76799,0.6609013351830872,0.0911999721890281,0.13799332416806706
-9.7675,-14.1787,-19.76548,0.32100171985108134,0.10016361640562053,0.3120345163636142
-9.8675,-14.1787,-19.76298,0.2707092057877462,0.12445972206305654,0.4597543024105399
-9.7675,-14.0787,-19.76057,0.26342676604917814,0.12401280110783344,0.4707676557236479
-9.6675,-14.0787,-19.76308,0.21473475022083818,0.07286247032291744,0.33931382902852936
-9.5675,-14.0787,-19.76559,0.34176893426243315,0.11671409509544901,0.3415000118349788
-9.4675,-13.9787,-19.76318,0.6485461642308314,0.08899759347488655,0.1372263045922671
-9.5675,-13.9787,-19.76068,0.21840661633499509,0.11185370941364424,0.5121351692115474
-9.6675,-13.9787,-19.75817,0.22677619934232646,0.11915846365825047,0.5254451922372008
-9.5675,-13.8787,-19.75577,0.154298911868732,0.07348751789108973,0.4762672464832958
-9.4675,-13.8787,-19.75827,0.40018151385101186,0.08734891386549967,0.21827323562482148
-9.3675,-13.8787,-19.76078,0.6596708544750319,0.2705661450262767,0.41015325020171467
-9.2675,-13.7787,-19.75838,0.7732413524511215,0.2848785164187892,0.368421212233081
-9.3675,-13.7787,-19.75587,0.3716165708888481,0.10802353393542179,0.2906854602232795
-9.4675,-13.7787,-19.75336,0.24474110168759405,0.11301290837769831,0.46176513711193673
-9.3675,-13.6787,-19.75096,0.24600166266881313,0.11321136551634775,0.46020569246624093
-9.2675,-13.6787,-19.75347,0.3880364945818011,0.08115811880728567,0.20915073695517292
-9.1675,-13.6787,-19.75597,0.3491063627331454,0.08967160187346268,0.25686040544041033
-9.0675,-13.6787,-19.75848,0.9942879487959522,0.15910829897354992,0.1600223548582928
-8.9675,-13.5787,-19.75607,0.8703857636863704,0.20529414925106937,0.23586570210153832
-9.0675,-13.5787,-19.75357,0.34784857295463156,0.13772748423518824,0.395940920686633
-9.1675,-13.5787,-19.75106,0.33025852861544747,0.07847406825020412,0.23761405520454917
-9.2675,-13.5787,-19.74856,0.23666402031187322,0.0971998411580489,0.4107081466374146
-9.2675,-13.4787,-19.74365,0.25856438815367644,0.11717388471714296,0.4531710091781907
-9.1675,-13.4787,-19.74615,0.23949259087568064,0.10371928485893805,0.43307930520814397
-9.0675,-13.4787,-19.74866,0.29794152656031564,0.1643684628062748,0.5516802733203418
-8.9675,-13.4787,-19.75116,0.4153888381563882,0.1073404393397254,0.25840954180697845
-8.8675,-13.4787,-19.75367,0.6865609032434589,0.15698199178357117,0.2286497687851945
-8.7675,-13.3787,-19.75127,2.222261024622054,1.2048163136002463,0.5421578744581332
-8.8675,-13.3787,-19.74876,0.36487090977746994,0.09841013031840884,0.26971218499832694
-8.9675,-13.3787,-19.74625,0.2123048917686984,0.11725995223640007,0.552318654834163
-9.0675,-13.3787,-19.74375,0.2532254862561778,0.15519069480999365,0.6128557480702934
-9.1675,-13.3787,-19.74124,0.31661554745404547,0.18454701074781268,0.5828741267817822
-9.0675,-13.2787,-19.73884,0.23460937989694952,0.1455134054853947,0.6202369468318377
-8.9675,-13.2787,-19.74135,0.16955025959891873,0.07488895756279876,0.4416917894431602
-8.8675,-13.2787,-19.74385,0.3428785421555114,0.28348984311976005,0.8267937717466852
-8.7675,-13.2787,-19.74636,0.46074363678055025,0.10784528493441843,0.23406787706931387
-8.6675,-13.1787,-19.74395,1.3904025273455856,0.4319041278959027,0.3106324387373273
-8.7675,-13.1787,-19.74145,0.3811538004735481,0.12435746497558375,0.3262658402489525
-8.8675,-13.1787,-19.73894,0.24108261370698672,0.11396014895835545,0.47270164864258235
-8.9675,-13.1787,-19.73644,0.2040719390600762,0.12431529610690374,0.6091738858339896
-8.8675,-13.0787,-19.73403,0.21494005218145093,0.10499888748705062,0.48850312643644134
-8.7675,-13.0787,-19.73654,0.23544588513702808,0.12235094046738991,0.5196563125160688
-8.6675,-13.0787,-19.73904,0.3310637943344156,0.0732483540485084,0.22125147872412304
-8.5675,-13.0787,-19.74155,1.4385114427974657,0.27427829934072956,0.19066813873050742
-8.5675,-12.9787,-19.73664,0.44196326746924974,0.15068366188483046,0.34094159622737086
-8.6675,-12.9787,-19.73413,0.2835972285117678,0.15324206102858118,0.5403510529096107
-8.7675,-12.9787,-19.73163,0.2632364752115689,0.11349812480206967,0.43116412613734
-8.7675,-12.8787,-19.72672,0.4056495183282484,0.17081088548027923,0.42107996623346267
-8.6675,-12.8787,-19.72922,0.24487526296553944,0.13351349157633866,0.5452306205185274
-8.5675,-12.8787,-19.73173,0.279472945684086,0.1289732687790458,0.4614874919765442
-8.4675,-12.8787,-19.73424,1.6217956625169294,0.4400989253688807,0.27136521297995925
-8.4675,-12.7787,-19.72933,0.2773707434813948,0.12840541200166666,0.46293783688213574
-8.5675,-12.7787,-19.72682,0.24921279717590755,0.15523074549899324,0.6228843272017976
-8.6675,-12.7787,-19.72431,0.2383275956138259,0.1340213592022033,0.5623409192587365
-8.5675,-12.6787,-19.72191,0.20209627481757225,0.08963181692798748,0.4435104853312912
-8.4675,-12.6787,-19.72442,0.32954681884134646,0.23125410706239827,0.7017336956110348
-8.3675,-12.6787,-19.72692,0.7737009338159009,0.2202241354415395,0.2846372878928707
-8.2675,-12.5787,-19.72452,1.6023891935323413,0.5279841193447088,0.32949805295479384
-8.3675,-12.5787,-19.72201,0.26334411411646685,0.16248097855325327,0.6169911148323378
-8.4675,-12.5787,-19.71951,0.37457190195576257,0.21870234673518493,0.5838728041085526
-8.3675,-12.4787,-19.7171,0.3182600250722777,0.1607513216635601,0.5050942908304399
-8.2675,-12.4787,-19.71961,0.2863510660346206,0.11944366515743127,0.4171231726547517
-8.1675,-12.4787,-19.72212,0.4027613124668135,0.0975428501155196,0.24218525239699348
-8.0675,-12.3787,-19.71971,0.9046637443145835,0.2037065978076682,0.22517382738932026
-8.1675,-12.3787,-19.71721,0.900563106207582,0.42071861599049215,0.4671728311880406
-8.2675,-12.3787,-19.7147,0.2363595617908291,0.13108844844272832,0.5546145349462848
-8.3675,-12.3787,-19.71219,0.23807560028801644,0.12017777107880649,0.5047882728571058
-8.2675,-12.2787,-19.70979,0.23852705146352768,0.12419828113276095,0.5206884517739979
-8.1675,-12.2787,-19.7123,0.24210728024032893,0.14131302017557418,0.5836793508865126
-8.0675,-12.2787,-19.7148,0.4899097879259079,0.18184399507558527,0.37117853032788695
-7.9675,-12.2787,-19.71731,1.042588118374145,0.3943960104250407,0.37828554102465517
-7.9675,-12.1787,-19.7124,0.5311467920942976,0.26305411749348784,0.4952569071466524
-8.0675,-12.1787,-19.70989,0.2813664495667821,0.06851431345576758,0.24350562606614465
-8.1675,-12.1787,-19.70739,0.21228741121738218,0.08834559217633947,0.4161602973521291
-8.1675,-12.0787,-19.70248,0.19617636652778866,0.15353973673726923,0.7826617418542111
-8.0675,-12.0787,-19.70498,0.1844779443359335,0.08161671167756367,0.44241988911660896
-7.9675,-12.0787,-19.70749,0.46391110295381804,0.1124603672430902,0.24241792560478023
-7.8675,-12.0787,-19.71,0.8454923208013898,0.49313396707045254,0.5832506753024573
-7.7675,-11.9787,-19.70759,0.6257203645003149,0.2735564665504159,0.43718645271977274
-7.8675,-11.9787,-19.70509,0.35650754318806566,0.15537409414558404,0.4358227395587553
-7.9675,-11.9787,-19.70258,0.18200838027893412,0.09908222211214791,0.5443827474333929
-8.0675,-11.9787,-19.70007,0.181602173377248,0.0974261859161212,0.5364813873330396
-7.9675,-11.8787,-19.69767,0.1879201404897961,0.11686316311524127,0.6218767334392602
-7.8675,-11.8787,-19.70018,0.2416313587558593,0.11294121088862893,0.4674112311835445
-7.7675,-11.8787,-19.70268,0.3542205187613735,0.16144143506374964,0.45576533970497435
-7.6675,-11.7787,-19.70028,0.8998083786823944,0.2975166812499873,0.33064448864728996
-7.7675,-11.7787,-19.69777,0.20096256853751945,0.09757044888445553,0.4855155345321895
-7.8675,-11.7787,-19.69527,0.21346117589892458,0.10159407085522228,0.47593699616518464
-7.9675,-11.7787,-19.69276,0.2315529352975724,0.13510582284440256,0.5834770467097552
-7.8675,-11.6787,-19.69036,0.24426596621817115,0.1491147408442567,0.6104605694887179
-7.7675,-11.6787,-19.69286,0.2851562767384515,0.12077488302228398,0.4235392760898616
-7.6675,-11.6787,-19.69537,0.29104172545987683,0.14892797503757604,0.5117066111474361
-7.5675,-11.5787,-19.69296,0.39434910095416775,0.14813524477655568,0.37564494103860613
-7.6675,-11.5787,-19.69046,0.36722078971515143,0.07079377313303063,0.19278258507080842
-7.7675,-11.5787,-19.68795,0.24764526140159054,0.10281278034159082,0.4151615086826389
-7.7675,-11.4787,-19.68304,0.21897771532823546,0.11841931876196245,0.5407825110626369
-7.6675,-11.4787,-19.68555,0.2502876101790647,0.13503797830482075,0.539531214542381
-7.5675,-11.4787,-19.68805,0.3433588974466926,0.1882123265304005,0.548150427817648
-7.4675,-11.3787,-19.68565,0.22848107430566186,0.16530937491925074,0.7235145204985335
-7.5675,-11.3787,-19.68315,0.25939380892504765,0.1654162781853362,0.6377032623516992
-7.6675,-11.3787,-19.68064,0.23683850837791937,0.12797103178355407,0.5403303401123974
-7.6675,-11.2787,-19.67573,0.21853112425853277,0.14773377832354723,0.6760308346227657
-7.5675,-11.2787,-19.67824,0.2251575550670139,0.10252368220439942,0.4553419589846105
-7.4675,-11.2787,-19.68074,0.2306567180488311,0.12430445211479971,0.5389153767829293
-7.3675,-11.2787,-19.68325,0.7017116601199127,0.3341174852543686,0.47614640634199035
-7.2675,-11.1787,-19.68084,0.4299004104036884,0.13649320698230347,0.3174995968348403
-7.3675,-11.1787,-19.67834,0.25204598571401715,0.1457043028319142,0.5780861870073065
-7.4675,-11.1787,-19.67583,0.37632781612054955,0.19508317957537075,0.5183862877488692
-7.5675,-11.1787,-19.67333,0.23479180143126954,0.14272213831079464,0.6078667885367948
-7.5675,-11.0787,-19.66842,0.24370304702429285,0.14065468777700854,0.5771560491116378
-7.4675,-11.0787,-19.67092,0.30888161513346024,0.14790828969930706,0.47885106284295836
-7.3675,-11.0787,-19.67343,0.29430002140445494,0.16328683897981452,0.5548312167990307
-7.2675,-11.0787,-19.67593,0.23151044894130396,0.09451081357803337,0.40823562828473103
-7.1675,-10.9787,-19.67353,0.5422457636187941,0.24527620005074588,0.4523340088705207
-7.2675,-10.9787,-19.67102,0.26515101260697255,0.16634753993653104,0.6273690539628611
-7.3675,-10.9787,-19.66852,0.3735178531140667,0.19315597653956032,0.5171264905524433
-7.4675,-10.9787,-19.66601,0.2623648291655892,0.16790551780488672,0.6399696115477227
-7.5675,-10.9787,-19.66351,0.2493851080546325,0.15724371513148533,0.6305256811767531
-7.4675,-10.8787,-19.6611,0.20867224915410487,0.17839453941861316,0.8549030364208536
-7.3675,-10.8787,-19.66361,0.41950980829988593,0.18013654270001353,0.42939769019951785
-7.2675,-10.8787,-19.66611,0.3196027417005321,0.20971463862040232,0.6561728397715219
-7.1675,-10.8787,-19.66862,0.3017298356816834,0.12940924785166488,0.42889112228261067
-7.1675,-10.7787,-19.66371,0.26283271907244377,0.15923156447726622,0.6058285476755187
-7.2675,-10.7787,-19.6612,0.363931603958734,0.17283523239211035,0.47491130342092536
-7.3675,-10.7787,-19.6587,0.31462949570718174,0.21389499117260505,0.6798313384186716
-7.4675,-10.7787,-19.65619,0.2547929538747083,0.12624634981491062,0.4954860324630127
-7.4675,-10.6787,-19.65128,0.3737694981222803,0.19972560125167702,0.5343550028962929
-7.3675,-10.6787,-19.65379,0.2825468839583001,0.20202805853126896,0.7150249038353771
-7.2675,-10.6787,-19.65629,0.3768619283931577,0.1900530733147638,0.504304253085742
-7.1675,-10.6787,-19.6588,0.34202707210687355,0.1645973905203113,0.4812408254890402
-7.0675,-10.6787,-19.66131,0.320264767019513,0.15214288092820155,0.4750534451356987
-6.9675,-10.5787,-19.6589,0.9137713414262223,0.3654859448092575,0.39997527635174446
-7.0675,-10.5787,-19.6564,0.36774292707742423,0.2550167936243159,0.6934648496193236
-7.1675,-10.5787,-19.65389,0.38644020503689114,0.1966190226847528,0.5087954620715066
-7.2675,-10.5787,-19.65138,0.3052776804928688,0.2166431609546173,0.7096593521178762
-7.3675,-10.5787,-19.64888,0.2729782291164168,0.21598882304091588,0.7912309481237176
-7.3675,-10.4787,-19.64397,0.23235508799984092,0.14073182358279346,0.6056756699164246
-7.2675,-10.4787,-19.64648,0.34256648055292216,0.20590563116668698,0.6010676550558693
-7.1675,-10.4787,-19.64898,0.45902795272510355,0.17742564194246363,0.3865247004875058
-7.0675,-10.4787,-19.65149,0.4296519610845923,0.2568641290468524,0.5978423289362795
-6.9675,-10.4787,-19.65399,0.3017469888928715,0.12192217231106905,0.4040543130468645
-6.9675,-10.3787,-19.64908,0.37275260129535076,0.17938950356295028,0.4812562083793773
-7.0675,-10.3787,-19.64658,0.43643503331119876,0.24713888400032444,0.5662672909763932
-7.1675,-10.3787,-19.64407,0.40193802751792307,0.23688063544880017,0.5893461659042383
-7.2675,-10.3787,-19.64157,0.36238884650337194,0.19080274251896762,0.5265138382706606
-7.3675,-10.3787,-19.63906,0.2700260959616355,0.1545912863995562,0.5725049864125726
-7.2675,-10.2787,-19.63666,0.32814724706347215,0.1919848457586319,0.585057005587181
-7.1675,-10.2787,-19.63916,0.3765690500210142,0.2049370191583266,0.5442216218961442
-7.0675,-10.2787,-19.64167,0.47561842452846353,0.23491413593819077,0.49391302738342985
-6.9675,-10.2787,-19.64417,0.3836705387809191,0.26039311874324256,0.6786893764911421
-6.8675,-10.2787,-19.64668,0.36943692905592973,0.186527235984914,0.5048960223374834
-6.8675,-10.1787,-19.64177,0.7907954590508299,0.3223219663611047,0.4075920804451494
-6.9675,-10.1787,-19.63926,0.3267112826641847,0.15861121497005576,0.48547822920791744
-7.0675,-10.1787,-19.63676,0.48493159104150313,0.22013906093345878,0.4539590016411574
-7.1675,-10.1787,-19.63425,0.4395704343012909,0.2849874149169779,0.6483316271486118
-7.2675,-10.1787,-19.63175,0.21979048795859404,0.12421643946238074,0.5651583952340179
-7.2675,-10.0787,-19.62684,0.26626362364410766,0.1946427603236453,0.7310152158967386
-7.1675,-10.0787,-19.62934,0.4187764493030589,0.22279178540658678,0.5320064816857871
-7.0675,-10.0787,-19.63185,0.4175530583621329,0.18950690789472335,0.4538510833523076
-6.9675,-10.0787,-19.63435,0.3092439948462665,0.2305801247468048,0.7456252298817714
-6.9675,-9.9787,-19.62944,0.38367888351070073,0.19000343729531027,0.4952147367526707
-7.0675,-9.9787,-19.62694,0.5448230856211328,0.2707476163507475,0.4969459325352891
-7.1675,-9.9787,-19.62443,0.4244225642692535,0.22635233724445453,0.5333183395519393
-7.2675,-9.9787,-19.62193,0.5254504569734071,0.24298683821182995,0.4624352971570971
-7.2675,-9.8787,-19.61702,0.33110048983218937,0.19602158473383105,0.592030488487589
-7.1675,-9.8787,-19.61952,0.4169065989424727,0.25368328534269025,0.6084894937767464
-7.0675,-9.8787,-19.62203,0.5682342209767228,0.32089929729221295,0.5647306787342509
-6.9675,-9.8787,-19.62453,0.5310703437005924,0.2672636030782941,0.5032546182412558
-6.9675,-9.7787,-19.61962,0.2720745419562416,0.12826854734248233,0.47144634121303447
-7.0675,-9.7787,-19.61712,0.6157795784963496,0.241422229907688,0.39205949391372874
-7.1675,-9.7787,-19.61461,0.4311905795337091,0.26621102233319743,0.6173859888615352
-7.1675,-9.6787,-19.6097,0.5102889916394655,0.2651107875524335,0.5195306814295187
-7.0675,-9.6787,-19.61221,0.42212797147776004,0.22107162951825723,0.5237076063553502
-6.9675,-9.6787,-19.61472,0.27168196036166264,0.13156634310330137,0.4842660253487587
-6.9675,-9.5787,-19.60981,0.3720568760265323,0.12637442944640967,0.33966427605385147
-7.0675,-9.5787,-19.6073,0.3409489633843552,0.13995945801920862,0.4104997317778348
-7.1675,-9.5787,-19.60479,0.4910077614754404,0.21911193745824856,0.44624943768675696
-7.1675,-9.4787,-19.59988,0.3597826073046131,0.1912763734748535,0.5316443029523872
-7.0675,-9.4787,-19.60239,0.4488783725451328,0.25990091348210803,0.5790007480388825
-6.9675,-9.4787,-19.6049,0.6789080562028049,0.09695060808686827,0.14280373785681955
-6.9675,-9.3787,-19.59999,1.2393168720577867,0.343751038479644,0.277371385986921
-7.0675,-9.3787,-19.59748,0.3191149682633358,0.17718177807133997,0.5552286658177952
-7.1675,-9.3787,-19.59497,0.3232109997007465,0.17654633469163297,0.5462262573213569
-7.2675,-9.3787,-19.59247,0.5156499925054774,0.29230070909516115,0.5668587478783998
-7.2675,-9.2787,-19.58756,0.24547991755639167,0.11909762198835824,0.4851623838475468
-7.1675,-9.2787,-19.59006,0.259319623875575,0.10572931258482023,0.4077181317968846
-7.0675,-9.2787,-19.59257,0.3553869534915978,0.13322971656807955,0.3748863464432985
-6.9675,-9.2787,-19.59508,0.9442776736257683,0.18855487885548097,0.19968160226798728
-6.9675,-9.1787,-19.59017,1.4136666050455138,0.6369035871566202,0.4505330923737247
-7.0675,-9.1787,-19.58766,0.2921853246500815,0.10739360940489284,0.36755305740802163
-7.1675,-9.1787,-19.58515,0.3641973283179555,0.22842216258382259,0.6271934053958875
-7.2675,-9.1787,-19.58265,0.3389967558563467,0.1347734539160165,0.3975656155633776
-7.2675,-9.0787,-19.57774,0.28307888208384824,0.10877783070509855,0.3842668513608106
-7.1675,-9.0787,-19.58024,0.4080550203978162,0.3030688634538165,0.7427156836799904
-7.0675,-9.0787,-19.58275,0.27582580102439846,0.11793300168710814,0.42756334341861024
-7.0675,-8.9787,-19.57784,0.5098528036178218,0.2989000844121693,0.5862477999360388
-7.1675,-8.9787,-19.57533,0.44178808579068585,0.3015218813302426,0.6825034242166056
-7.2675,-8.9787,-19.57283,0.2408711038522382,0.11035102682428455,0.45813310546365543
-7.2675,-8.8787,-19.56792,0.4251222269009302,0.16071693944383134,0.3780487805011535
-7.1675,-8.8787,-19.57042,0.3983652782259604,0.18783604300458603,0.471517105710307
-7.0675,-8.8787,-19.57293,0.3817707887905214,0.14491340593238058,0.37958222626586274
-7.0675,-8.7787,-19.56802,0.6657908965161378,0.28342480815160387,0.4256964305680231
-7.1675,-8.7787,-19.56551,0.4148137311303114,0.16188894908532087,0.390269021819011
-7.2675,-8.7787,-19.56301,0.4882393132274636,0.2218690354645174,0.45442681376448646
-7.2675,-8.6787,-19.5581,0.6541020079789581,0.31508124420109807,0.481700469280984
-7.1675,-8.6787,-19.5606,0.34984850963814196,0.15932540531224162,0.45541255978776735
-7.0675,-8.6787,-19.56311,0.3276018996254629,0.08285761011999082,0.2529216412197834
-7.0675,-8.5787,-19.5582,2.419893086624357,1.6247738440422272,0.6714238133176017
-7.1675,-8.5787,-19.55569,0.3671665645868365,0.18371480761638323,0.5003582170482026
-7.2675,-8.5787,-19.55319,0.5892437093835643,0.2217925960711383,0.37640214488359325
-7.2675,-8.4787,-19.54828,0.4870495401426351,0.37087582222447363,0.7614745352513025
-7.1675,-8.4787,-19.55078,0.33536847084315125,0.1555200131039179,0.46372878378496457
-7.1675,-8.3787,-19.54587,0.4311116734058505,0.25415053112148545,0.5895236589481699
-7.2675,-8.3787,-19.54337,0.4493009705003665,0.14204361848811123,0.31614358261884806
-7.3675,-8.3787,-19.54086,0.5169617261865305,0.27526421815006025,0.5324653725926689
-7.3675,-8.2787,-19.53595,0.43557954352965006,0.2709910281608519,0.6221390149889017
-7.2675,-8.2787,-19.53846,0.337409322903571,0.13442063516316097,0.3983904001418993
-7.1675,-8.2787,-19.54096,0.31181838414853313,0.17141837152550743,0.5497378610103154
-7.1675,-8.1787,-19.53605,0.27102457107363154,0.10823207250219277,0.3993441335353629
-7.2675,-8.1787,-19.53355,0.3650990051644637,0.1578910777399917,0.43246099142030686
-7.3675,-8.1787,-19.53104,0.4792962241679216,0.29152361323393716,0.6082326514047433
-7.3675,-8.0787,-19.52613,0.5839705589429716,0.354787038063884,0.6075426793879368
-7.2675,-8.0787,-19.52864,0.3632552860592436,0.14875690554429938,0.4095106423861881
-7.1675,-8.0787,-19.53115,0.44885772529009993,0.1793588727875951,0.3995895863698774
-7.0675,-7.9787,-19.52874,1.0508809776728938,0.25734148908173493,0.24488167028353733
-7.1675,-7.9787,-19.52624,0.41063008088291697,0.10914026667687585,0.26578731505058695
-7.2675,-7.9787,-19.52373,0.26088910994888626,0.14260396239136752,0.5466075698571959
-7.3675,-7.9787,-19.52122,0.45849641693918486,0.2395502461293973,0.5224691781204722
-7.4675,-7.8787,-19.51381,0.5378536267687551,0.22542848461511225,0.4191260844877281
-7.3675,-7.8787,-19.51631,0.42883483230192254,0.19888053157577193,0.46376953688255773
-7.2675,-7.8787,-19.51882,0.2763135793446879,0.12939768191360998,0.468300118367301
-7.1675,-7.8787,-19.52133,0.38540924290467143,0.11784866873992883,0.30577540863252717
-7.0675,-7.8787,-19.52383,1.012177822644998,0.2955326254307539,0.2919769815332205
-7.0675,-7.7787,-19.51892,0.8554677873488163,0.22867252352989575,0.2673069949700569
-7.1675,-7.7787,-19.51642,0.6418485693863734,0.269670178711237,0.42014610855805107
-7.2675,-7.7787,-19.51391,0.2125415964395691,0.10564837245140125,0.4970715108063081
-7.3675,-7.7787,-19.5114,0.3065150744116021,0.20324414920311484,0.663080436070787
-7.4675,-7.7787,-19.5089,0.600445220112707,0.24065397089227392,0.4007925499799995
-7.4675,-7.6787,-19.50399,0.3105979575444357,0.1049584935572113,0.33792396571762845
-7.3675,-7.6787,-19.50649,0.21392921146155391,0.12131771962823036,0.5670928191591678
-7.2675,-7.6787,-19.509,0.32742700835925453,0.18245585031503758,0.557241295485454
-7.1675,-7.6787,-19.51151,0.8117305553641891,0.29344714381159115,0.3615080667746132
-7.1675,-7.5787,-19.5066,0.7250755512700326,0.3143992109613946,0.4336088982874918
-7.2675,-7.5787,-19.50409,0.27932061910152856,0.09579356819222826,0.3429520115642048
-7.3675,-7.5787,-19.50158,0.218731484646166,0.10833236232032267,0.4952755772474548
-7.4675,-7.5787,-19.49908,0.30272613545479066,0.1560223254825718,0.5153909993538444
-7.5675,-7.5787,-19.49657,0.5144634518550758,0.2621607847756153,0.5095809699023399
-7.5675,-7.4787,-19.49166,0.3187363298922984,0.15007084348511077,0.47083068169800407
-7.4675,-7.4787,-19.49417,0.3129020923974264,0.1464143903369964,0.4679239733271936
-7.3675,-7.4787,-19.49667,0.24365202490263088,0.09743873491498983,0.3999093992915867
-7.2675,-7.4787,-19.49918,0.5207321952181794,0.1914983694752674,0.3677482806589908
-7.1675,-7.4787,-19.50169,0.45058793595376423,0.11447722215459172,0.25406188896796933
-7.1675,-7.3787,-19.49678,1.7027561363004573,0.5891833894610959,0.3460174812473161
-7.2675,-7.3787,-19.49427,0.5330425496780344,0.2934368353580724,0.5504942063918022
-7.3675,-7.3787,-19.49176,0.3461693874098961,0.13960684350161645,0.40329055248409135
-7.4675,-7.3787,-19.48926,0.2183068144975449,0.08875264079545234,0.4065500245593591
-7.5675,-7.3787,-19.48675,0.22848689694450441,0.1540081174384318,0.6740347892940125
-7.5675,-7.2787,-19.48184,0.25182026083793263,0.10375703480467928,0.4120281444369387
-7.4675,-7.2787,-19.48435,0.23656258175268396,0.1505592535302376,0.6364457659142427
-7.3675,-7.2787,-19.48685,0.2148878975595383,0.04615906609480275,0.2148053316125614
-7.2675,-7.2787,-19.48936,0.8318378899234379,0.2514757039843002,0.3023133557999455
-7.1675,-7.2787,-19.49187,0.8827716547832617,0.24385057441960437,0.27623290020506447
-7.1675,-7.1787,-19.48696,0.880738422208946,0.1979222553666855,0.22472308505661004
-7.2675,-7.1787,-19.48445,0.6745626027084917,0.3409433831726808,0.5054288242540145
-7.3675,-7.1787,-19.48194,0.29818475928616495,0.1036864068542432,0.3477253736993861
-7.4675,-7.1787,-19.47944,0.24137954654485133,0.12494505384334081,0.5176290022573411
-7.5675,-7.1787,-19.47693,0.24923009510290392,0.13237601334795146,0.5311397618064347
-7.6675,-7.0787,-19.46952,0.26002731932105416,0.0882517907671027,0.3393943028660721
-7.5675,-7.0787,-19.47202,0.23876330405387386,0.1501966329152383,0.6290607910223439
-7.4675,-7.0787,-19.47453,0.22786805994998677,0.13104203926233401,0.5750785752557667
-7.3675,-7.0787,-19.47703,0.3598165010399462,0.11271135193987405,0.3132467566498876
-7.2675,-7.0787,-19.47954,0.3825200742612411,0.1645138283945758,0.43007894085637316
-7.2675,-6.9787,-19.47463,0.5664015321144796,0.200392826762855,0.3537999376780501
-7.3675,-6.9787,-19.47212,0.7907224110634922,0.8534570139188911,1.0793383391916553
-7.4675,-6.9787,-19.46962,0.28860695409755366,0.16318480789807174,0.5654223004027572
-7.5675,-6.9787,-19.46711,0.23838103627849766,0.1393315476161975,0.5844909049452162
-7.6675,-6.9787,-19.46461,0.3480938871766692,0.22866184835147463,0.656897052131861
-7.6675,-6.8787,-19.4597,0.21910568727118815,0.2699098774655711,1.2318707050789712
-7.5675,-6.8787,-19.4622,0.18827471709445637,0.09385251659518633,0.4984870939845898
-7.4675,-6.8787,-19.46471,0.23610294058726816,0.09291929614821776,0.3935541671657961
-7.3675,-6.8787,-19.46721,0.2995042869511205,0.12778877911708642,0.4266676127341767
-7.2675,-6.8787,-19.46972,0.8589491231455695,0.24842626740945045,0.2892211665572056
-7.2675,-6.7787,-19.46481,1.0305758442792272,0.28727502027513874,0.27875194423565747
-7.3675,-6.7787,-19.4623,0.32028350968177793,0.15819395511113868,0.4939185138451694
-7.4675,-6.7787,-19.4598,0.25993484425693675,0.13694655708224787,0.52684955521731
-7.5675,-6.7787,-19.45729,0.20207042253361457,0.14783842706276354,0.7316183398298705
-7.6675,-6.7787,-19.45479,0.12985224090800046,0.05323383827019382,0.40995702421423497
-7.7675,-6.6787,-19.44737,0.3050730742847922,0.09686141293199602,0.31750233336414946
-7.6675,-6.6787,-19.44988,0.25777335064743534,0.14068667169711174,0.5457766341778801
-7.5675,-6.6787,-19.45238,0.2550799175973576,0.11294956779684624,0.44280070677746014
-7.4675,-6.6787,-19.45489,0.26495359970932075,0.11314500607762044,0.42703705932567537
-7.3675,-6.6787,-19.45739,0.27268821731796,0.1323446345127142,0.48533316112590835
-7.2675,-6.6787,-19.4599,1.2112297515712551,0.22584721376443348,0.1864610850843579
-7.2675,-6.5787,-19.45499,0.7820348374021728,0.11558633731763175,0.14780203104710257
-7.3675,-6.5787,-19.45248,0.32693437576170814,0.19046066098168005,0.582565417105299
-7.4675,-6.5787,-19.44998,0.34101436296697574,0.1810742077232666,0.5309870415657597
-7.5675,-6.5787,-19.44747,0.2583367080899977,0.14075743559526807,0.5448603748029176
-7.6675,-6.5787,-19.44497,0.2083335646343416,0.106138272864244,0.5094631441195444
-7.7675,-6.5787,-19.44246,0.20903274319057172,0.10101061632691939,0.48322867884305415
-7.7675,-6.4787,-19.43755,0.1659411164946976,0.09542170021802078,0.5750334952161772
-7.6675,-6.4787,-19.44006,0.21175204785675245,0.08914393658390328,0.4209826421334447
-7.5675,-6.4787,-19.44256,0.2530105118740362,0.12637387334443922,0.49948072279050487
-7.4675,-6.4787,-19.44507,0.23139279358478365,0.10407284143574348,0.44976699500198825
-7.3675,-6.4787,-19.44758,0.34736410362958103,0.0865313110761289,0.2491083856160433
-7.2675,-6.4787,-19.45008,0.5235535074263096,0.15526124727813706,0.2965527784187181
-7.3675,-6.3787,-19.44267,0.3166856771619518,0.09829877450557413,0.3103985484487337
-7.4675,-6.3787,-19.44016,0.3125923600453308,0.05082606501559518,0.16259535264465388
-7.5675,-6.3787,-19.43765,0.24903600005314458,0.06798711720820637,0.2730011612525813
-7.6675,-6.3787,-19.43515,0.20850493689241975,0.09668391490729673,0.4637008425233681
-7.7675,-6.3787,-19.43264,0.2690610552923194,0.12424876577144783,0.46178651026421746
-7.8675,-6.2787,-19.42522,0.22057747678946776,0.1526748197106391,0.6921596072855661
-7.7675,-6.2787,-19.42773,0.15572022308930702,0.06903474927534572,0.4433255225671854
-7.6675,-6.2787,-19.43024,0.21952830955072286,0.10978018583230573,0.5000730250097453
-7.5675,-6.2787,-19.43274,0.2806903175121078,0.10288926391232174,0.36655793767408285
-7.4675,-6.2787,-19.43525,0.25218705475385556,0.06471809439837113,0.2566273453708341
-7.3675,-6.2787,-19.43776,0.34670291577854606,0.07638591796784197,0.22032095633321097
-7.3675,-6.1787,-19.43285,0.34609155500167604,0.08257867818856929,0.23860356311834705
-7.4675,-6.1787,-19.43034,0.260052291090063,0.08174406373777242,0.31433702581555906
-7.5675,-6.1787,-19.42783,0.22584673795876928,0.10704647533749556,0.4739783992675512
-7.6675,-6.1787,-19.42533,0.24394288024367525,0.12611614348675973,0.516990466623916
-7.7675,-6.1787,-19.42282,0.19889046264217008,0.083232048846391,0.41848185046528014
-7.8675,-6.1787,-19.42031,0.155002672606136,0.10044592659967079,0.6480270624423704
-7.8675,-6.0787,-19.4154,0.18786802484601633,0.08874469317350989,0.47237784740776595
-7.7675,-6.0787,-19.41791,0.24837150105955724,0.11099950299974656,0.4469091764804767
-7.6675,-6.0787,-19.42042,0.29009613571420484,0.12444876966167376,0.42899147675747545
-7.5675,-6.0787,-19.42292,0.21530844909551225,0.0825484741202158,0.38339635284631474
-7.4675,-6.0787,-19.42543,0.31615503804505474,0.09514519313924959,0.300944731823918
-7.3675,-6.0787,-19.42794,0.7589327374628559,0.40284774675577795,0.5308082348674468
-7.3675,-5.9787,-19.42303,0.6551149641254834,0.12983730229415696,0.19819010311797333
-7.4675,-5.9787,-19.42052,0.4184836296170986,0.13421356390056238,0.32071401221444246
-7.5675,-5.9787,-19.41801,0.2662423085094935,0.07891672490954248,0.29640940747299943
-7.6675,-5.9787,-19.41551,0.25141811127303354,0.111852027376629,0.44488452645784377
-7.7675,-5.9787,-19.413,0.221934976586403,0.09968982856051209,0.4491848472640417
-7.8675,-5.9787,-19.41049,0.20667789926070373,0.0842789041870801,0.4077789859900337
-7.9675,-5.8787,-19.40308,0.20035708400265362,0.07167004749145109,0.35771157205752635
-7.8675,-5.8787,-19.40558,0.23093668745140375,0.10403280601550854,0.45048193582234647
-7.7675,-5.8787,-19.40809,0.2558190126588612,0.13191959566903183,0.5156754937716406
-7.6675,-5.8787,-19.4106,0.25071735443614895,0.08121872306251393,0.32394535769241367
-7.5675,-5.8787,-19.4131,0.29006708241348833,0.08294937623713802,0.28596618253599126
-7.4675,-5.8787,-19.41561,0.38380326061103515,0.05994670749743763,0.15619124079873445
-7.3675,-5.8787,-19.41812,2.2722248523364224,1.0025339556234185,0.4412124770981885
-7.4675,-5.7787,-19.4107,0.40758460143089437,0.13590319270621443,0.33343554253301866
-7.5675,-5.7787,-19.40819,0.25271675382151526,0.0822610712575305,0.3255069955339349
-7.6675,-5.7787,-19.40569,0.2666343922370881,0.12710987467327964,0.476719726989514
-7.7675,-5.7787,-19.40318,0.2778738138524098,0.09519681328836727,0.3425900842132977
-7.8675,-5.7787,-19.40068,0.2565534801625795,0.10747254246375132,0.4189089245472145
-7.9675,-5.7787,-19.39817,0.2395618411982358,0.14322105333494134,0.5978458531566674
-7.9675,-5.6787,-19.39326,0.25215871452597416,0.16410547293700292,0.6508023061804548
-7.8675,-5.6787,-19.39577,0.24658963244620544,0.10055952825295794,0.407801119841871
-7.7675,-5.6787,-19.39827,0.2578516292853894,0.09256301247964295,0.35897780726137857
-7.6675,-5.6787,-19.40078,0.3160897121138246,0.10635033140931097,0.3364561620753224
-7.5675,-5.6787,-19.40328,0.3637798343567219,0.052876795936650574,0.14535384027032042
-7.4675,-5.6787,-19.40579,0.5827957057040184,0.11365237790065554,0.19501238047621375
-7.4675,-5.5787,-19.40088,0.9216902234864837,0.1571267166358204,0.1704767096709089
-7.5675,-5.5787,-19.39837,0.45567686990648326,0.1624269291856008,0.3564519946314919
-7.6675,-5.5787,-19.39587,0.2631313307895879,0.10475670072036974,0.3981156497252625
-7.7675,-5.5787,-19.39336,0.26185301137873174,0.11408066027323886,0.43566678753309435
-7.8675,-5.5787,-19.39086,0.21916568073496503,0.1105415195508125,0.5043742212745859
-7.9675,-5.5787,-19.38835,0.2864678927448382,0.1423397635934091,0.49687859337239426
-8.0675,-5.4787,-19.38093,0.2733617339040739,0.1009022661498806,0.3691162794032045
-7.9675,-5.4787,-19.38344,0.28675749782214405,0.16760107053905343,0.58446970632658
-7.8675,-5.4787,-19.38595,0.2857682377853935,0.13780862792192125,0.4822391354262852
-7.7675,-5.4787,-19.38845,0.2708427785306461,0.15106202911156563,0.5577480408785307
-7.6675,-5.4787,-19.39096,0.1879857419557543,0.10337212988316563,0.549893458981033
-7.5675,-5.4787,-19.39346,0.34502196412401265,0.10000150758941868,0.2898409898144187
-7.4675,-5.4787,-19.39597,1.2881941941207986,0.5350471122326156,0.41534662605570033
-7.5675,-5.3787,-19.38855,0.6133577741373063,0.1448785402811014,0.23620559873863908
-7.6675,-5.3787,-19.38605,0.20837861103524177,0.06606991397815125,0.31706667805256294
-7.7675,-5.3787,-19.38354,0.24301466773810051,0.1087235120662383,0.44739485512623783
-7.8675,-5.3787,-19.38104,0.31852706052699203,0.15085154685447713,0.4735909928811023
-7.9675,-5.3787,-19.37853,0.24242274641389255,0.14172307848473562,0.5846113064108652
-8.0675,-5.3787,-19.37602,0.24320140255252634,0.1357634263956873,0.5582345536283052
-8.0675,-5.2787,-19.37111,0.1941601338302085,0.08617501395160283,0.44383474738929773
-7.9675,-5.2787,-19.37362,0.25829229388839775,0.13129337918021178,0.5083131873726774
-7.8675,-5.2787,-19.37613,0.283568674565548,0.14889503494245548,0.5250757516519612
-7.7675,-5.2787,-19.37863,0.18818349706565846,0.0825743436901489,0.43879694541619757
-7.6675,-5.2787,-19.38114,0.2178809294922464,0.07784357233695699,0.35727574927445477
-7.5675,-5.2787,-19.38364,1.1032651106016318,0.5073608015766362,0.45987206220992755
-7.6675,-5.1787,-19.37623,0.8882565946975912,0.35810607838798747,0.4031561156153368
-7.7675,-5.1787,-19.37372,0.2239703391877626,0.10127717051728169,0.45219010197764314
-7.8675,-5.1787,-19.37122,0.2638855046430617,0.10904369241512682,0.41322350222541443
-7.9675,-5.1787,-19.36871,0.2893271537217445,0.1340737586013335,0.4633984639073202
-8.0675,-5.1787,-19.3662,0.23685188997403706,0.11680425724148986,0.4931531568284871
-8.1675,-5.0787,-19.35879,0.24007756053443957,0.13263101237101452,0.5524506833365143
-8.0675,-5.0787,-19.36129,0.2720436864357576,0.12584863989021072,0.46260452333610597
-7.9675,-5.0787,-19.3638,0.21723955539056047,0.12469584878856792,0.5740015834795168
-7.8675,-5.0787,-19.36631,0.22481961184809354,0.11079379860155214,0.49281198241910257
-7.7675,-5.0787,-19.36881,0.38454985739131375,0.13202889470499307,0.34333362025055153
-7.6675,-5.0787,-19.37132,0.6080990680489177,0.26585312964300034,0.43718720124993543
-7.7675,-4.9787,-19.3639,0.4484284978005107,0.2924207089675227,0.6521010827853538
-7.8675,-4.9787,-19.3614,0.2951848222147452,0.12879208610211654,0.4363099875386583
-7.9675,-4.9787,-19.35889,0.24364359442724076,0.1295182225748068,0.5315888680729705
-8.0675,-4.9787,-19.35638,0.2526463927876081,0.12123890755741304,0.47987587006371707
-8.1675,-4.9787,-19.35388,0.2393441391055286,0.14677418031127018,0.6132349046013462
-8.1675,-4.8787,-19.34897,0.27226250239798255,0.15058027689427764,0.5530702008834303
-8.0675,-4.8787,-19.35147,0.2613507481146186,0.13915400435203912,0.5324415765246304
-7.9675,-4.8787,-19.35398,0.22179330289142613,0.08387958472079958,0.37818808605713816
-7.8675,-4.8787,-19.35649,0.35682873466525217,0.13546443760721152,0.3796343299938927
-7.7675,-4.8787,-19.35899,0.3445622120979731,0.1107487785034147,0.32141881673293965
-7.8675,-4.7787,-19.35158,0.5535225097092458,0.1771853969741314,0.3201051336958335
-7.9675,-4.7787,-19.34907,0.21202473552545437,0.1125789334080487,0.5309707526767941
-8.0675,-4.7787,-19.34656,0.22146209674978584,0.1207864303243373,0.5454045278944741
-8.1675,-4.7787,-19.34406,0.15021389391586745,0.061701002127343224,0.41075429521786466
-8.1675,-4.6787,-19.33915,0.18626902331732417,0.10054200057000899,0.539767690727232
-8.0675,-4.6787,-19.34165,0.26285567605051574,0.11308462097451914,0.43021563267588137
-7.9675,-4.6787,-19.34416,0.16775306911595156,0.04977799482596651,0.29673373541416265
-7.8675,-4.6787,-19.34667,0.8345600200145608,0.23878232370825864,0.28611761644667877
-7.8675,-4.5787,-19.34176,0.5442844575855043,0.20356067657471966,0.37399685722743853
-7.9675,-4.5787,-19.33925,0.2334644861971666,0.11550140665560862,0.494727950006344
-8.0675,-4.5787,-19.33674,0.21936960756119941,0.10192133899484206,0.4646101168157863
-8.1675,-4.5787,-19.33424,0.19577314439539467,0.08606676152269296,0.4396249638248012
-8.2675,-4.4787,-19.32682,0.3622324113054973,0.20656178559831495,0.5702465576005736
-8.1675,-4.4787,-19.32933,0.2530896112964987,0.12935276398295367,0.5110947198516763
-8.0675,-4.4787,-19.33183,0.24596320386715492,0.11258980842643647,0.4577506173941627
-7.9675,-4.4787,-19.33434,0.22079071353322796,0.07461069633015785,0.33792497490583673
-7.8675,-4.4787,-19.33685,0.7789073669388505,0.2533946208687497,0.32532061144138963
-7.8675,-4.3787,-19.33194,0.9483583546812987,0.2979104036823165,0.31413273496433847
-7.9675,-4.3787,-19.32943,0.28818851379288585,0.12540673362534197,0.43515521134013263
-8.0675,-4.3787,-19.32692,0.23638302052845,0.11250831126209716,0.47595766823935715
-8.1675,-4.3787,-19.32442,0.23921807352280622,0.13372182457978696,0.5589954914800298
-8.2675,-4.3787,-19.32191,0.16060843237135933,0.0928923517323055,0.5783777997254809
-8.2675,-4.2787,-19.317,0.20176529948014096,0.0997686299983093,0.49447863559972144
-8.1675,-4.2787,-19.31951,0.20469432777324936,0.07883517897072774,0.38513611895517497
-8.0675,-4.2787,-19.32202,0.1706836295088808,0.11890087687363121,0.6966155876562533
-7.9675,-4.2787,-19.32452,0.3314791153617869,0.11845573777847619,0.3573550558356891
-7.8675,-4.2787,-19.32703,0.9987841057518606,0.266511549922876,0.26683599427350974
-7.9675,-4.1787,-19.31961,0.389410562580835,0.13411452955744002,0.34440393364933475
-8.0675,-4.1787,-19.31711,0.16296183180987517,0.07299729058860224,0.4479410287543095
-8.1675,-4.1787,-19.3146,0.19050218495786495,0.05941792198644367,0.31190152490684375
-8.2675,-4.1787,-19.31209,0.1680531964186626,0.06519233744549559,0.3879267924371111
-8.2675,-4.0787,-19.30718,0.15988190421265042,0.07521440983030213,0.4704372905783224
-8.1675,-4.0787,-19.30969,0.20568482874080107,0.059499806652616165,0.2892765937909614
-8.0675,-4.0787,-19.3122,0.2065141257447231,0.10333629265956222,0.5003836531129042
-7.9675,-4.0787,-19.3147,0.35197319218744794,0.08443610414130355,0.23989356580411383
-7.9675,-3.9787,-19.30979,0.4753444792564344,0.19355185994685548,0.4071823033468743
-8.0675,-3.9787,-19.30729,0.2570129988771732,0.10557289371079231,0.4107686933035076
-8.1675,-3.9787,-19.30478,0.22328277172516028,0.13004710120473306,0.5824323130707486
-8.2675,-3.9787,-19.30227,0.2416259617577486,0.10008946466498946,0.4142330730393036
-8.3675,-3.8787,-19.29486,0.18013816541233146,0.09079312050361577,0.5040193470150689
-8.2675,-3.8787,-19.29736,0.19194353648407614,0.07143647862135409,0.3721744421817535
-8.1675,-3.8787,-19.29987,0.2646237843678786,0.10840905295295583,0.4096723701987654
-8.0675,-3.8787,-19.30238,0.30361084764133184,0.1427794171104165,0.4702711323380902
-7.9675,-3.8787,-19.30488,0.7755486629337265,0.09517460034649726,0.12271905670815435
-7.9675,-3.7787,-19.29997,0.7206663159198631,0.1576179274812926,0.2187113841724489
-8.0675,-3.7787,-19.29747,0.3452937588623204,0.13966550476912534,0.4044831427862976
-8.1675,-3.7787,-19.29496,0.26302094964745515,0.09894931829012318,0.3762031823805354
-8.2675,-3.7787,-19.29245,0.1888925984187168,0.08250035306447372,0.43675799769346074
-8.3675,-3.7787,-19.28995,0.17709737442047163,0.06878344126361366,0.38839334286405214
-8.3675,-3.6787,-19.28504,0.14112474951735868,0.0556451082610861,0.3942973039909036
-8.2675,-3.6787,-19.28754,0.16583591012984425,0.07723509481436819,0.46573202844845585
-8.1675,-3.6787,-19.29005,0.266102734384627,0.10582943524536562,0.3977014196795096
-8.0675,-3.6787,-19.29256,0.3999870355433103,0.15425072742527485,0.38563931757376346
-7.9675,-3.6787,-19.29506,0.6349900538593996,0.11607462895273667,0.18279755446128307
-8.0675,-3.5787,-19.28765,0.39371690950688454,0.1754641118685996,0.4456605942791782
-8.1675,-3.5787,-19.28514,0.2441725967220547,0.10220938324793852,0.4185948162081635
-8.2675,-3.5787,-19.28263,0.19143143312807204,0.05162227293570115,0.2696645586995353
-8.3675,-3.5787,-19.28013,0.14908368501391964,0.0804562775334133,0.5396719133009173
-8.4675,-3.4787,-19.27271,0.20178255055454541,0.1056747384023764,0.5237060296440779
-8.3675,-3.4787,-19.27522,0.19051503069320572,0.07045347506068672,0.3698053366410805
-8.2675,-3.4787,-19.27772,0.2711185138466338,0.07304249064662499,0.26941166654499893
-8.1675,-3.4787,-19.28023,0.32987997687148984,0.13201913886422612,0.4002035531718748
-8.0675,-3.4787,-19.28274,0.3621784405435199,0.12786467277796196,0.3530433025943673
-8.1675,-3.3787,-19.27532,0.34152950663208215,0.06799306660810892,0.1990840184750288
-8.2675,-3.3787,-19.27281,0.21379161034496952,0.08694144446928948,0.40666443518996204
-8.3675,-3.3787,-19.27031,0.23124668301659482,0.07482270423917,0.3235622810373481
-8.4675,-3.3787,-19.2678,0.17049944074518766,0.08413013189461827,0.4934334771241344
-8.4675,-3.2787,-19.26289,0.14200484789407894,0.06180795756797655,0.4352524472550328
-8.3675,-3.2787,-19.2654,0.20613095929262326,0.08814728673446728,0.42762759673249034
-8.2675,-3.2787,-19.2679,0.21406098035675303,0.06019664246896957,0.2812125889017519
-8.1675,-3.2787,-19.27041,0.6649299583900405,0.24472573638490083,0.36804739100256845
-8.1675,-3.1787,-19.2655,0.4092793732404491,0.10757152557105606,0.2628315341654378
-8.2675,-3.1787,-19.26299,0.28789674152757044,0.07155009937818954,0.24852695101218275
-8.3675,-3.1787,-19.26049,0.20324154836165734,0.07952534678341695,0.3912848894553091
-8.4675,-3.1787,-19.25798,0.203972771410875,0.08797395441689367,0.4313024420288053
-8.5675,-3.1787,-19.25548,0.18843630343350198,0.08316743933089897,0.4413557144536549
-8.5675,-3.0787,-19.25057,0.19611443389922864,0.11785324931298191,0.6009412309424383
-8.4675,-3.0787,-19.25307,0.20333002176278217,0.08088872476875125,0.39781987956073317
-8.3675,-3.0787,-19.25558,0.19317485281010274,0.12491285009187657,0.6466310095479665
-8.2675,-3.0787,-19.25808,0.48609156830464056,0.3724549329284911,0.7662238088751793
-8.2675,-2.9787,-19.25317,0.8932394115462566,0.3164817443029544,0.3543078599220152
-8.3675,-2.9787,-19.25067,0.2501535873583404,0.07421751338776861,0.2966877835793471
-8.4675,-2.9787,-19.24816,0.18218765871797987,0.074876672340252,0.41098652272686853
-8.5675,-2.9787,-19.24566,0.1777618028235093,0.070917339944746,0.3989458861145565
-8.5675,-2.8787,-19.24075,0.19401058073871322,0.06399181050320338,0.32983670405783355
-8.4675,-2.8787,-19.24325,0.2116361653578624,0.08968682713609298,0.42377836030263843
-8.3675,-2.8787,-19.24576,0.41578283398918225,0.09108730919086681,0.21907424199536987
-8.3675,-2.7787,-19.24085,0.6323747079613606,0.1769170356953131,0.27976614729841964
-8.4675,-2.7787,-19.23834,0.2621737231453364,0.08907925137357543,0.339771851674831
-8.5675,-2.7787,-19.23584,0.21342693029569598,0.09669921326282638,0.4530787803059942
-8.6675,-2.7787,-19.23333,0.21322776775166816,0.10224039538595284,0.4794891231287721
-8.6675,-2.6787,-19.22842,0.20575045487934046,0.10373092870544286,0.5041589276984804
-8.5675,-2.6787,-19.23093,0.21197724194386383,0.09547803890930998,0.4504164599641061
-8.4675,-2.6787,-19.23343,0.3279220877610764,0.13737542264511643,0.4189270188631148
-8.4675,-2.5787,-19.22852,0.4252712114422911,0.18911695224829236,0.44469728295717326
-8.5675,-2.5787,-19.22602,0.21820029280047945,0.08862162450657148,0.40614805493229267
-8.6675,-2.5787,-19.22351,0.20965990387234293,0.08752222585322783,0.4174485642544131
-8.7675,-2.5787,-19.221,0.29969259853996943,0.10759736837109062,0.35902577806485453
-8.8675,-2.4787,-19.21359,0.27115168861328043,0.1374507381915541,0.5069145572889567
-8.7675,-2.4787,-19.21609,0.18517650677775235,0.089698421426583,0.4843941760616452
-8.6675,-2.4787,-19.2186,0.20167427832681023,0.06976734488208404,0.34594071916809876
-8.5675,-2.4787,-19.22111,0.24907784995341736,0.08562698556365965,0.3437759944518296
-8.5675,-2.3787,-19.2162,0.820168060102584,0.09302940357328028,0.11342724509613854
-8.6675,-2.3787,-19.21369,0.268525744408736,0.10387167346867685,0.3868220296619633
-8.7675,-2.3787,-19.21118,0.17743224727072343,0.0647736589960071,0.36506136845111603
-8.8675,-2.3787,-19.20868,0.17267869884569859,0.08850126721434387,0.5125198869689562
-8.9675,-2.2787,-19.20126,0.20254832389045968,0.08145143360401634,0.4021333380574709
-8.8675,-2.2787,-19.20377,0.22540238548817387,0.08039645590802953,0.3566797029849876
-8.7675,-2.2787,-19.20627,0.24847484795138683,0.09674626982460534,0.3893604146345363
-8.6675,-2.2787,-19.20878,0.3183262211335603,0.08253595217105697,0.2592810352761588
-8.6675,-2.1787,-19.20387,1.1389178225644718,0.12342958949520458,0.1083744472601907
-8.7675,-2.1787,-19.20136,0.32242545306285536,0.12240572042305048,0.3796403765902069
-8.8675,-2.1787,-19.19886,0.19621663818234378,0.08564538053376128,0.43648378306314256
-8.9675,-2.1787,-19.19635,0.18652904137415252,0.09316674988820756,0.49947584141242335
-9.0675,-2.1787,-19.19385,0.14028447651716308,0.030995669193901,0.22094867488854933
-9.0675,-2.0787,-19.18894,0.15643670123187806,0.08140272733867253,0.5203556882602214
-8.9675,-2.0787,-19.19144,0.20941047714677175,0.07787745031457943,0.37188898748364263
-8.8675,-2.0787,-19.19395,0.28902439263392854,0.07926115043265103,0.2742368895245507
-8.7675,-2.0787,-19.19645,0.8368855518623421,0.05802390608826815,0.06933314353336142
-8.8675,-1.9787,-19.18904,0.8723633571453424,0.07241388581379628,0.0830088577433584
-8.9675,-1.9787,-19.18653,0.23355163171949372,0.08745155343208583,0.374442057151282
-9.0675,-1.9787,-19.18403,0.1940475737287634,0.09708233290139667,0.5003017097090675
-9.1675,-1.9787,-19.18152,0.1757734779524954,0.04432832134619693,0.25219004517949584
-9.1675,-1.8787,-19.17661,0.14717025108221732,0.07422097357205278,0.5043204929411237
-9.0675,-1.8787,-19.17912,0.19642368127049195,0.07864089431262379,0.4003636109656689
-8.9675,-1.8787,-19.18162,0.781667982050457,0.05042247061456403,0.06450625044446204
-8.8675,-1.8787,-19.18413,1.0407336362168613,0.035428260340322995,0.03404162132119336
-8.8675,-1.7787,-19.17922,1.0813110948378069,0.10847713097953009,0.10032000179911342
-8.9675,-1.7787,-19.17671,0.8914478670770414,0.0416628372554875,0.04673614553826386
-9.0675,-1.7787,-19.17421,0.7474410318756999,0.053061494425481956,0.07099087708942654
-9.1675,-1.7787,-19.1717,0.20203291815736973,0.09205764324155292,0.4556566527928204
-9.2675,-1.7787,-19.16919,0.3118933221013953,0.12940665521924405,0.414906783984219
-9.2675,-1.6787,-19.16428,0.18826480021303593,0.08834341365689408,0.4692508294536567
-9.1675,-1.6787,-19.16679,0.2805894796605677,0.08203226296471211,0.2923568733366179
-9.0675,-1.6787,-19.1693,0.8659249628214626,0.04650860711357267,0.05370974288815124
-8.9675,-1.6787,-19.1718,0.9749323889240935,0.0942730041988177,0.09669696613818995
-8.9675,-1.5787,-19.16689,1.3445495160771535,0.22921416206749815,0.1704765494514858
-9.0675,-1.5787,-19.16439,0.9626551795386679,0.05049479844810816,0.052453671388655206
-9.1675,-1.5787,-19.16188,0.9451553929583687,0.0619315531811664,0.0655252603355714
-9.2675,-1.5787,-19.15937,0.1984463073555906,0.1098571130707987,0.5535860784446278
-9.3675,-1.4787,-19.15196,0.34340348140556654,0.1297727191713583,0.3779015828266868
-9.2675,-1.4787,-19.15446,0.7070630876669427,0.05457829033292048,0.07719012812988084
-9.1675,-1.4787,-19.15697,0.9197267215175907,0.07590552372186853,0.08253051906181542
-9.0675,-1.4787,-19.15948,0.9732001663420654,0.056142391987817335,0.05768843237957701
-9.0675,-1.3787,-19.15457,1.133860128730389,0.10161652021774513,0.08961997837557585
-9.1675,-1.3787,-19.15206,0.9503601143510094,0.054833323002769406,0.05769741614231621
-9.2675,-1.3787,-19.14955,0.9059841936583176,0.06873454080019949,0.0758672626755804
-9.3675,-1.3787,-19.14705,0.8193952772470221,0.06588294353070688,0.08040434862165459
-9.4675,-1.2787,-19.13963,0.7594702922548286,0.039394546776111324,0.05187108327720222
-9.3675,-1.2787,-19.14214,0.886840517522445,0.06643690618379436,0.07491415296337417
-9.2675,-1.2787,-19.14465,0.9437970016328731,0.07330151402408105,0.07766661040166618
-9.1675,-1.2787,-19.14715,0.9176681677577113,0.06273317018011942,0.06836149752628516
-9.0675,-1.2787,-19.14966,1.1627716954365825,0.15462879974394336,0.13298294097697771
-9.0675,-1.1787,-19.14475,1.2522521223830194,0.10059942991376293,0.0803348048812435
-9.1675,-1.1787,-19.14224,0.9026319070670091,0.06041466143564797,0.06693167055434363
-9.2675,-1.1787,-19.13974,0.9494573350969169,0.07969512386923185,0.08393755140255658
-9.3675,-1.1787,-19.13723,0.8618246967061506,0.0779911044629135,0.09049532319158579
-9.4675,-1.1787,-19.13472,0.7838499960452652,0.06669917752514963,0.08509176227806976
-9.4675,-1.0787,-19.12981,0.8162166125976968,0.06525927451016977,0.07995337696261184
-9.3675,-1.0787,-19.13232,0.8888662322747427,0.053613778514274534,0.060317038230903196
-9.2675,-1.0787,-19.13483,0.9769677951900786,0.05034066908600935,0.05152746010037627
-9.1675,-1.0787,-19.13733,0.849369769888867,0.04311631724198203,0.050762716982055346
-9.0675,-1.0787,-19.13984,1.186515115882003,0.0711127734497623,0.059934148750309175
-9.0675,-0.9787,-19.13493,1.414113131982884,0.1825658293427647,0.1291027041710369
-9.1675,-0.9787,-19.13242,0.978735398290139,0.05090529876152171,0.052011298304377056
-9.2675,-0.9787,-19.12992,0.9560586939472596,0.07082746003988066,0.07408275296096813
-9.3675,-0.9787,-19.12741,0.9354425267983284,0.03238667345973919,0.03462176727263696
-9.4675,-0.9787,-19.1249,0.8488611422613109,0.06212936543533506,0.07319143537401944
-9.5675,-0.9787,-19.1224,0.7946045352794974,0.12738944680160674,0.1603180464566544
-9.5675,-0.8787,-19.11749,0.7805714764968075,0.08068358888919284,0.10336476712075046
-9.4675,-0.8787,-19.11999,0.8126997840665966,0.07653939941925988,0.09417918020879881
-9.3675,-0.8787,-19.1225,0.9513915937935036,0.053993778460157835,0.05675242330538923
-9.2675,-0.8787,-19.12501,0.9153330396890119,0.06497157213805135,0.07098134702984796
-9.1675,-0.8787,-19.12751,1.154752316215771,0.08613381007611665,0.07459072293388856
-9.1675,-0.7787,-19.1226,1.195475398718837,0.08019599774207367,0.06708293439414802
-9.2675,-0.7787,-19.1201,0.9143484631109505,0.07366326958315221,0.08056367189870109
-9.3675,-0.7787,-19.11759,0.9425404766385155,0.050151937920518225,0.05320932009135621
-9.4675,-0.7787,-19.11508,0.8780217383559135,0.06688009348889609,0.07617134128606926
-9.5675,-0.7787,-19.11258,0.7816320496492216,0.0754019236032969,0.09646728743676201
-9.6675,-0.7787,-19.11007,0.7822177562016397,0.049265451614313734,0.06298176079962842
-9.6675,-0.6787,-19.10516,0.7708055047184428,0.08929178387526107,0.11584217202480575
-9.5675,-0.6787,-19.10767,0.8928444374299911,0.05385070390180658,0.06031364663794422
-9.4675,-0.6787,-19.11017,0.8877954371554424,0.043822965379439104,0.049361557342365824
-9.3675,-0.6787,-19.11268,0.9586522289042165,0.06736921423778854,0.07027492578283016
-9.2675,-0.6787,-19.11519,0.899494519953501,0.050878865843536986,0.05656384192998435
-9.1675,-0.6787,-19.11769,1.4105713349158795,0.14598272221415043,0.10349191040583298
-9.1675,-0.5787,-19.11278,2.452767577717754,0.9421154176101805,0.3841030133343486
-9.2675,-0.5787,-19.11028,0.895354517422485,0.04453465384375782,0.04973968743907454
-9.3675,-0.5787,-19.10777,0.9471201749801359,0.09632963223407276,0.1017079297630769
-9.4675,-0.5787,-19.10526,0.9388193475331524,0.07378048344721222,0.07858858431185753
-9.5675,-0.5787,-19.10276,0.8549335205004776,0.06253157077424318,0.07314202715743001
-9.6675,-0.5787,-19.10025,0.772121188242396,0.06764696090542377,0.08761184375656197
-9.7675,-0.5787,-19.09775,0.8074312416125808,0.11744009170984135,0.14544903102249676
-9.7675,-0.4787,-19.09284,0.8126416242512484,0.06490931031975869,0.07987445927294805
-9.6675,-0.4787,-19.09534,0.8514470252750923,0.07877224868414114,0.0925157365588197
-9.5675,-0.4787,-19.09785,0.8309870665651339,0.07869454309451597,0.09470008169898247
-9.4675,-0.4787,-19.10035,1.0013535691104365,0.05127639991091299,0.051207087578930735
-9.3675,-0.4787,-19.10286,1.0017407148934583,0.0565753775768463,0.05647706710499779
-9.2675,-0.4787,-19.10537,0.9029782653652928,0.04747965227159731,0.052581168443063014
-9.2675,-0.3787,-19.10046,0.9725091171510982,0.14472888181373808,0.1488200771193918
-9.3675,-0.3787,-19.09795,1.001409698810334,0.032614030213712834,0.03256811897513876
-9.4675,-0.3787,-19.09544,0.9903817205748144,0.04347754470649284,0.04389978510635133
-9.5675,-0.3787,-19.09294,0.8713655606940843,0.04282025306107513,0.04914154861361143
-9.6675,-0.3787,-19.09043,0.9047247033983192,0.05449118742294086,0.06022957836595102
-9.7675,-0.3787,-19.08793,0.7825836940009093,0.07548806069714975,0.09646004801252867
-9.8675,-0.2787,-19.08051,0.82689845516869,0.11350059666121705,0.13726062245220008
-9.7675,-0.2787,-19.08302,0.7869522571081577,0.09170074870796135,0.11652644474893235
-9.6675,-0.2787,-19.08552,0.8249667103510827,0.07158540192264136,0.08677368556141692
-9.5675,-0.2787,-19.08803,0.8578961813579389,0.0758782607617356,0.088446903495514
-9.4675,-0.2787,-19.09053,0.9474778722765718,0.05386631881538071,0.05685232382889567
-9.3675,-0.2787,-19.09304,1.0438592613988213,0.04699549466985743,0.04502091077573161
-9.2675,-0.2787,-19.09555,1.3752210850808102,0.16210366944947321,0.11787462482074128
-9.3675,-0.1787,-19.08813,1.0207325755569807,0.03231969748221965,0.031663237028154836
-9.4675,-0.1787,-19.08562,1.0097432995912867,0.04670084085477685,0.04625021119098282
-9.5675,-0.1787,-19.08312,0.8935521018920476,0.07031263308113127,0.07868890122047514
-9.6675,-0.1787,-19.08061,0.8579221509244587,0.0640762430048407,0.07468771255736316
-9.7675,-0.1787,-19.07811,0.8215019253812418,0.08828248706281352,0.10746473542571855
-9.8675,-0.1787,-19.0756,0.7795575513216042,0.0796404792778267,0.10216112863355647
-9.9675,-0.0787,-19.06818,1.132535729950543,0.406794090641615,0.35918874776637677
-9.8675,-0.0787,-19.07069,0.8454472684092214,0.07128618796057135,0.08431772225688561
-9.7675,-0.0787,-19.0732,0.9472719634608922,0.0801493665925016,0.08461072393578821
-9.6675,-0.0787,-19.0757,0.9453508458105808,0.07420129759468075,0.07849075073398559
-9.5675,-0.0787,-19.07821,0.9510108936947107,0.06615986002380068,0.0695679307802325
-9.4675,-0.0787,-19.08071,1.065951677631115,0.058244184390183994,0.05464054854683579
-9.3675,-0.0787,-19.08322,1.4366521930724194,0.171711616002528,0.11952205052171055
-9.3675,0.0213,-19.07831,1.3089224733304277,0.1323601733707673,0.1011214766860787
-9.4675,0.0213,-19.0758,1.087607488110049,0.10696012012856886,0.0983444131250282
-9.5675,0.0213,-19.0733,0.9981271224766157,0.05373261898366804,0.05383344242799784
-9.6675,0.0213,-19.07079,0.9496947382188459,0.0668657639913829,0.0704076386869214
-9.7675,0.0213,-19.06829,0.9200296793156134,0.08466830986435506,0.09202780276320831
-9.8675,0.0213,-19.06578,0.7945231102545384,0.09916137949451712,0.12480616134972985
-9.9675,0.0213,-19.06327,0.8681957851967024,0.1436272954757455,0.16543191976358723
-9.9675,0.1213,-19.05836,0.7379632579116189,0.10482660369527552,0.1420485404543405
-9.8675,0.1213,-19.06087,0.827595223978854,0.07144985299513516,0.08633429836825736
-9.7675,0.1213,-19.06338,0.9267760992478159,0.08752214764349457,0.09443720842016615
-9.6675,0.1213,-19.06588,0.8860774561295093,0.06885427744814028,0.07770683812327635
-9.5675,0.1213,-19.06839,1.0262660170385716,0.029386815737387106,0.028634696316055277
-9.4675,0.1213,-19.07089,1.2373407346846843,0.08933332192581478,0.07219783477716014
-9.3675,0.1213,-19.0734,1.3095608110596075,0.14271595156221695,0.10898001097539022
-9.3675,0.2213,-19.06849,1.3695039002199216,0.13864285246491123,0.10123582155746128
-9.4675,0.2213,-19.06598,1.248453466711036,0.12007164578719204,0.09617630851994223
-9.5675,0.2213,-19.06348,0.968492998079397,0.05295893925507706,0.05468179879472447
-9.6675,0.2213,-19.06097,0.8982030980256216,0.07393431133792643,0.08231357863321177
-9.7675,0.2213,-19.05847,0.8332711649002125,0.08603526833264151,0.10325002466987392
-9.8675,0.2213,-19.05596,0.8022806838805373,0.0671648675252456,0.08371741819879924
-9.9675,0.2213,-19.05345,0.7869798893231168,0.0736085122952937,0.09353290127731795
-9.9675,0.3213,-19.04854,0.7986221330542809,0.07551577891875894,0.09455758335917078
-9.8675,0.3213,-19.05105,0.8309424504673519,0.06733255437758401,0.08103154958530974
-9.7675,0.3213,-19.05356,0.8444983317359556,0.05874732955543677,0.06956476685356551
-9.6675,0.3213,-19.05606,0.867418850691829,0.05135972353390664,0.05920983097490164
-9.5675,0.3213,-19.05857,1.1052157405803709,0.11159941063373259,0.10097522731184548
-9.4675,0.3213,-19.06108,1.2647779823514331,0.19407906117748572,0.15344911429961833
-9.5675,0.4213,-19.05366,1.1351151981237535,0.10822436643354533,0.0953421878347068
-9.6675,0.4213,-19.05115,0.9458001965489956,0.04226575821914339,0.04468782981158313
-9.7675,0.4213,-19.04865,0.8836209005678111,0.08961783102112851,0.10142113089848878
-9.8675,0.4213,-19.04614,0.846914576785365,0.07147772697078265,0.08439779988448277
-9.9675,0.4213,-19.04363,0.8165560771368716,0.048504813764491644,0.05940169343245392
-9.9675,0.5213,-19.03872,0.8355909825631122,0.04855845644869089,0.05811271000046159
-9.8675,0.5213,-19.04123,0.8689945878098865,0.05861512360957018,0.06745165554747234
-9.7675,0.5213,-19.04374,0.8749339540450004,0.07332336567613405,0.08380445785324137
-9.6675,0.5213,-19.04624,0.8760641020467343,0.05557301234823144,0.06343486991236956
-9.5675,0.5213,-19.04875,1.2330098775617735,0.11068524758199931,0.08976833811005216
-9.6675,0.6213,-19.04133,1.0246713935472158,0.10477758969541329,0.10225482077009428
-9.7675,0.6213,-19.03883,0.8844378593420116,0.0795135931931632,0.08990297323128876
-9.8675,0.6213,-19.03632,0.8894468948880263,0.08232750175427109,0.09256033409913181
-9.9675,0.6213,-19.03381,0.8693624979791366,0.07359135898315516,0.08464979701128222
-9.9675,0.7213,-19.0289,0.9482215271135706,0.056450152234563296,0.05953266259035494
-9.8675,0.7213,-19.03141,0.9520080049520665,0.09192748602691124,0.0965616733774626
-9.7675,0.7213,-19.03392,0.8777942963841205,0.08298143351993166,0.09453403133485297
-9.6675,0.7213,-19.03642,1.0349241800794968,0.08430805325519765,0.08146302393738795
-9.7675,0.8213,-19.02901,0.9532492107813596,0.08858671163018987,0.09293132438848503
-9.8675,0.8213,-19.0265,1.027068754026435,0.10106343843783577,0.09839987638766642
-9.9675,0.8213,-19.02399,0.9832463271430347,0.06293346143978397,0.06400579356614156
-9.9675,0.9213,-19.01908,1.0127043124789048,0.09675047860209422,0.09553674987841981
-9.8675,0.9213,-19.02159,1.0495442497973397,0.09975135315523821,0.09504254172656328
-9.8675,1.0213,-19.01668,1.374093949510854,0.11932739981161859,0.08684078687203042
-9.9675,1.0213,-19.01418,0.8974451233007992,0.07604454102971822,0.08473447462729168
-9.9675,1.1213,-19.00927,0.8325419661166578,0.06174726190014223,0.07416714641804621
-9.9675,1.2213,-19.00436,0.9744432404383406,0.08848596937036635,0.0908066942211658
