-3.0353,-13.8798,6.21486,1.37090967472456,0.3562926754783704,0.2598950770042205
-2.9353,-13.8798,6.21672,1.3912625292690348,0.10790581342382868,0.07755963461513053
-2.8353,-13.7798,6.21863,1.1335721016994809,0.1539794263993721,0.13583558219942263
-2.9353,-13.7798,6.21677,1.101868344985256,0.10630684494632837,0.09647871765274359
-3.0353,-13.7798,6.21492,1.8142721207442112,0.34724538275607647,0.1913965268967684
-3.0353,-13.6798,6.21497,1.24304319343497,0.3144565365247047,0.252973137366007
-2.9353,-13.6798,6.21683,1.0984195274726472,0.15303354143316897,0.13932157759911984
-2.8353,-13.6798,6.21869,1.148169306373501,0.13272466485809795,0.11559677141806683
-2.7353,-13.6798,6.22054,1.4152705638930143,0.2281878310009532,0.16123265531169684
-2.6353,-13.6798,6.2224,2.0404814447933215,0.6859431541957138,0.3361673079390302
-2.5353,-13.5798,6.22431,2.961343264409103,0.36766242808658717,0.12415393801364982
-2.6353,-13.5798,6.22245,1.4606718895675441,0.38176183329163255,0.26136043009950677
-2.7353,-13.5798,6.2206,0.9686276877513983,0.13390790524271956,0.13824496959567348
-2.8353,-13.5798,6.21874,1.0792732341406401,0.15588110397248525,0.14443154804687056
-2.9353,-13.5798,6.21688,1.0958818784668374,0.19604661427100847,0.1788939283723552
-3.0353,-13.5798,6.21503,0.9545731011224751,0.11322514248016713,0.11861338052269288
-3.0353,-13.4798,6.21508,1.2580750103509795,0.23145592277352586,0.1839762501195807
-2.9353,-13.4798,6.21694,1.1143225051193182,0.20208187590021487,0.1813495419609932
-2.8353,-13.4798,6.2188,1.1814643850884432,0.22382964313439163,0.1894510287059021
-2.7353,-13.4798,6.22065,0.9760523666819806,0.1531850049044326,0.15694342858383095
-2.6353,-13.4798,6.22251,0.9446227269772802,0.09599869169621718,0.10162648955462418
-2.5353,-13.4798,6.22437,1.3667849535144214,0.16170233228656927,0.11830853995779161
-2.4353,-13.4798,6.22622,2.112711792246923,0.5122124358136103,0.24244311869384666
-2.3353,-13.3798,6.22813,1.881272664389003,0.44594960776287185,0.2370467695642124
-2.4353,-13.3798,6.22628,1.1034121450652878,0.08653918913128301,0.07842870818334392
-2.5353,-13.3798,6.22442,0.8421425786380338,0.07703438145356792,0.09147427455592234
-2.6353,-13.3798,6.22256,0.8974686682517057,0.17311413455853308,0.19289156344116648
-2.7353,-13.3798,6.22071,1.1598564473775643,0.17171023634092344,0.1480443866386744
-2.8353,-13.3798,6.21885,1.0498226637956538,0.24343835041964332,0.23188521148846925
-2.9353,-13.3798,6.217,1.0095310044141828,0.19612540383102786,0.19427377958028816
-3.0353,-13.3798,6.21514,1.1748907680705964,0.1804680638273789,0.15360412110799307
-2.9353,-13.2798,6.21705,1.1265112021993462,0.1864091843791459,0.16547477203529762
-2.8353,-13.2798,6.21891,1.030582726426907,0.1669164812637752,0.1619632048777732
-2.7353,-13.2798,6.22076,1.1228123680085882,0.19757787116858883,0.1759669529816558
-2.6353,-13.2798,6.22262,0.9282557556448958,0.0723553384783059,0.0779476324690686
-2.5353,-13.2798,6.22448,0.8599088059764973,0.08820499060840511,0.10257481955687275
-2.4353,-13.2798,6.22633,0.8546005913207587,0.10846140488277947,0.12691473184585061
-2.3353,-13.2798,6.22819,1.258187347340895,0.20391094089918912,0.16206723214165433
-2.2353,-13.2798,6.23005,1.4562528669965578,0.2831392690405116,0.19443001655644526
-2.1353,-13.1798,6.23196,1.4691560835706485,0.13827035909360055,0.09411549980281686
-2.2353,-13.1798,6.2301,1.0087682270700138,0.08203249906151241,0.08131947147044603
-2.3353,-13.1798,6.22824,0.7773617495746633,0.10540823551331856,0.13559740438861714
-2.4353,-13.1798,6.22639,0.8695199945002635,0.15444372583537982,0.17761952204922302
-2.5353,-13.1798,6.22453,0.8861536740091625,0.1103860340480448,0.12456759734305796
-2.6353,-13.1798,6.22268,0.9048057185004101,0.1653940791298698,0.18279513021202776
-2.7353,-13.1798,6.22082,1.0061945698811627,0.10518470365922844,0.10453714103391688
-2.8353,-13.1798,6.21896,1.1087007957321535,0.19612053050060313,0.17689220685648635
-2.9353,-13.1798,6.21711,1.4191676723620317,0.22390765270537838,0.15777392415704578
-2.8353,-13.0798,6.21902,0.936960093496268,0.06472746025260959,0.06908240884740242
-2.7353,-13.0798,6.22087,0.8680285015261153,0.09908021735799559,0.11414396783492561
-2.6353,-13.0798,6.22273,1.0217520689601223,0.2219315261972576,0.2172068282896908
-2.5353,-13.0798,6.22459,0.8460461374022529,0.1511046369202446,0.17860094176920974
-2.4353,-13.0798,6.22644,0.9569650507215737,0.1674340802665282,0.1749636312635232
-2.3353,-13.0798,6.2283,0.8304004284430615,0.12805552400293607,0.15420936648964714
-2.2353,-13.0798,6.23016,0.8423291699714397,0.10913839177437172,0.12956738964420786
-2.1353,-13.0798,6.23201,1.1592544889922647,0.1648268614699897,0.14218350071973673
-2.0353,-13.0798,6.23387,1.6733409984864465,0.17916591368239349,0.1070707726903547
-1.9353,-12.9798,6.23578,1.7959041746881734,0.19301930883384788,0.10747750996645587
-2.0353,-12.9798,6.23392,1.5878949701314393,0.21754412660123423,0.13700158429447437
-2.1353,-12.9798,6.23207,1.0255757801704497,0.1472429461839181,0.1435710057032026
-2.2353,-12.9798,6.23021,0.8579847023011318,0.18676925058646726,0.21768366042605244
-2.3353,-12.9798,6.22835,0.8364861417879144,0.12352696655632697,0.14767365576708674
-2.4353,-12.9798,6.2265,0.8844449924863488,0.1000437170561055,0.11311468537445493
-2.5353,-12.9798,6.22464,0.9880654127398916,0.15689232468446376,0.15878738660571423
-2.6353,-12.9798,6.22279,1.1347622159540136,0.12986020546647037,0.11443825291388886
-2.7353,-12.9798,6.22093,0.8752385630007364,0.12090647890947456,0.13814116975713378
-2.8353,-12.9798,6.21907,1.5669662416036265,0.2735665364390166,0.174583554626582
-2.7353,-12.8798,6.22099,1.1797819353212067,0.22089740522702092,0.18723579215245362
-2.6353,-12.8798,6.22284,0.9648216111877537,0.09986039800440939,0.10350141087892425
-2.5353,-12.8798,6.2247,0.9686189488830536,0.2152685359210311,0.22224274692257914
-2.4353,-12.8798,6.22655,0.9554690322093142,0.19322564415144172,0.20223119498143174
-2.3353,-12.8798,6.22841,0.8620348226494883,0.17563329283568963,0.2037426890666386
-2.2353,-12.8798,6.23027,0.8778689387104477,0.17729656502399485,0.2019624538538019
-2.1353,-12.8798,6.23212,0.926603487897099,0.15470444263072536,0.1669586232422056
-2.0353,-12.8798,6.23398,1.204193961734859,0.11731283630693538,0.0974202163727221
-1.9353,-12.8798,6.23584,1.5675753273798176,0.45591835636390715,0.29084302897645686
-1.8353,-12.8798,6.23769,1.6276111858201823,0.5166552368515663,0.31743160857623043
-1.8353,-12.7798,6.23775,1.268187947809073,0.12954968348737939,0.10215337853603638
-1.9353,-12.7798,6.23589,1.0005850458628547,0.11582343672556632,0.11575571432379939
-2.0353,-12.7798,6.23403,0.9866189542996329,0.07008892593932632,0.07103950885383108
-2.1353,-12.7798,6.23218,0.9894137677167318,0.1145194729432469,0.1157447740064536
-2.2353,-12.7798,6.23032,0.9294497705135287,0.14041460027735786,0.15107282257951135
-2.3353,-12.7798,6.22847,0.898239954402403,0.13829018677378835,0.15395684203982274
-2.4353,-12.7798,6.22661,0.9223916980168871,0.1514106536305579,0.1641500611465671
-2.5353,-12.7798,6.22475,0.8481558946662983,0.05364110290588327,0.06324439085221241
-2.6353,-12.7798,6.2229,0.991663640660264,0.09545475099643722,0.09625718548366063
-2.5353,-12.6798,6.22481,0.9817511620980077,0.1344973495964074,0.1369973928108074
-2.4353,-12.6798,6.22666,0.9484771701952175,0.08203420154129244,0.08649043342224884
-2.3353,-12.6798,6.22852,0.8873232996079686,0.10622347414060807,0.1197122561613552
-2.2353,-12.6798,6.23038,0.9143658904031439,0.10160249610089385,0.11111798588210384
-2.1353,-12.6798,6.23223,0.9470925091528122,0.1264332020031929,0.13349614824457773
-2.0353,-12.6798,6.23409,0.949476873831942,0.15099727397629634,0.15903207138357636
-1.9353,-12.6798,6.23595,0.9556482073531178,0.11054564007495671,0.1156760816630815
-1.8353,-12.6798,6.2378,1.1367610129291106,0.15974008874691847,0.14052213871701458
-1.7353,-12.6798,6.23966,1.7732523152938164,0.39651094126459524,0.22360661133488832
-1.6353,-12.5798,6.24157,2.4095562220576356,0.3899083464554611,0.16181749273420135
-1.7353,-12.5798,6.23971,1.3270482840545461,0.1991348917218322,0.15005851265141087
-1.8353,-12.5798,6.23786,0.9331441024009797,0.13702838781726284,0.14684590243317064
-1.9353,-12.5798,6.236,0.858266348490224,0.11773383601071886,0.13717633951025157
-2.0353,-12.5798,6.23415,0.9180572326177536,0.12351021616362781,0.1345343316031072
-2.1353,-12.5798,6.23229,0.8864694865139395,0.1256863912041535,0.14178309926765553
-2.2353,-12.5798,6.23043,0.9629969053375097,0.1517616015761305,0.15759303143652503
-2.3353,-12.5798,6.22858,0.8484806039103597,0.08969272153996025,0.10570980777474095
-2.4353,-12.5798,6.22672,1.0589095369621098,0.19501114149956594,0.18416222981524047
-2.5353,-12.5798,6.22486,1.4752682582067809,0.3396056169031707,0.23019922987834657
-2.4353,-12.4798,6.22678,1.14820188200072,0.12484008216069081,0.10872659600867343
-2.3353,-12.4798,6.22863,1.0824376197709595,0.1115073726784779,0.10301505661090431
-2.2353,-12.4798,6.23049,0.859289806078874,0.12152673598874657,0.14142694947505483
-2.1353,-12.4798,6.23234,0.9477084678879931,0.12956342852462108,0.1367123254827072
-2.0353,-12.4798,6.2342,0.9589579510725945,0.15271760561587552,0.1592537039242032
-1.9353,-12.4798,6.23606,0.9392385519576625,0.18583771678130057,0.19785997539598169
-1.8353,-12.4798,6.23791,0.8972594161384488,0.13737631586033655,0.15310657474241443
-1.7353,-12.4798,6.23977,0.9618539191198126,0.06825115415752483,0.07095792074120892
-1.6353,-12.4798,6.24163,1.469372671810927,0.12091501573393777,0.08229023041847931
-1.5353,-12.4798,6.24348,1.9844927339443816,0.5444090286382866,0.2743315807240161
-1.5353,-12.3798,6.24354,1.5699070032105202,0.25812862878418363,0.16442287871593708
-1.6353,-12.3798,6.24168,1.0891855337749914,0.10363273050729693,0.095146994973499
-1.7353,-12.3798,6.23982,0.9995787701953841,0.12328259172876548,0.12333454391460101
-1.8353,-12.3798,6.23797,0.8679430112701482,0.11035468351142928,0.12714507989405455
-1.9353,-12.3798,6.23611,0.9258580356927218,0.1439838494885478,0.15551395995696024
-2.0353,-12.3798,6.23426,0.9652993794021979,0.18869273317290347,0.19547586707220235
-2.1353,-12.3798,6.2324,0.922534137559321,0.16455160557056722,0.17836912355992482
-2.2353,-12.3798,6.23054,0.8984921823795041,0.10253960427340589,0.11412409176654953
-2.3353,-12.3798,6.22869,1.064937546675773,0.135986775471699,0.1276946013371252
-2.2353,-12.2798,6.2306,1.2131202300638626,0.13196587262362883,0.1087821877446407
-2.1353,-12.2798,6.23246,0.9461233827913016,0.06782295467244207,0.07168510567020056
-2.0353,-12.2798,6.23431,0.9961215734036097,0.2182481966751671,0.21909795199941626
-1.9353,-12.2798,6.23617,1.0234732881589033,0.229094602403801,0.2238403337481457
-1.8353,-12.2798,6.23802,0.9770642047574217,0.12334019019796058,0.12623550182004936
-1.7353,-12.2798,6.23988,1.0220821789574734,0.12736299338284265,0.1246113042620049
-1.6353,-12.2798,6.24174,0.910985428068332,0.09051215357773101,0.09935631327238068
-1.5353,-12.2798,6.24359,1.2116955142682948,0.1138323454092416,0.09394467840213258
-1.4353,-12.2798,6.24545,1.769623337204986,0.2445105162522641,0.13817093791182355
-1.3353,-12.1798,6.24736,2.4341205742339853,0.433017566354291,0.17789487132968385
-1.4353,-12.1798,6.2455,1.2950235184060466,0.2009572623189039,0.15517653499161782
-1.5353,-12.1798,6.24365,1.0726424559796384,0.13392625610943415,0.12485638188460482
-1.6353,-12.1798,6.24179,0.9343901357538658,0.15139078272214868,0.1620209556257854
-1.7353,-12.1798,6.23994,0.9937585651347496,0.12443442662952346,0.12521595384956574
-1.8353,-12.1798,6.23808,1.0572951288394201,0.24452580693616952,0.2312748827326789
-1.9353,-12.1798,6.23622,0.9239369165705549,0.17927477997671845,0.1940335717314402
-2.0353,-12.1798,6.23437,0.817116845658892,0.1890224771888226,0.23132857704873536
-2.1353,-12.1798,6.23251,1.070079817452785,0.08064700435813534,0.07536541017109101
-2.0353,-12.0798,6.23442,0.9479054427052432,0.08178905953474853,0.08628398556435056
-1.9353,-12.0798,6.23628,0.9199593706778888,0.18322686926298598,0.19916843624080044
-1.8353,-12.0798,6.23813,0.949009697722136,0.1996810278850874,0.21040989187399511
-1.7353,-12.0798,6.23999,1.0449498030691893,0.17514759050952122,0.16761340113667084
-1.6353,-12.0798,6.24185,0.9685903695932158,0.1436351174531424,0.14829294401663898
-1.5353,-12.0798,6.2437,0.9268139032087346,0.11221800525270248,0.12107932872412795
-1.4353,-12.0798,6.24556,0.9632781275252282,0.19586046848432,0.2033270172836873
-1.3353,-12.0798,6.24742,1.1681404314370591,0.16235298807273535,0.13898413555723513
-1.2353,-12.0798,6.24927,2.858891545618243,0.65967391960784,0.23074464668619804
-1.1353,-11.9798,6.25118,2.1500204473265714,0.490460899827204,0.22811917925574351
-1.2353,-11.9798,6.24933,2.192265175643915,0.47533094568882817,0.21682182929773236
-1.3353,-11.9798,6.24747,1.0522491862260224,0.11841622052900479,0.11253629090815859
-1.4353,-11.9798,6.24562,0.960359431060672,0.07345874334811067,0.07649088557081064
-1.5353,-11.9798,6.24376,0.9633060055369977,0.12399644945224467,0.12871968900798297
-1.6353,-11.9798,6.2419,1.1277037432293657,0.17560417196211364,0.15571835512334306
-1.7353,-11.9798,6.24005,1.0059205369225164,0.19482322242984168,0.193676553245327
-1.8353,-11.9798,6.23819,1.0543799232752527,0.14333969974477764,0.13594691683763965
-1.9353,-11.9798,6.23633,0.9010434048929694,0.06522457266067273,0.0723878253883013
-1.9353,-11.8798,6.23639,1.1867672198167178,0.10499880678087964,0.08847464357592845
-1.8353,-11.8798,6.23825,0.8366296064665676,0.10799902763605343,0.12908822112114576
-1.7353,-11.8798,6.2401,0.8890665455326279,0.12312943936248058,0.1384929395681123
-1.6353,-11.8798,6.24196,1.0775900082869136,0.1828649123808844,0.1696980400473384
-1.5353,-11.8798,6.24381,1.114122395233014,0.26763378466309135,0.2402193742879721
-1.4353,-11.8798,6.24567,1.113525407272745,0.18294766004488863,0.16429590097361627
-1.3353,-11.8798,6.24753,1.0748891165984549,0.10073121364407588,0.09371312081272651
-1.2353,-11.8798,6.24938,1.248416534961017,0.13866461513663536,0.11107239551338151
-1.1353,-11.8798,6.25124,1.675478212161212,0.1772072079252454,0.10576515208554368
-1.1353,-11.7798,6.25129,1.903913464359297,0.34564416363230077,0.18154405129364248
-1.2353,-11.7798,6.24944,1.1737886197414764,0.16782872028356585,0.14298036074036025
-1.3353,-11.7798,6.24758,1.0974698751505172,0.15397471921419503,0.1402997227537362
-1.4353,-11.7798,6.24573,1.0289683803797356,0.17238226896294,0.16752921882723276
-1.5353,-11.7798,6.24387,1.1322088219705586,0.21054500633286774,0.18595951757947232
-1.6353,-11.7798,6.24201,1.011099681845259,0.20551533302441208,0.2032592203464511
-1.7353,-11.7798,6.24016,0.8941178982581445,0.09432785621723519,0.10549823060359027
-1.8353,-11.7798,6.2383,1.2274254938069302,0.13123435515519674,0.10691838797332284
-1.7353,-11.6798,6.24021,1.053029178894787,0.11099288237035136,0.10540342527530396
-1.6353,-11.6798,6.24207,0.8710289542365303,0.14366231239860394,0.16493402624546055
-1.5353,-11.6798,6.24393,0.9673325020193427,0.18507999149500537,0.19133027279518053
-1.4353,-11.6798,6.24578,1.1708712766184313,0.19373370556511815,0.16546114797916675
-1.3353,-11.6798,6.24764,1.0297998142261269,0.22533330947163657,0.21881273074512048
-1.2353,-11.6798,6.24949,1.0746959514387875,0.08412075775093454,0.07827400637204865
-1.1353,-11.6798,6.25135,1.6347735663054166,0.1666026932251728,0.10191178561915115
-1.0353,-11.6798,6.25321,1.7752749487576245,0.20511826382337206,0.11554168776330574
-1.0353,-11.5798,6.25326,1.6325823900105845,0.21280910273247455,0.13035121782190415
-1.1353,-11.5798,6.25141,1.1503856863527053,0.14521886622701238,0.12623493837743097
-1.2353,-11.5798,6.24955,1.0204017248814483,0.13596420416284663,0.13324576080919812
-1.3353,-11.5798,6.24769,1.0933595433000334,0.22454296629541953,0.20536974106220587
-1.4353,-11.5798,6.24584,0.9858837991840902,0.15368346560416044,0.15588395481429726
-1.5353,-11.5798,6.24398,0.9984383146490089,0.1797142440763388,0.17999534016231694
-1.6353,-11.5798,6.24212,0.8273548731659808,0.17315709602056178,0.2092899934920957
-1.5353,-11.4798,6.24404,0.8438803986459931,0.11477679649310726,0.1360107388170963
-1.4353,-11.4798,6.24589,1.037076634872247,0.14008538871436543,0.13507718138073946
-1.3353,-11.4798,6.24775,1.0722364298377451,0.28763153306878453,0.26825383382311496
-1.2353,-11.4798,6.2496,1.069576486899556,0.16136712545492507,0.15087011301331932
-1.1353,-11.4798,6.25146,1.0013639872380562,0.13623341298699687,0.13604784546202164
-1.0353,-11.4798,6.25332,1.5010695179879445,0.23905911598913138,0.15925919028025412
-0.9353,-11.4798,6.25517,2.1227445477687388,0.5761174090985377,0.27140213819138376
-0.9353,-11.3798,6.25523,1.7913454770403328,0.2655544819058105,0.1482430303419531
-1.0353,-11.3798,6.25337,1.0413087358301594,0.11446306532126273,0.10992231351061287
-1.1353,-11.3798,6.25152,1.0459565593236921,0.16120032475287605,0.15411760968075672
-1.2353,-11.3798,6.24966,1.2253598785345359,0.19685870846031048,0.1606537898855827
-1.3353,-11.3798,6.2478,1.0516802832387824,0.18940492225766042,0.18009743576666096
-1.4353,-11.3798,6.24595,1.104478329109488,0.22100898112470058,0.20010259622105428
-1.4353,-11.2798,6.246,0.2639104211800393,0.19078393287625206,0.7229117062645265
-1.3353,-11.2798,6.24786,1.099493736182933,0.25183494895243286,0.22904627890534227
-1.2353,-11.2798,6.24972,1.0112340601191974,0.24577802780509406,0.24304761627206606
-1.1353,-11.2798,6.25157,1.1103640167960052,0.29120171720163607,0.2622578837180882
-1.0353,-11.2798,6.25343,1.0563097533995476,0.22103638304243017,0.20925337698630858
-0.9353,-11.2798,6.25528,1.4430822983242717,0.11235437033252467,0.07785721608739309
-0.8353,-11.2798,6.25714,1.595567696361115,0.16925553264960583,0.10607856566387847
-0.8353,-11.1798,6.2572,1.3521433851529154,0.038566215065360655,0.028522282095843822
-0.9353,-11.1798,6.25534,1.1068107575199555,0.057710492181234196,0.05214124617883802
-1.0353,-11.1798,6.25348,1.0438257987574624,0.2089755883265667,0.20020159357559922
-1.1353,-11.1798,6.25163,1.212685314634815,0.24773987128160546,0.20429032024372226
-1.2353,-11.1798,6.24977,0.9935282217658088,0.1892885281704838,0.19052154133483917
-1.3353,-11.1798,6.24791,0.32807700246825255,0.11785487192067856,0.359229299932668
-1.3353,-11.0798,6.24797,1.024881750307184,0.21172910583357205,0.20658881453407796
-1.2353,-11.0798,6.24983,0.7453591710323174,0.17419168432169535,0.23370167174630863
-1.1353,-11.0798,6.25168,1.0871872782949938,0.16875442871736115,0.15522112159186974
-1.0353,-11.0798,6.25354,1.1809130197545106,0.2304878357690222,0.19517765653641134
-0.9353,-11.0798,6.2554,1.1964276067680744,0.25170680676805907,0.21038197826945668
-0.8353,-11.0798,6.25725,0.9456505635318442,0.1074301862984888,0.11360452839710189
-0.7353,-11.0798,6.25911,1.6564131146196943,0.21139767121602215,0.12762376085422278
-0.7353,-10.9798,6.25916,1.0047016959631305,0.07160085891130492,0.07126578883960842
-0.8353,-10.9798,6.25731,1.0742611918912461,0.13896953983687638,0.1293628969247407
-0.9353,-10.9798,6.25545,1.0657949854418707,0.18832018076474671,0.1766945644679221
-1.0353,-10.9798,6.25359,1.078023154612207,0.12923815553119694,0.11988439671102173
-1.1353,-10.9798,6.25174,1.0946845042859703,0.24852545458793598,0.22702929804422659
-1.2353,-10.9798,6.24988,0.4265762753718776,0.2818283690975754,0.6606752071523085
-1.1353,-10.8798,6.25179,0.32646429210452715,0.16401131731569943,0.5023866967453408
-1.0353,-10.8798,6.25365,0.9118555516924719,0.12134564433000353,0.13307551191060576
-0.9353,-10.8798,6.25551,1.160313699526354,0.25540475239246807,0.22011698430926532
-0.8353,-10.8798,6.25736,1.0526570433264706,0.197212318462374,0.1873471703938532
-0.7353,-10.8798,6.25922,1.1108351742736926,0.14244298230701002,0.12823052925034067
-0.6353,-10.8798,6.26107,1.5974494927677254,0.28262650074834617,0.17692359102926644
-0.6353,-10.7798,6.26113,1.2642931361519254,0.15536495438045958,0.12288681314314275
-0.7353,-10.7798,6.25927,1.054522666558387,0.17936752810900644,0.17009357294746705
-0.8353,-10.7798,6.25742,1.1120585660490865,0.24954286748969665,0.22439723509911058
-0.9353,-10.7798,6.25556,0.9025138193505541,0.16390621883153436,0.18161075799313603
-1.0353,-10.7798,6.2537,0.4297792013277917,0.14035874448908342,0.32658338061834713
-1.0353,-10.6798,6.25376,0.2796732522471902,0.19352274354340823,0.6919601427324286
-0.9353,-10.6798,6.25562,0.9251889983945739,0.07919180353001824,0.08559527152553167
-0.8353,-10.6798,6.25747,1.101683270477782,0.24046284115123684,0.21826857827018836
-0.7353,-10.6798,6.25933,0.911170359514936,0.1598797128975281,0.1754663233148195
-0.6353,-10.6798,6.26119,0.9788917731421616,0.12409892530975533,0.12677491906118288
-0.5353,-10.6798,6.26304,1.6741346039922926,0.36105623989182567,0.21566738960584073
-0.5353,-10.5798,6.2631,1.232315098414619,0.18667509575387148,0.15148324969322388
-0.6353,-10.5798,6.26124,0.9971626172258207,0.13756086999611786,0.13795229345723195
-0.7353,-10.5798,6.25938,1.103970096428117,0.2212720676854199,0.20043302658409248
-0.8353,-10.5798,6.25753,0.985377588916214,0.15353069759358426,0.1558090008546347
-0.9353,-10.5798,6.25567,0.20999453622371292,0.17920010475753612,0.8533560347809686
-0.8353,-10.4798,6.25758,0.5107591906923024,0.2723942328251604,0.533312445060356
-0.7353,-10.4798,6.25944,1.0021863329118437,0.16868623418638792,0.16831823449065758
-0.6353,-10.4798,6.2613,0.9709777623291146,0.11647358619528243,0.11995494718220283
-0.5353,-10.4798,6.26315,1.0129471977968811,0.1280903610059731,0.12645314709845135
-0.4353,-10.4798,6.26501,1.2792140301254502,0.2668934858733733,0.208638648098004
-0.4353,-10.3798,6.26506,1.2121800382367975,0.17350134142840234,0.143131660277769
-0.5353,-10.3798,6.26321,0.9198603514435885,0.11050715222570118,0.12013470528681457
-0.6353,-10.3798,6.26135,1.0159313024095433,0.15110189549942094,0.1487323947407111
-0.7353,-10.3798,6.2595,0.8601351622234773,0.10688862312999274,0.12426956578973261
-0.8353,-10.3798,6.25764,0.25823519936907074,0.09042871453865085,0.3501796608657125
-0.7353,-10.2798,6.25955,0.20141957597674903,0.18332640002219547,0.9101717106353051
-0.6353,-10.2798,6.26141,0.9994684516430311,0.16205230818494934,0.16213849263431052
-0.5353,-10.2798,6.26326,0.9544132921162938,0.0996655087779023,0.10442594377212237
-0.4353,-10.2798,6.26512,1.0178925695793228,0.2233576806913687,0.21943148753279387
-0.3353,-10.2798,6.26698,1.6068334391531287,0.4488800875085365,0.279356949246162
-0.3353,-10.1798,6.26703,1.1611678676918444,0.1456834874889354,0.12546289950179493
-0.4353,-10.1798,6.26518,0.9368192334997604,0.21548926778588054,0.23002224984307568
-0.5353,-10.1798,6.26332,1.0493956736005567,0.1268717243153922,0.12089979738537097
-0.6353,-10.1798,6.26146,0.39800996862715476,0.16625026966269596,0.417703783239748
-0.7353,-10.1798,6.25961,0.26177920087904055,0.20086620125143642,0.7673115380325803
-0.6353,-10.0798,6.26152,0.3386983398807601,0.16805719746462527,0.4961854773890843
-0.5353,-10.0798,6.26337,0.7985132750169648,0.22988414850646355,0.2878902025787606
-0.4353,-10.0798,6.26523,1.10440273829609,0.23858739378224608,0.21603296108297126
-0.3353,-10.0798,6.26709,1.0063357457364606,0.14377966278343524,0.1428744466174297
-0.2353,-10.0798,6.26894,1.305002259518695,0.22866437604909276,0.17522144071492085
-0.2353,-9.9798,6.269,1.2378795728841028,0.1721673472579689,0.1390824689487692
-0.3353,-9.9798,6.26714,0.9866504910931713,0.11283792156679427,0.11436463325708594
-0.4353,-9.9798,6.26529,1.1183455994524176,0.10049372225714143,0.08985927275642412
-0.5353,-9.9798,6.26343,0.26033691407893766,0.20930142000316537,0.8039636666343151
-0.6353,-9.9798,6.26157,0.2981293303035018,0.12353222120091899,0.41435782609903105
-0.5353,-9.8798,6.26348,0.2048573785442461,0.07976136891685603,0.38935072528827064
-0.4353,-9.8798,6.26534,0.3011439358595565,0.18040978005282493,0.5990815638969468
-0.3353,-9.8798,6.2672,0.9430356199993932,0.15902954352955317,0.16863577595261514
-0.2353,-9.8798,6.26905,0.9560332268006203,0.24376004472133075,0.2549702645137946
-0.1353,-9.8798,6.27091,1.1491903111541124,0.30326756001094757,0.2638967254313005
-0.1353,-9.7798,6.27097,1.0548106870352632,0.0792201105074484,0.07510362900295492
-0.2353,-9.7798,6.26911,0.9550701540281498,0.3224001816240845,0.3375670156420594
-0.3353,-9.7798,6.26725,0.3198483408563663,0.18445235819387126,0.5766869313750885
-0.4353,-9.7798,6.2654,0.2438358964870802,0.102587658667855,0.42072418436261977
-0.5353,-9.7798,6.26354,0.2702042857310364,0.18143254767671593,0.671464359589453
-0.4353,-9.6798,6.26545,0.20656853009811038,0.16815293360064876,0.8140297726898864
-0.3353,-9.6798,6.26731,0.3418907258693114,0.19622924408195244,0.5739531061657448
-0.2353,-9.6798,6.26916,0.8260201101486224,0.20585801587545827,0.2492167119737788
-0.1353,-9.6798,6.27102,1.2598985703736316,0.3466664672493735,0.27515426670145926
-0.0353,-9.6798,6.27288,1.0854741884451673,0.06789877617155372,0.06255217940171558
-0.0353,-9.5798,6.27293,1.5659632053435737,0.23103391449378674,0.14753470177678774
-0.1353,-9.5798,6.27108,0.8911142387350897,0.13730159323862287,0.1540785538715198
-0.2353,-9.5798,6.26922,0.2853692710241329,0.13538733508873296,0.47442856970147856
-0.3353,-9.5798,6.26736,0.3872157587051429,0.2519537366677695,0.6506804824016144
-0.4353,-9.5798,6.26551,0.22105229790234443,0.1275052006813429,0.57681011186625
-0.3353,-9.4798,6.26742,0.24267191653762654,0.14397449844913188,0.5932886693413841
-0.2353,-9.4798,6.26928,0.29403980816974074,0.13288434745523137,0.4519263846700684
-0.1353,-9.4798,6.27113,0.32893866034485275,0.09362733052827464,0.28463461981062854
-0.0353,-9.4798,6.27299,0.8345034119845064,0.0916012795524822,0.10976741165700937
0.0647,-9.4798,6.27484,1.2514622553903398,0.2061621606184611,0.16473701842023009
0.0647,-9.3798,6.2749,1.2686633786275041,0.27585302105991366,0.21743594534772778
-0.0353,-9.3798,6.27304,0.4109538692331448,0.21003718515546582,0.511096745596782
-0.1353,-9.3798,6.27119,0.3186665300313891,0.20427082988395895,0.6410175234400612
-0.2353,-9.3798,6.26933,0.1964483196655069,0.11940461927042371,0.6078169539639448
-0.3353,-9.3798,6.26747,0.26768807634991726,0.11221819207435385,0.41921251631568435
-0.2353,-9.2798,6.26939,0.20158636698535926,0.08771207820997864,0.43510917688371736
-0.1353,-9.2798,6.27124,0.3496731210966795,0.10476257872666556,0.29960146321255343
-0.0353,-9.2798,6.2731,0.3471144786813504,0.19073950590886776,0.5495002877248627
0.0647,-9.2798,6.27495,0.748162693387861,0.12183001904339237,0.1628389388031588
0.1647,-9.2798,6.27681,1.231718580165736,0.2079527292832113,0.16883136507953778
0.1647,-9.1798,6.27687,1.2104441028483985,0.1570379697949825,0.12973582954011934
0.0647,-9.1798,6.27501,0.3639466214516468,0.11075375146029723,0.30431317377955586
-0.0353,-9.1798,6.27315,0.4352886362920101,0.10656262048074346,0.24480910273351755
-0.1353,-9.1798,6.2713,0.2429509627999436,0.10064075456511432,0.41424307771929386
-0.2353,-9.1798,6.26944,0.2866851809650528,0.15876602869490647,0.5537992168289305
-0.1353,-9.0798,6.27135,0.205504491974499,0.09825369811743603,0.47810973460194883
-0.0353,-9.0798,6.27321,0.27965895844050725,0.1481900677570471,0.5298956578520335
0.0647,-9.0798,6.27507,0.314276872151749,0.18351236751900116,0.5839194155858595
0.1647,-9.0798,6.27692,0.5374167246324653,0.1267618315245627,0.23587250957114153
0.2647,-8.9798,6.27883,0.885416016443522,0.0757929411419857,0.08560150227056607
0.1647,-8.9798,6.27698,0.43712485982751625,0.18722457528193098,0.42830914571138173
0.0647,-8.9798,6.27512,0.3563419501088947,0.1597004425507343,0.4481662697920673
-0.0353,-8.9798,6.27326,0.22511811449808777,0.0744510429937276,0.3307199118992266
-0.1353,-8.9798,6.27141,0.30887753360840187,0.24219966354200045,0.7841284560665512
-0.0353,-8.8798,6.27332,0.24061112367803675,0.11954503494086714,0.49683918645769304
0.0647,-8.8798,6.27518,0.2877967634502484,0.13229226671067912,0.459672531145572
0.1647,-8.8798,6.27703,0.46988632738371405,0.16159611086762404,0.34390468811335084
0.2647,-8.8798,6.27889,0.5590714239351164,0.2282000144306094,0.40817685301170636
0.3647,-8.8798,6.28075,1.1855394584929637,0.28249153238066743,0.23828100394040494
0.3647,-8.7798,6.2808,0.9283696025249185,0.2758483051649924,0.29713198753466113
0.2647,-8.7798,6.27894,0.4253782350688363,0.18291931358561478,0.4300156860541162
0.1647,-8.7798,6.27709,0.3534311517602525,0.10529331332885311,0.297917466540352
0.0647,-8.7798,6.27523,0.3208609916843437,0.17114492979275578,0.5333927595696163
-0.0353,-8.7798,6.27338,0.9953281718970459,0.1746136441803952,0.17543323811240097
-0.0353,-8.6798,6.27343,1.0874606727063716,0.14345204431426897,0.13191469624116042
0.0647,-8.6798,6.27529,0.28155258081543966,0.2313258269669777,0.8216079081818609
0.1647,-8.6798,6.27714,0.26088334777163863,0.19729529402294146,0.7562586715793057
0.2647,-8.6798,6.279,0.4645324214706247,0.14772867979468246,0.3180158649142303
0.3647,-8.6798,6.28086,0.5778295644047501,0.14259646339025,0.2467794522371756
0.4647,-8.6798,6.28271,1.1837480012019996,0.34764936361159454,0.29368528036253067
0.5647,-8.5798,6.28462,2.255934068473012,0.9955044216928494,0.4412825869360103
0.4647,-8.5798,6.28277,0.5570681919423316,0.17108564048636332,0.307117948863385
0.3647,-8.5798,6.28091,0.4278960729556391,0.19871723356032958,0.46440536877965466
0.2647,-8.5798,6.27906,0.39229946430341806,0.1268173982934199,0.32326681485176567
0.1647,-8.5798,6.2772,0.30219169862244655,0.17233110960658982,0.5702708260755287
0.0647,-8.5798,6.27534,1.1500488909319901,0.15943507634328877,0.13863330298426174
0.0647,-8.4798,6.2754,1.079071071786712,0.09454525898724295,0.08761726772148207
0.1647,-8.4798,6.27725,0.6574681036893655,0.26604988546726716,0.40465823965350567
0.2647,-8.4798,6.27911,0.3068362967177742,0.12510667486883253,0.4077310155516078
0.3647,-8.4798,6.28097,0.5018562811591952,0.3039158938776963,0.6055835211939696
0.4647,-8.4798,6.28282,0.4303426241225078,0.10644719740354365,0.2473545297089623
0.5647,-8.4798,6.28468,0.4878281350912726,0.11112637811007979,0.22779821440452191
0.6647,-8.4798,6.28654,1.4441785136681098,0.49701863081978376,0.344153181975677
0.7647,-8.3798,6.28845,1.3389433171725924,0.219346033277936,0.16382025322858523
0.6647,-8.3798,6.28659,0.4261284895418334,0.13800484505694258,0.3238573539293822
0.5647,-8.3798,6.28473,0.3814065742273934,0.09327003670824105,0.24454228901842093
0.4647,-8.3798,6.28288,0.44201913479996485,0.16581811188164192,0.37513785903563357
0.3647,-8.3798,6.28102,0.4432744228452693,0.14204955519560322,0.3204551128482039
0.2647,-8.3798,6.27917,0.2977157078644527,0.13911607877679905,0.4672782627920235
0.1647,-8.3798,6.27731,1.067057735596574,0.1966480849384047,0.1842900139123794
0.2647,-8.2798,6.27922,0.9300687588047328,0.552892822524513,0.5944644600632074
0.3647,-8.2798,6.28108,0.3008111515169686,0.19377258510230055,0.6441668938306296
0.4647,-8.2798,6.28293,0.34768517845722197,0.11355003861122474,0.3265886659738519
0.5647,-8.2798,6.28479,0.44580044356428655,0.1516846643609987,0.3402523854580352
0.6647,-8.2798,6.28665,0.4431816573499031,0.07851271005911148,0.17715694852669345
0.7647,-8.2798,6.2885,0.49836170841330973,0.13369998571255687,0.26827900991477166
0.8647,-8.2798,6.29036,1.1530186360401034,0.24995893580163114,0.21678655312986397
0.9647,-8.1798,6.29227,1.8802643629102653,0.340936908983955,0.18132392216180404
0.8647,-8.1798,6.29041,0.6454943037618527,0.12101497602506087,0.18747644296750893
0.7647,-8.1798,6.28856,0.37102626680377837,0.054373415396508896,0.14654869550048574
0.6647,-8.1798,6.2867,0.38857657267930235,0.17381614898108863,0.44731504985644494
0.5647,-8.1798,6.28485,0.4829767831586892,0.15289230175506263,0.31656242512350247
0.4647,-8.1798,6.28299,0.22571551410933183,0.07145342987087157,0.3165641057187635
0.3647,-8.1798,6.28113,0.296682633534347,0.2329955098344426,0.7853358555530978
0.3647,-8.0798,6.28119,0.9023733108181894,0.21472871494978904,0.23795995778630988
0.4647,-8.0798,6.28304,0.39778373304052966,0.1675543630361547,0.421219746105311
0.5647,-8.0798,6.2849,0.3186503449286976,0.12632560053984812,0.39643955373127
0.6647,-8.0798,6.28676,0.5292076608250799,0.1567512662292566,0.296199918921937
0.7647,-8.0798,6.28861,0.46374583829369886,0.2166001910729929,0.4670665980959509
0.8647,-8.0798,6.29047,0.48606758404910133,0.16846821255323943,0.3465942146354306
0.9647,-8.0798,6.29233,0.8120072476695663,0.1390920981543769,0.17129415846172133
1.0647,-7.9798,6.29424,0.9823544966332994,0.19083598685419795,0.19426387063756131
0.9647,-7.9798,6.29238,0.5643889390199555,0.18530211489303322,0.32832343457121044
0.8647,-7.9798,6.29053,0.45383520344521894,0.14023166753407368,0.3089924855311508
0.7647,-7.9798,6.28867,0.49102742051628184,0.12397375749605442,0.25247827782347565
0.6647,-7.9798,6.28681,0.4060003573126562,0.11690000596381894,0.28793079576970815
0.5647,-7.9798,6.28496,0.2354632201668807,0.11946244892569835,0.5073507821774937
0.4647,-7.9798,6.2831,0.4299868658290171,0.36131567120936686,0.8402946692633233
0.5647,-7.8798,6.28501,0.22209193598097637,0.11048866847561943,0.4974906809992575
0.6647,-7.8798,6.28687,0.42409274876096276,0.09962372458122266,0.23491022865230585
0.7647,-7.8798,6.28872,0.4277485581265779,0.1449665093467474,0.3389058983194735
0.8647,-7.8798,6.29058,0.5242156710921552,0.23338635806599045,0.4452105706411856
0.9647,-7.8798,6.29244,0.5491144188209814,0.11905585703631338,0.21681429763206994
1.0647,-7.8798,6.29429,0.914350233099481,0.0967587937965962,0.10582246309338325
1.0647,-7.7798,6.29435,0.9896255620284578,0.21161658191320035,0.21383499985534438
0.9647,-7.7798,6.29249,0.46958685514335147,0.16259057703850127,0.34624175540192026
0.8647,-7.7798,6.29064,0.5276207710859697,0.22159894364150529,0.4199966259580753
0.7647,-7.7798,6.28878,0.4012875145761158,0.14287687477038374,0.35604615040491877
0.6647,-7.7798,6.28692,0.3433653973687594,0.18036266590257796,0.5252790970922337
0.5647,-7.7798,6.28507,0.5434882552353504,0.38602701359109315,0.7102766432807812
0.6647,-7.6798,6.28698,0.17921356563532687,0.0797482785945085,0.4449901898430193
0.7647,-7.6798,6.28883,0.3238177467001465,0.1571710702571053,0.48536892081657546
0.8647,-7.6798,6.29069,0.4403720715933884,0.17428436118806082,0.39576615419195776
0.9647,-7.6798,6.29255,0.5200106113584855,0.17394439061256634,0.33450161749228685
1.0647,-7.6798,6.2944,0.5301725585692534,0.322677087087773,0.6086265346485743
1.0647,-7.5798,6.29446,0.5328350002831935,0.25539550778952247,0.479314436277241
0.9647,-7.5798,6.2926,0.5153776213112211,0.15493971823479338,0.3006333838101013
0.8647,-7.5798,6.29075,0.4900672024840579,0.18342651454651437,0.37428849271438713
0.7647,-7.5798,6.28889,0.2839272000793274,0.11668405865915864,0.41096470724382117
0.6647,-7.5798,6.28703,0.3714867803554678,0.24520962166553775,0.6600763058941206
0.7647,-7.4798,6.28895,0.28582065024222564,0.1613925748864793,0.5646638014072924
0.8647,-7.4798,6.2908,0.4789501105744788,0.2295363617619298,0.4792490004577124
0.9647,-7.4798,6.29266,0.4371530021578347,0.20470813081004682,0.4682757062163253
1.0647,-7.4798,6.29451,0.3820002983123985,0.12902798495419965,0.3377693303492685
1.1647,-7.4798,6.29637,1.1175927958616882,0.2419207200558734,0.21646589075348083
1.1647,-7.3798,6.29643,0.6945528259167023,0.18526942199659038,0.2667463367556865
1.0647,-7.3798,6.29457,0.4342770216012071,0.11660115089602009,0.268494866401414
0.9647,-7.3798,6.29271,0.45607562431712995,0.16837216550625284,0.369175979879109
0.8647,-7.3798,6.29086,0.48279160985677716,0.17416621096411503,0.36074821394634926
0.7647,-7.3798,6.289,0.37780265318067735,0.22519656607500613,0.5960693080874419
0.7647,-7.2798,6.28906,0.651318623356218,0.3797450997007777,0.5830404445430515
0.8647,-7.2798,6.29091,0.37540721025084145,0.17062862737223738,0.4545161166676205
0.9647,-7.2798,6.29277,0.48945572412288635,0.19036004359512618,0.38892188652253457
1.0647,-7.2798,6.29463,0.49045490963355054,0.1580045616327673,0.32215920063033393
1.1647,-7.2798,6.29648,0.40277604250860444,0.13158003236187477,0.3266828670900004
1.2647,-7.1798,6.29839,0.7066408473302882,0.409602501661205,0.5796473600538327
1.1647,-7.1798,6.29654,0.4955232597246269,0.2384777625033838,0.4812645175040039
1.0647,-7.1798,6.29468,0.4314398951253057,0.16742135029590516,0.3880525472668214
0.9647,-7.1798,6.29282,0.44486104903197815,0.18433387895173906,0.414362820374702
0.8647,-7.1798,6.29097,0.22079489447053313,0.0824504433710744,0.373425497762486
0.8647,-7.0798,6.29102,0.20677266241797118,0.1329061118530759,0.6427644268777606
0.9647,-7.0798,6.29288,0.4445578749613145,0.16328695334934265,0.367301902735503
1.0647,-7.0798,6.29474,0.48221723479121403,0.216840729588622,0.4496743665383667
1.1647,-7.0798,6.29659,0.5223412257169697,0.18573582951797346,0.35558332441218093
1.2647,-7.0798,6.29845,0.5761627244868299,0.20083994295058008,0.3485819793869205
1.3647,-6.9798,6.30036,0.6158732652894111,0.34711626232260545,0.5636163832497074
1.2647,-6.9798,6.2985,0.4020308365922979,0.1389572094593573,0.3456381869539891
1.1647,-6.9798,6.29665,0.5447641308953426,0.18780352752220855,0.34474282881574014
1.0647,-6.9798,6.29479,0.5427241423899976,0.17420250071810905,0.3209779833102181
0.9647,-6.9798,6.29294,0.4193293139613452,0.15412884370325347,0.3675603840981683
0.8647,-6.9798,6.29108,0.31883888716182407,0.23122456979916525,0.7252081822811316
0.8647,-6.8798,6.29113,0.3518784178733573,0.29230409847543015,0.8306962963003653
0.9647,-6.8798,6.29299,0.42838887310592944,0.24926696185293518,0.5818707662635718
1.0647,-6.8798,6.29485,0.44467912639004403,0.1403206199689869,0.31555477116303104
1.1647,-6.8798,6.2967,0.460889322093303,0.18533988963764242,0.4021353517062432
1.2647,-6.8798,6.29856,0.573561497410572,0.2280690152508023,0.3976365503619987
1.3647,-6.8798,6.30042,0.5508691613820395,0.29240117697836604,0.5307996843475136
1.3647,-6.7798,6.30047,0.5660899940802336,0.23852130002106325,0.4213487299110553
1.2647,-6.7798,6.29861,0.6658150176933088,0.22177861431274476,0.33309343949778797
1.1647,-6.7798,6.29676,0.443273496848242,0.17847406150310968,0.4026274134864679
1.0647,-6.7798,6.2949,0.37834889280178247,0.15562097772012262,0.41131606483028
0.9647,-6.7798,6.29305,0.39635860768661246,0.20004903580591588,0.5047172735153213
0.9647,-6.6798,6.2931,0.2358760972732016,0.09843840968060111,0.4173310090279542
1.0647,-6.6798,6.29496,0.42957453395821055,0.14665523696037058,0.341396487377991
1.1647,-6.6798,6.29681,0.5022176085528917,0.17919283803921324,0.35680317652649834
1.2647,-6.6798,6.29867,0.672583485676242,0.29152976106170897,0.43344769425700874
1.3647,-6.6798,6.30053,0.5153092605673935,0.2281297579019725,0.4427045569698958
1.3647,-6.5798,6.30058,0.7433780804509376,0.472981705365054,0.6362599568151653
1.2647,-6.5798,6.29873,0.6738558927015347,0.3697938332035755,0.5487728714830208
1.1647,-6.5798,6.29687,0.4879767953958914,0.2291395943021965,0.4695706772620151
1.0647,-6.5798,6.29501,0.48126347099513617,0.22600593274717726,0.4696095722367039
0.9647,-6.5798,6.29316,0.2590591701869439,0.11912618794517765,0.45984161787908556
0.9647,-6.4798,6.29321,0.3813433554471023,0.17587371044177358,0.4611951616033067
1.0647,-6.4798,6.29507,0.5257346143348862,0.22235751739777446,0.4229463142332408
1.1647,-6.4798,6.29692,0.5875307091454958,0.27704277331402716,0.4715375196591136
1.2647,-6.4798,6.29878,0.6601279596285254,0.30533847056529717,0.46254436902978724
1.3647,-6.4798,6.30064,0.5811724221251249,0.23403411069620478,0.40269307659236775
1.3647,-6.3798,6.30069,1.8176194893614082,0.5385757669087043,0.2963083142874554
1.2647,-6.3798,6.29884,0.5818462230362886,0.35662698288128414,0.6129230864819792
1.1647,-6.3798,6.29698,0.5249209657762253,0.29328402821777605,0.5587203547568027
1.0647,-6.3798,6.29512,0.5937938063723942,0.2977797040584352,0.5014867128332497
0.9647,-6.3798,6.29327,0.2610285881008573,0.11424174011976271,0.43765987837171894
0.8647,-6.3798,6.29141,0.9248605261151092,0.24645603283252338,0.2664791348245402
0.8647,-6.2798,6.29147,1.036498321035569,0.21777443517288395,0.21010592178799167
0.9647,-6.2798,6.29332,0.27888600710081646,0.17480046440468816,0.6267810501568059
1.0647,-6.2798,6.29518,0.6691046335786754,0.31855872117207634,0.476097018590769
1.1647,-6.2798,6.29704,0.5294962189082228,0.2826138543410076,0.5337410244849979
1.2647,-6.2798,6.29889,0.47071798359187095,0.1729538909991413,0.36742571354379866
1.3647,-6.2798,6.30075,1.929624419730997,1.080555795009341,0.5599824421583439
1.2647,-6.1798,6.29895,0.4610028145043409,0.19985679661917954,0.4335261962208642
1.1647,-6.1798,6.29709,0.5124048020070275,0.23434029394819783,0.45733430489003085
1.0647,-6.1798,6.29523,0.5246792464806357,0.213328429407926,0.40658827433876654
0.9647,-6.1798,6.29338,0.4016516156566894,0.19630986272784604,0.48875656184498295
0.8647,-6.1798,6.29152,0.9521255107379887,0.25382626311870427,0.26658907912462565
0.8647,-6.0798,6.29158,0.8267604827392875,0.2974786007601583,0.3598123119945561
0.9647,-6.0798,6.29343,0.37007851719779605,0.20603217829532106,0.5567255831421388
1.0647,-6.0798,6.29529,0.4918711402583966,0.22055602645499126,0.448402047615816
1.1647,-6.0798,6.29715,0.5584287481465333,0.2465245960039341,0.4414611475898539
1.2647,-6.0798,6.299,0.48843214628469467,0.273596514447353,0.5601525545124144
1.2647,-5.9798,6.29906,0.7698115896307152,0.2516112877354887,0.32684788216320393
1.1647,-5.9798,6.2972,0.5578178103747641,0.3484152680574949,0.624604058130406
1.0647,-5.9798,6.29535,0.5338825360863354,0.25414783758707854,0.4760369939240337
0.9647,-5.9798,6.29349,0.45829101843361136,0.19842051222337526,0.4329574533263927
0.8647,-5.9798,6.29163,0.9337868523624288,0.6085935950063821,0.6517478731540011
0.8647,-5.8798,6.29169,0.436328216790783,0.24733567538346773,0.5668569344486466
0.9647,-5.8798,6.29354,0.4702414349397121,0.22160899478683052,0.47126641406077324
1.0647,-5.8798,6.2954,0.5064899945525572,0.1895151267965445,0.37417348582367504
1.1647,-5.8798,6.29726,0.5064201437913204,0.24470647570696216,0.4832084163851861
1.2647,-5.8798,6.29911,0.9057422508771358,0.674344635364025,0.7445215619686268
1.2647,-5.7798,6.29917,1.1192391110816458,0.4056035933375419,0.3623922621374104
1.1647,-5.7798,6.29731,0.5519486350082722,0.23732564996664057,0.4299777821954098
1.0647,-5.7798,6.29546,0.5607738308084097,0.2929700157719018,0.5224388152163898
0.9647,-5.7798,6.2936,0.40091605647132916,0.16864040012427456,0.4206376806371051
0.8647,-5.7798,6.29174,0.2542842597495209,0.12552836393997913,0.49365369316853924
0.8647,-5.6798,6.2918,0.39833773859985533,0.18382435805307848,0.46147864046026704
0.9647,-5.6798,6.29365,0.5040106797879313,0.2678901864909849,0.5315168849273253
1.0647,-5.6798,6.29551,0.5121464264675548,0.2842641277194908,0.5550446376833195
1.1647,-5.6798,6.29737,0.5277145588676209,0.1860272454571612,0.35251490096529026
1.1647,-5.5798,6.29742,0.645931401254019,0.22615101336705246,0.3501161468973333
1.0647,-5.5798,6.29557,0.6052171987165879,0.37901419531147745,0.6262449185436365
0.9647,-5.5798,6.29371,0.4963826783771917,0.21131899313859104,0.4257179034317829
0.8647,-5.5798,6.29185,0.4847641243640438,0.2709120621465062,0.5588533650296676
0.8647,-5.4798,6.29191,0.548622480717971,0.24664708318078585,0.44957523953084066
0.9647,-5.4798,6.29377,0.5724844915899223,0.2698147344864564,0.4713048797830632
1.0647,-5.4798,6.29562,0.5060360097203678,0.23272272783902367,0.45989361106460536
1.1647,-5.4798,6.29748,0.7400022772930506,0.15664933624796626,0.21168764077455815
1.1647,-5.3798,6.29753,0.676874994314423,0.1866481365784294,0.2757497885816821
1.0647,-5.3798,6.29568,0.64886006578589,0.23395201949724945,0.3605585115087798
0.9647,-5.3798,6.29382,0.484279739450902,0.25482915938444134,0.526202396312053
0.8647,-5.3798,6.29196,0.43277910168866607,0.2309269131786252,0.5335907216350527
0.7647,-5.3798,6.29011,0.3415221458934573,0.2178824390292604,0.6379745549421323
0.7647,-5.2798,6.29016,0.2513301589561866,0.09134371881080666,0.36344113730787975
0.8647,-5.2798,6.29202,0.4467214615805834,0.19482890702615535,0.4361306178055886
0.9647,-5.2798,6.29388,0.5018340356023412,0.2726876549028525,0.5433821454050064
1.0647,-5.2798,6.29573,0.6840099252479354,0.22686239408479889,0.3316653541285491
1.1647,-5.2798,6.29759,1.392207903764642,0.3343334687246465,0.24014622228517876
1.1647,-5.1798,6.29764,1.128459018578225,0.30600016517260953,0.27116639606296655
1.0647,-5.1798,6.29579,0.8383708949491421,0.2247332371967087,0.268059445468156
0.9647,-5.1798,6.29393,0.4477013966891425,0.19335475474477043,0.43188329581876334
0.8647,-5.1798,6.29208,0.5485832762543946,0.24058760854717204,0.43856168964874587
0.7647,-5.1798,6.29022,0.4096878725206513,0.22121202148096522,0.539952574431684
0.6647,-5.0798,6.28842,0.8910217150909887,0.2481029826510821,0.2784477397677637
0.7647,-5.0798,6.29027,0.3906418267155329,0.1602552652060224,0.41023580744905996
0.8647,-5.0798,6.29213,0.5847226813282749,0.36787100572115855,0.6291375680613088
0.9647,-5.0798,6.29399,0.5861745468094649,0.2563309330810993,0.43729454729193357
1.0647,-5.0798,6.29584,1.0442067465178106,0.1865846875174609,0.17868557940242957
1.1647,-5.0798,6.2977,2.6223545633638805,1.0248597277190383,0.39081661268733164
1.0647,-4.9798,6.2959,0.5730147632802954,0.19456894257453589,0.3395531058583925
0.9647,-4.9798,6.29404,0.7301200971503993,0.2303922500288355,0.3155539080872286
0.8647,-4.9798,6.29219,0.5397403965991158,0.3372462522252773,0.6248304821174281
0.7647,-4.9798,6.29033,0.4456398900761763,0.2546469464611638,0.5714186546846945
0.6647,-4.9798,6.28847,0.2172019090836978,0.12625275088659899,0.5812690662767059
0.6647,-4.8798,6.28853,0.3802419924877046,0.2290112217690522,0.6022775661119476
0.7647,-4.8798,6.29039,0.5055375636346484,0.2244366910049271,0.4439565071906849
0.8647,-4.8798,6.29224,0.4581457885958957,0.27447385970992866,0.599097201244878
0.9647,-4.8798,6.2941,1.3089386415590913,0.3314261159792211,0.253202178816003
1.0647,-4.8798,6.29595,0.8903218254678531,0.37763900960476193,0.4241601169400933
0.9647,-4.7798,6.29415,1.2662862319545725,0.7578608574659496,0.5984909559477367
0.8647,-4.7798,6.2923,0.5791016128970388,0.3414063270790379,0.58954476982218
0.7647,-4.7798,6.29044,0.5135339423564541,0.22671244195380502,0.44147508714514416
0.6647,-4.7798,6.28858,0.457006534958676,0.2621296571119787,0.5735796691302922
0.5647,-4.7798,6.28673,0.6431941422359853,0.39230265304326695,0.609928833741357
0.5647,-4.6798,6.28678,0.22596049652863207,0.143657912989092,0.6357656103437033
0.6647,-4.6798,6.28864,0.3877152133476992,0.1608570252914775,0.41488448158267777
0.7647,-4.6798,6.2905,0.4130514479931553,0.188338535147975,0.4559687081670658
0.8647,-4.6798,6.29235,0.7353297862814356,0.2399077744956068,0.3262587467166548
0.9647,-4.6798,6.29421,1.1319756100096154,0.28589957167898417,0.25256690086861117
0.8647,-4.5798,6.29241,0.6408408541377012,0.3323025729326076,0.5185414924579759
0.7647,-4.5798,6.29055,0.5410796364888737,0.2927252985638415,0.5410022459232965
0.6647,-4.5798,6.28869,0.38875328705714685,0.18770226252057343,0.4828313194249111
0.5647,-4.5798,6.28684,0.2456801771460703,0.16427078855539295,0.6686367230097078
0.4647,-4.4798,6.28504,0.37879673210623604,0.24767741308600077,0.6538530881954335
0.5647,-4.4798,6.28689,0.4474817511566642,0.30554008255838916,0.6827989784357016
0.6647,-4.4798,6.28875,0.45512920520106315,0.2584216794680999,0.5677984987887924
0.7647,-4.4798,6.29061,0.35832624333840374,0.11806407305433977,0.3294876533585064
0.8647,-4.4798,6.29246,0.9751365536654347,0.30921361197830166,0.3170977549923655
0.7647,-4.3798,6.29066,0.7913477258683164,0.31079420388557144,0.39274037660820793
0.6647,-4.3798,6.28881,0.6769099457514629,0.2785047655430527,0.4114354757099546
0.5647,-4.3798,6.28695,0.2644559557073123,0.1929609118646306,0.729652358739808
0.4647,-4.3798,6.28509,0.24304636068515578,0.16374756486102007,0.673729754271614
0.4647,-4.2798,6.28515,0.38576861652497774,0.16384839689988598,0.42473231331216166
0.5647,-4.2798,6.287,0.44766562024689377,0.18931811811725038,0.422900731159205
0.6647,-4.2798,6.28886,0.522568677927364,0.1610050239834469,0.30810308919017587
0.7647,-4.2798,6.29072,1.0578348490469662,0.23838262308978994,0.22534956501438355
0.7647,-4.1798,6.29077,2.870455057554656,2.0474848958557166,0.7132962735183778
0.6647,-4.1798,6.28892,1.4178215022869278,0.4794189764203469,0.3381377526346231
0.5647,-4.1798,6.28706,0.4448623681231626,0.1842266662427616,0.41412058974554
0.4647,-4.1798,6.2852,0.4348363782888911,0.2336903348103757,0.5374213071361741
0.3647,-4.0798,6.2834,0.46698644370485676,0.28981143351034633,0.6205992431195968
0.4647,-4.0798,6.28526,0.49225840997310993,0.2429499764913312,0.49354154559716423
0.5647,-4.0798,6.28712,0.546483692430772,0.11045035324222117,0.20211097745833087
0.6647,-4.0798,6.28897,1.001431605881695,0.23240198233333959,0.23206974991439863
0.6647,-3.9798,6.28903,0.8028647450238283,0.21277724595817413,0.2650225299802635
0.5647,-3.9798,6.28717,0.5199316744858162,0.16702735091538692,0.3212486546055648
0.4647,-3.9798,6.28531,0.49878661087422477,0.21480020328682942,0.4306454876772824
0.3647,-3.9798,6.28346,0.48468224251223235,0.29112699378114304,0.600655374276056
0.2647,-3.8798,6.28166,0.2543162212485497,0.13628214035402947,0.5358767116189473
0.3647,-3.8798,6.28351,0.37975193228253595,0.29558107645410175,0.7783530545255766
0.4647,-3.8798,6.28537,0.551375394175623,0.2417342951494673,0.4384205347264201
0.5647,-3.8798,6.28723,0.5829921590014913,0.21918002877859566,0.3759570783147274
0.6647,-3.8798,6.28908,2.0610367767731503,0.3644297057209777,0.17681863314032895
0.5647,-3.7798,6.28728,0.7975587718957331,0.35845767137604084,0.44944358209993196
0.4647,-3.7798,6.28543,0.6933370881005619,0.2968148220024033,0.42809598259851506
0.3647,-3.7798,6.28357,0.46776726065627355,0.21050809434855838,0.4500274218704774
0.2647,-3.7798,6.28171,0.32084763953134976,0.19628695702618043,0.6117762228604502
0.1647,-3.6798,6.27991,0.24112464480413087,0.1280930778442215,0.5312317948597639
0.2647,-3.6798,6.28177,0.2672846111779534,0.15240784383629113,0.5702080758207987
0.3647,-3.6798,6.28362,0.4725949724143718,0.2122953288961839,0.4492119918492132
0.4647,-3.6798,6.28548,0.4820712360019856,0.2643624742519395,0.5483888158198482
0.5647,-3.6798,6.28734,2.6342010056796354,0.5195807833943474,0.1972441671209116
0.5647,-3.5798,6.28739,2.0791798295933397,1.027349371911414,0.49411280221603054
0.4647,-3.5798,6.28554,2.4685630777225365,0.671325370032796,0.2719498545899633
0.3647,-3.5798,6.28368,0.5831412903475955,0.23688245992968882,0.40621795069337185
0.2647,-3.5798,6.28182,0.48849190102400775,0.2500288089977619,0.5118381870275345
0.1647,-3.5798,6.27997,0.35688693795474347,0.23170967543052878,0.6492523283659983
0.1647,-3.4798,6.28002,0.4158490005463321,0.23950924248003216,0.5759524302460048
0.2647,-3.4798,6.28188,0.5741195068355347,0.2792137038201333,0.4863337693559998
0.3647,-3.4798,6.28374,0.532862449052634,0.1821925608316559,0.3419129292288705
0.4647,-3.4798,6.28559,1.5113227375568294,0.3803078226490719,0.25163905312763907
0.4647,-3.3798,6.28565,1.6930297032878563,0.34679193877194076,0.20483511783548294
0.3647,-3.3798,6.28379,2.3627820731826974,0.3673059602215629,0.15545486161861602
0.2647,-3.3798,6.28193,0.6366794543422881,0.1684081279773912,0.26451007147915995
0.1647,-3.3798,6.28008,0.4443649291049974,0.13078313382870124,0.29431470681566535
0.0647,-3.3798,6.27822,0.4408825972159768,0.16269386808318845,0.3690185757173105
0.0647,-3.2798,6.27828,0.2904030424739818,0.10998306079222211,0.3787255803357359
0.1647,-3.2798,6.28013,0.3616685364589371,0.15233422295738852,0.4211984389045248
0.2647,-3.2798,6.28199,0.6269095670592303,0.09657478259199424,0.15404898515908255
0.3647,-3.2798,6.28385,1.3965753919584343,0.19062824736710487,0.13649692559725302
0.2647,-3.1798,6.28204,2.2972507796625274,0.5722201332801988,0.24908910178463822
0.1647,-3.1798,6.28019,0.8556192552222777,0.14832638184211755,0.17335559121280467
0.0647,-3.1798,6.27833,0.4283988545300611,0.162054316193573,0.3782790604595361
-0.0353,-3.1798,6.27648,0.32990577183709874,0.15764542314937158,0.47784984867501473
-0.0353,-3.0798,6.27653,0.3354293422318708,0.11818725132201383,0.35234619170649367
0.0647,-3.0798,6.27839,0.3684490492992655,0.13979993536917346,0.3794281343242759
0.1647,-3.0798,6.28024,0.9884758688393758,0.4260003679612905,0.4309668868917165
0.1647,-2.9798,6.2803,2.6253157738883433,0.3853007544084866,0.1467635848764278
0.0647,-2.9798,6.27844,0.5866688777930246,0.11180660170424035,0.190578716438552
-0.0353,-2.9798,6.27659,0.387676229832645,0.1533811641946763,0.39564242631251606
-0.1353,-2.8798,6.27479,0.3367205044370738,0.213836413735216,0.6350561100896001
-0.0353,-2.8798,6.27664,0.340753585168274,0.19809939149258984,0.5813567343532501
0.0647,-2.8798,6.2785,0.8843774918214103,0.10826795249335552,0.12242278155493691
0.1647,-2.8798,6.28035,1.7201093018477676,0.3479723331813154,0.2022966405725021
0.0647,-2.7798,6.27855,1.6892250287280983,0.20482098112549357,0.12125144823346212
-0.0353,-2.7798,6.2767,0.5201086469851692,0.0890557945257103,0.17122536808785205
-0.1353,-2.7798,6.27484,0.41456274298356455,0.2086490858518146,0.5032991733656262
-0.2353,-2.6798,6.27304,0.3430446860058624,0.265761617414186,0.774714281420597
-0.1353,-2.6798,6.2749,0.3347934574777324,0.20024032840709224,0.598101079739321
-0.0353,-2.6798,6.27675,0.7380885167336857,0.11393259272224186,0.1543616925872735
0.0647,-2.6798,6.27861,2.377931933508939,0.28276383918520004,0.11891166235693984
-0.0353,-2.5798,6.27681,1.810966569059548,0.2630460345536023,0.14525173410031783
-0.1353,-2.5798,6.27495,0.392385893559377,0.1640752768925061,0.41814774584315617
-0.2353,-2.5798,6.2731,0.3185299344592515,0.21573107173339154,0.6772709513145909
-0.2353,-2.4798,6.27315,0.3127745065822154,0.18410383305867917,0.588615213785929
-0.1353,-2.4798,6.27501,0.516670626371136,0.16249049725471595,0.3144953263474193
-0.0353,-2.4798,6.27686,2.4521231217060735,0.5142488445041303,0.20971575201588566
-0.0353,-2.3798,6.27692,2.7045655325918783,0.7673265941956133,0.28371528992320544
-0.1353,-2.3798,6.27506,0.8460974541609518,0.1737178027865107,0.20531654117643122
-0.2353,-2.3798,6.27321,0.26169953390611483,0.18065888657880522,0.6903294166493125
-0.3353,-2.3798,6.27135,0.3428358090403333,0.1736948811694805,0.5066415951580076
-0.3353,-2.2798,6.27141,0.3570139158214192,0.26735553349490493,0.7488658610961203
-0.2353,-2.2798,6.27326,0.273993164971223,0.144266906287886,0.5265346903928719
-0.1353,-2.2798,6.27512,1.2357707260721171,0.08932050927655938,0.07227919175627633
-0.0353,-2.2798,6.27697,3.118223332480465,0.5803513264202588,0.18611602330568303
-0.0353,-2.1798,6.27703,2.577164600440164,0.4181577642816641,0.16225496974863202
-0.1353,-2.1798,6.27517,1.3288900904247651,0.17196173744260138,0.1294025282313872
-0.2353,-2.1798,6.27332,0.33695116770064626,0.15974173730900973,0.47407978550448976
-0.3353,-2.1798,6.27146,0.3046643220749655,0.18866462232249478,0.61925407293366
-0.4353,-2.1798,6.2696,0.30059830610188737,0.21555852691957034,0.7170982754856479
-0.4353,-2.0798,6.26966,0.2945361879964372,0.23197649706256793,0.7875993053368844
-0.3353,-2.0798,6.27152,0.31209495938817705,0.231347722779526,0.7412734996843722
-0.2353,-2.0798,6.27337,0.7903831455055614,0.07856878526674359,0.09940594724662022
-0.1353,-2.0798,6.27523,1.401027151286938,0.15377145723646246,0.10975622927450977
-0.1353,-1.9798,6.27528,1.902366485375636,0.21774338306856167,0.11445921947345844
-0.2353,-1.9798,6.27343,1.1886049246870634,0.12589837915626925,0.1059211320274614
-0.3353,-1.9798,6.27157,0.3776274566022878,0.18889845453497148,0.5002243646015305
-0.4353,-1.9798,6.26972,0.282087942067565,0.1919717332004161,0.6805386001023593
-0.5353,-1.8798,6.26791,0.39361629246540053,0.25639961971162206,0.6513948345625454
-0.4353,-1.8798,6.26977,0.3015386273444463,0.1682105369849444,0.5578407597935976
-0.3353,-1.8798,6.27163,0.9135828274236818,0.11064159073078314,0.12110734506995299
-0.2353,-1.8798,6.27348,1.2306373422370123,0.2663703119885631,0.21644907305052508
-0.1353,-1.8798,6.27534,2.3850161832113224,0.4721309095394146,0.1979571094162181
-0.2353,-1.7798,6.27354,1.3708781230523752,0.17581128554934639,0.1282472034478804
-0.3353,-1.7798,6.27168,0.9394383838208992,0.11296717598160791,0.12024969165316193
-0.4353,-1.7798,6.26983,0.33339826661627747,0.10292531473003128,0.3087158063976754
-0.5353,-1.7798,6.26797,0.26427422359368385,0.2000412536747047,0.756945762452656
-0.6353,-1.6798,6.26617,0.273392321772662,0.12101196303216986,0.44263116918402984
-0.5353,-1.6798,6.26802,0.3909005820695879,0.21193114472846816,0.5421612411176719
-0.4353,-1.6798,6.26988,0.9723541774531933,0.13142305244347877,0.13515965220379295
-0.3353,-1.6798,6.27174,1.127753301224351,0.09957429947885763,0.08829439858057102
-0.2353,-1.6798,6.27359,1.9218031338260466,0.4699012084176022,0.24451058495366967
-0.2353,-1.5798,6.27365,2.2491633927712735,0.7609386286724915,0.3383207423338472
-0.3353,-1.5798,6.27179,1.3893796995769205,0.20992947055562292,0.1510958239994067
-0.4353,-1.5798,6.26994,1.0643668686122718,0.12231009905944829,0.11491347829993709
-0.5353,-1.5798,6.26808,0.4446908898133741,0.18952401874224778,0.4261927174217272
-0.6353,-1.5798,6.26622,0.2832569124852681,0.1744843453459095,0.6159932473139001
-0.6353,-1.4798,6.26628,0.2887289933704922,0.23480801669958215,0.8132471005372172
-0.5353,-1.4798,6.26814,1.0392139051771465,0.14648591419849458,0.14095838543800498
-0.4353,-1.4798,6.26999,1.1529693597881348,0.18930649981540137,0.16419039951780473
-0.3353,-1.4798,6.27185,1.492866294316453,0.257462673606645,0.17246197773158972
-0.3353,-1.3798,6.2719,1.572374316180444,0.27797480779747735,0.17678666265213738
-0.4353,-1.3798,6.27005,1.104945701790601,0.12659912556785197,0.11457497446498402
-0.5353,-1.3798,6.26819,1.0195316147963518,0.15322428180088413,0.15028889695734465
-0.6353,-1.3798,6.26633,0.380621969981304,0.10214999014369927,0.2683764947901374
-0.7353,-1.3798,6.26448,0.28660431027209204,0.19987437172925818,0.6973878778707288
-0.7353,-1.2798,6.26453,0.2961207371801055,0.24434685434572506,0.8251595503664753
-0.6353,-1.2798,6.26639,0.903736800317471,0.11094991026596908,0.1227679455201933
-0.5353,-1.2798,6.26825,1.0560664060568166,0.09743337041951042,0.0922606474940445
-0.4353,-1.2798,6.2701,1.604143534278148,0.3754001588401022,0.23401905803212886
-0.4353,-1.1798,6.27016,2.874353544233879,0.7391576232888906,0.25715612638246393
-0.5353,-1.1798,6.2683,1.3317707430920058,0.37168416994648124,0.2790902051831629
-0.6353,-1.1798,6.26645,1.0634911108572236,0.1484082182645682,0.139548151131178
-0.7353,-1.1798,6.26459,0.415763290256739,0.22300994400627944,0.536386807667815
-0.8353,-1.1798,6.26273,0.47047966069450686,0.3029730121638011,0.6439662273955948
-0.8353,-1.0798,6.26279,0.5139435789291781,0.35231552829649887,0.6855140189328998
-0.7353,-1.0798,6.26464,0.5623950698115767,0.1908899309011757,0.3394231940282317
-0.6353,-1.0798,6.2665,1.0172515018660948,0.14933177598644246,0.1467992681382147
-0.5353,-1.0798,6.26836,0.8969059655596402,0.16339831242725994,0.18217998173900504
-0.5353,-0.9798,6.26841,1.749303080999073,0.27357518556705157,0.15639095851292137
-0.6353,-0.9798,6.26656,1.0458333160191073,0.18217072845905535,0.17418715360156597
-0.7353,-0.9798,6.2647,1.0537770588450703,0.19207082187637492,0.18226893465196778
-0.8353,-0.9798,6.26284,0.4340380737589727,0.2940926494370894,0.6775733909472723
-0.9353,-0.9798,6.26099,0.4762325661249758,0.2575138364112637,0.5407312618425288
-0.9353,-0.8798,6.26104,0.5065009148514457,0.33551092846093894,0.6624093237015035
-0.8353,-0.8798,6.2629,0.4808339961474526,0.20766565378303742,0.4318863795964931
-0.7353,-0.8798,6.26476,1.20648458446629,0.11613342783805106,0.0962576972248881
-0.6353,-0.8798,6.26661,1.2993470471817359,0.1891955449030042,0.14560816935965373
-0.5353,-0.8798,6.26847,2.8301029954155212,1.6169863863589093,0.5713524875166249
-0.6353,-0.7798,6.26667,1.3857341313282596,0.11779337896855178,0.08500431381858509
-0.7353,-0.7798,6.26481,1.1021788296021016,0.13981858405619638,0.1268565320807989
-0.8353,-0.7798,6.26295,0.6648193158448406,0.18862244423740349,0.2837198615351683
-0.9353,-0.7798,6.2611,0.41871326477347537,0.311343893209822,0.7435730353043857
-1.0353,-0.6798,6.2593,0.26366767867373997,0.11470580358059157,0.43503930461847584
-0.9353,-0.6798,6.26115,0.30801755715779733,0.1953486642701838,0.6342127574568963
-0.8353,-0.6798,6.26301,1.0967108950187339,0.15575167382504806,0.1420170753591242
-0.7353,-0.6798,6.26487,1.1391609413027215,0.21399374347984768,0.18785207227622178
-0.6353,-0.6798,6.26672,1.390260586807095,0.1505875180672423,0.10831603765239804
-0.6353,-0.5798,6.26678,1.1782662186047481,0.17742259265697535,0.15057937659205023
-0.7353,-0.5798,6.26492,1.0713394199687618,0.10220140891015936,0.09539591935592116
-0.8353,-0.5798,6.26307,1.0886084977265416,0.15166463975651293,0.1393197279584447
-0.9353,-0.5798,6.26121,0.5819227392152927,0.20578914546588745,0.3536365424444293
-1.0353,-0.5798,6.25935,0.40395406478429985,0.30921998232930586,0.7654830320730172
-1.1353,-0.5798,6.2575,0.6695035337889645,0.48676874920612484,0.7270592680091217
-1.1353,-0.4798,6.25755,0.35948550383980205,0.3148501636487725,0.875835493464236
-1.0353,-0.4798,6.25941,0.3245641463715235,0.2576280339260742,0.7937661531818473
-0.9353,-0.4798,6.26126,0.9928815508457145,0.1603625362303695,0.1615122529910806
-0.8353,-0.4798,6.26312,0.9694421292367466,0.13866767521706885,0.1430386312241697
-0.7353,-0.4798,6.26498,1.1933133766115744,0.10156246546481047,0.08510963461517387
-0.6353,-0.4798,6.26683,3.999928414743723,0.8304943864108385,0.20762731236630108
-0.7353,-0.3798,6.26503,1.4679708457666674,0.357797307289896,0.24373597631159466
-0.8353,-0.3798,6.26318,1.1011147967252002,0.254313852394765,0.23096034414496464
-0.9353,-0.3798,6.26132,1.0479246072472932,0.0989342209763539,0.09440967440991395
-1.0353,-0.3798,6.25946,0.5385010706960794,0.20647905431704427,0.3834329503749073
-1.1353,-0.3798,6.25761,0.36646111658513375,0.2838734720981952,0.7746346317543014
-1.1353,-0.2798,6.25766,0.31746259970307167,0.22689732800752016,0.7147214450449949
-1.0353,-0.2798,6.25952,1.0408171445402474,0.1479314978138187,0.14213015090096676
-0.9353,-0.2798,6.26137,0.9846962501660383,0.13114242164756879,0.1331805839876568
-0.8353,-0.2798,6.26323,1.0678578135440457,0.2322894802304946,0.21752847362661862
-0.7353,-0.2798,6.26509,1.6526944105431975,0.23665209777826526,0.14319168520723918
-0.7353,-0.1798,6.26514,1.7440527218044166,0.4183148380197871,0.23985217464469413
-0.8353,-0.1798,6.26329,1.1698464718150032,0.21342801446948947,0.1824410464206969
-0.9353,-0.1798,6.26143,0.9513662743279501,0.2150928776954653,0.22608839886342197
-1.0353,-0.1798,6.25957,1.0023035931695685,0.21135304145354758,0.21086728900690585
-1.1353,-0.1798,6.25772,0.3506299726463763,0.193088447560315,0.5506900796386055
-1.2353,-0.1798,6.25586,0.49507201439613946,0.2511973685912925,0.5073956137425556
-1.3353,-0.0798,6.25406,0.42820087393798245,0.38693094476518775,0.9036201659439584
-1.2353,-0.0798,6.25592,0.26138283395193695,0.18914992362621466,0.7236509022661968
-1.1353,-0.0798,6.25777,0.9679538510649616,0.13955344323282415,0.14417365360888307
-1.0353,-0.0798,6.25963,1.0322064406463176,0.15467794646628286,0.1498517548189595
-0.9353,-0.0798,6.26149,1.1967931596257642,0.1923925228038811,0.16075670324188854
-0.8353,-0.0798,6.26334,1.5854001949841332,0.3857916766719816,0.24334024802856963
-0.8353,0.0202,6.2634,2.241062691653265,0.7303592821314974,0.32589863944979625
-0.9353,0.0202,6.26154,1.7743857932208165,0.3225479845979686,0.18178007614256667
-1.0353,0.0202,6.25968,1.0950269570560542,0.11102979702508943,0.10139457874497407
-1.1353,0.0202,6.25783,1.0170209507345092,0.1749178313762139,0.1719903913974293
-1.2353,0.0202,6.25597,0.4223108895357667,0.16117042342375587,0.381639279065064
-1.3353,0.0202,6.25412,0.41003953158130957,0.2701835107636491,0.6589206404604249
-1.4353,0.1202,6.25231,0.45329158334518,0.20747315633780086,0.4577035267381322
-1.3353,0.1202,6.25417,0.38404410184381843,0.1704661328287243,0.44387124293878316
-1.2353,0.1202,6.25603,1.1306010961820743,0.22066941617367264,0.19517884505759897
-1.1353,0.1202,6.25788,1.2390706933575193,0.2543647912302216,0.20528674642523212
-1.0353,0.1202,6.25974,1.0864978109325403,0.14617404408435467,0.13453689700386381
-0.9353,0.1202,6.2616,1.8191270478738086,0.63759909669584,0.350497287938775
-0.9353,0.2202,6.26165,3.7555811311518155,1.0654582815542142,0.2836999772728766
-1.0353,0.2202,6.2598,0.9682136529862069,0.23362194220196753,0.24129172469466892
-1.1353,0.2202,6.25794,1.2394798470717538,0.1946689562258419,0.1570569757029478
-1.2353,0.2202,6.25608,1.2452625113409912,0.2929063170796595,0.23521652214859998
-1.3353,0.2202,6.25423,0.6935698337349389,0.10460256053546518,0.15081763284335847
-1.4353,0.2202,6.25237,0.39146895178300944,0.23547228869534415,0.6015094878478793
-1.5353,0.2202,6.25051,0.3053348278797411,0.19279825776204457,0.6314322512791758
-1.5353,0.3202,6.25057,0.4271645334291588,0.2812876313225658,0.6584994991612868
-1.4353,0.3202,6.25243,0.3168553229192225,0.21572641538524776,0.6808356993902985
-1.3353,0.3202,6.25428,1.256228804194071,0.288790579218257,0.22988692685129883
-1.2353,0.3202,6.25614,0.9699035395273299,0.16842011747789415,0.17364625513169232
-1.1353,0.3202,6.25799,0.9665656923220125,0.19785743143336904,0.20470148382573938
-1.0353,0.3202,6.25985,1.307922271368488,0.3529431909458121,0.26985027984616033
-1.0353,0.4202,6.25991,4.490473362039405,0.917398373611241,0.20429881209552325
-1.1353,0.4202,6.25805,0.890393700515296,0.11285528563107071,0.12674762362509773
-1.2353,0.4202,6.25619,1.0560313590675672,0.09228455708459667,0.087388083973264
-1.3353,0.4202,6.25434,1.1322709364529904,0.17692045130364867,0.15625275330114777
-1.4353,0.4202,6.25248,1.0643403818803006,0.2010837236720301,0.1889280225530752
-1.5353,0.4202,6.25062,0.44845386209414234,0.22895966390779252,0.510553444313359
-1.6353,0.4202,6.24877,0.4330393043878783,0.28988469484360374,0.6694189001004645
-1.6353,0.5202,6.24882,0.2759046702287612,0.11585682759335326,0.4199161525511429
-1.5353,0.5202,6.25068,0.9469446945570332,0.1598767800632537,0.1688343374034549
-1.4353,0.5202,6.25254,1.0603277260276793,0.20933441053764734,0.19742425421796692
-1.3353,0.5202,6.25439,1.1262192566646585,0.18920446048802536,0.16799966735461586
-1.2353,0.5202,6.25625,1.018335579786301,0.08038377005431735,0.07893642493684251
-1.1353,0.5202,6.25811,1.5536432094218897,0.3040227421170493,0.19568375819708062
-1.1353,0.6202,6.25816,2.0221055681504314,0.24753031195740904,0.12241216079723213
-1.2353,0.6202,6.2563,0.8980880062459355,0.22508939153271568,0.25063177546886917
-1.3353,0.6202,6.25445,1.0264218833570236,0.18069921966191774,0.17604770766472888
-1.4353,0.6202,6.25259,1.0477950080815477,0.16370879167010374,0.1562412403260492
-1.5353,0.6202,6.25074,1.2268584302759125,0.35844015606135565,0.2921609757213347
-1.6353,0.6202,6.24888,0.4512174055718746,0.12169771968049804,0.2697097190350135
-1.7353,0.6202,6.24702,0.3568326769505491,0.19557185126230966,0.5480771910623324
-1.8353,0.7202,6.24522,0.2962310211281722,0.18096291187461072,0.6108844076674614
-1.7353,0.7202,6.24708,0.4107009788948523,0.1594358385062634,0.38820418430773246
-1.6353,0.7202,6.24893,1.1018396418938168,0.28213095323574555,0.2560544588419648
-1.5353,0.7202,6.25079,1.0578872653954545,0.22256945516741156,0.21039052311893713
-1.4353,0.7202,6.25265,1.1212907332842263,0.17815391097798172,0.15888288887947405
-1.3353,0.7202,6.2545,0.9822439021407616,0.07113574822022568,0.0724216745608582
-1.2353,0.7202,6.25636,1.0285652894345274,0.16386116052998426,0.15931041248734917
-1.2353,0.8202,6.25641,2.983584896014464,0.7128130436733802,0.23891160081470145
-1.3353,0.8202,6.25456,1.029353630507339,0.15676002226767316,0.1522897647822067
-1.4353,0.8202,6.2527,1.0268395546283389,0.20109087369911285,0.19583475606556375
-1.5353,0.8202,6.25085,0.9510954135191614,0.16974616231059897,0.17847437796226862
-1.6353,0.8202,6.24899,1.066250044866127,0.1781285375690835,0.16706075505154933
-1.7353,0.8202,6.24713,1.0892772169392821,0.25280344235546304,0.23208365916787063
-1.8353,0.8202,6.24528,0.3138465090291214,0.22427067024102773,0.7145871111799365
-1.9353,0.9202,6.24348,0.3237150930765248,0.19989838682758096,0.6175133353461708
-1.8353,0.9202,6.24533,0.951317718222568,0.18783178546431709,0.19744380017988103
-1.7353,0.9202,6.24719,0.8978205451229663,0.18344792723838796,0.2043258290700652
-1.6353,0.9202,6.24905,1.0126097343437073,0.16123650829100172,0.1592286769744539
-1.5353,0.9202,6.2509,1.0524439048894143,0.17422729760791988,0.16554544788420514
-1.4353,0.9202,6.25276,1.026750715729462,0.18527609502575323,0.18044895629229982
-1.3353,0.9202,6.25461,2.2239188875687237,0.6165531616995611,0.2772372522873806
-1.3353,1.0202,6.25467,3.282473291806935,0.9301951296255554,0.2833823909389684
-1.4353,1.0202,6.25281,1.1320108296079492,0.12982530773027284,0.11468557043331062
-1.5353,1.0202,6.25096,1.1159884737253105,0.22446468319537521,0.20113530603598775
-1.6353,1.0202,6.2491,1.0965525850156608,0.18924433806559554,0.17258117909857718
-1.7353,1.0202,6.24724,1.014968477459782,0.19320205919614697,0.1903527680777678
-1.8353,1.0202,6.24539,1.0715179052846784,0.23708594953901416,0.22126177114700263
-1.9353,1.0202,6.24353,0.48607058191934105,0.2163975399114802,0.4451977716013873
-2.0353,1.1202,6.24173,0.3296731417842458,0.22337206160654757,0.6775561405992034
-1.9353,1.1202,6.24359,1.110690419699146,0.20951261893950543,0.1886327776161573
-1.8353,1.1202,6.24544,0.8769579912653033,0.11589125747461758,0.1321514355635279
-1.7353,1.1202,6.2473,1.050080143321066,0.12047772959339563,0.11473193770940501
-1.6353,1.1202,6.24916,1.0922065761922728,0.20489936543976564,0.18760129256326233
-1.5353,1.1202,6.25101,1.037446585935078,0.17796483627095103,0.17154120383995153
-1.4353,1.1202,6.25287,3.0281093460871666,0.3692242032426111,0.12193225575546396
-1.5353,1.2202,6.25107,1.4881500170863553,0.6705171360017443,0.45057092920950803
-1.6353,1.2202,6.24921,1.1449736038100422,0.16820145278214957,0.14690421877188983
-1.7353,1.2202,6.24735,1.078971388941814,0.17618768773316051,0.16329227034087912
-1.8353,1.2202,6.2455,1.0029921551711216,0.1663248949477951,0.16582870971649646
-1.9353,1.2202,6.24364,0.9508500883094069,0.1811715214754067,0.19053636709181587
-2.0353,1.2202,6.24179,0.9537454577825455,0.18241060186231023,0.19125711202485218
-2.1353,1.2202,6.23993,0.40865756606937065,0.34427884017244814,0.8424629047832335
-2.1353,1.3202,6.23999,0.9482181383730776,0.10454732057618392,0.11025661326787407
-2.0353,1.3202,6.24184,0.8986643525218897,0.09161279162452653,0.10194327989914902
-1.9353,1.3202,6.2437,1.0181095616661138,0.21579861554429183,0.21196011084616687
-1.8353,1.3202,6.24555,1.1816898481762652,0.18674160302344017,0.1580292860361318
-1.7353,1.3202,6.24741,1.1914025810505913,0.18136500474238573,0.15222814489998518
-1.6353,1.3202,6.24927,1.00945899129635,0.2416677342929765,0.23940322130632183
-1.5353,1.3202,6.25112,3.2276656163056443,1.1073239916671271,0.3430727105289673
-1.6353,1.4202,6.24932,1.4255995222040603,0.26394909834749236,0.18514954181480897
-1.7353,1.4202,6.24747,1.1567166621754192,0.21546359196403508,0.18627171113694863
-1.8353,1.4202,6.24561,1.0653158165835919,0.17183528372252563,0.16129985216364454
-1.9353,1.4202,6.24375,0.9272054026203056,0.1603113140432535,0.1728973036505285
-2.0353,1.4202,6.2419,0.9154639370409999,0.15321416447341216,0.16736231573319782
-2.1353,1.4202,6.24004,0.9190689829166494,0.15033271393655281,0.16357065327074205
-2.2353,1.4202,6.23818,0.5259355958066212,0.25254914911674164,0.48019025738200893
-2.3353,1.5202,6.23638,0.7352627454856833,0.5301265240945308,0.7210028351760863
-2.2353,1.5202,6.23824,0.9076648773502451,0.06840250833188317,0.07536097301855645
-2.1353,1.5202,6.2401,1.0536025961196245,0.20828936524454994,0.19769253228083455
-2.0353,1.5202,6.24195,0.9758238480731884,0.1586061480213528,0.16253563420747336
-1.9353,1.5202,6.24381,1.135390585669864,0.1344812485977366,0.11844492132933673
-1.8353,1.5202,6.24566,1.1696860000864446,0.18906500894209816,0.16163740433597176
-1.7353,1.5202,6.24752,1.1631087646810099,0.23758085363517112,0.20426366032959026
-1.6353,1.5202,6.24938,4.801298778019785,2.0536131847804207,0.42772034812367976
-1.7353,1.6202,6.24758,1.9490281373112963,0.4820475881877779,0.2473271570377467
-1.8353,1.6202,6.24572,1.3333759676141053,0.1935934850083206,0.14519047118775494
-1.9353,1.6202,6.24386,1.1068962277507546,0.19493483859715346,0.17610940728677588
-2.0353,1.6202,6.24201,1.174459255341001,0.17492950576362823,0.1489447207028378
-2.1353,1.6202,6.24015,1.0542127535778751,0.1406664632772765,0.1334327087201999
-2.2353,1.6202,6.23829,0.9223600444240322,0.16156402593217753,0.17516373016034775
-2.3353,1.6202,6.23644,1.2265153443248258,0.06924189942619625,0.05645416483909759
-2.4353,1.7202,6.23464,1.0204134547208348,0.2078797053602242,0.20372105483173586
-2.3353,1.7202,6.23649,0.8757151333768259,0.14152914653550236,0.16161550844708475
-2.2353,1.7202,6.23835,0.8478568156348547,0.12146668818775344,0.1432632090087076
-2.1353,1.7202,6.24021,1.0934275213676234,0.09533058658345892,0.08718509889363543
-2.0353,1.7202,6.24206,1.0822135351778477,0.15984087024018878,0.14769808826491992
-1.9353,1.7202,6.24392,1.0556507121632899,0.2218778051069974,0.21018107841022035
-1.8353,1.7202,6.24578,1.3496972254470845,0.1349082799112906,0.09995447672836587
-1.7353,1.7202,6.24763,4.619893813843569,0.77098824389565,0.1668844079457788
-1.8353,1.8202,6.24583,1.2125213807048165,0.11858468665427621,0.09780007886157446
-1.9353,1.8202,6.24397,1.0736712909373354,0.13693060224881748,0.12753493867687798
-2.0353,1.8202,6.24212,1.2440043258093545,0.28498475318815103,0.2290866255651794
-2.1353,1.8202,6.24026,1.1057473987640034,0.1574912653916238,0.14242969557754911
-2.2353,1.8202,6.23841,1.069451142839492,0.10834265771131012,0.10130678566918945
-2.3353,1.8202,6.23655,0.9172232030358538,0.13255581829001523,0.1445186055599966
-2.4353,1.8202,6.23469,0.8621931669534078,0.11728459053480698,0.13603052660372678
-2.5353,1.8202,6.23284,0.3686563780765617,0.30920683511889824,0.8387399581479176
-2.5353,1.9202,6.23289,1.0461191567818466,0.11677879404367081,0.11163048997488474
-2.4353,1.9202,6.23475,0.8952214386191516,0.14702841286446874,0.1642369211926549
-2.3353,1.9202,6.2366,1.060164820056207,0.15717697803806374,0.1482571153697881
-2.2353,1.9202,6.23846,1.1131789368531284,0.1712846890860471,0.1538698617225509
-2.1353,1.9202,6.24032,1.178995537215267,0.23609387012199698,0.20025001170033246
-2.0353,1.9202,6.24217,1.1212746940167782,0.19194692349886197,0.17118635114402198
-1.9353,1.9202,6.24403,1.2192192788040157,0.13294294069742515,0.10903940169633355
-1.8353,1.9202,6.24589,3.511826433576556,1.1767941423840138,0.33509461946430225
-1.9353,2.0202,6.24409,1.0376157978028224,0.11699519628846478,0.1127538695307117
-2.0353,2.0202,6.24223,0.9663931224066408,0.1421490364025512,0.14709235103883267
-2.1353,2.0202,6.24037,1.107802416386345,0.22218897714811414,0.2005673339049894
-2.2353,2.0202,6.23852,1.038171008437253,0.2090113568103662,0.2013265204978018
-2.3353,2.0202,6.23666,1.0703411846429625,0.19667393631684907,0.18374882620484634
-2.4353,2.0202,6.2348,1.0087545125589734,0.23953142484339335,0.23745264270070857
-2.5353,2.0202,6.23295,0.9785047483713368,0.1965844634972566,0.2009029223664574
-2.6353,2.0202,6.23109,1.0788370233584832,0.306574819077179,0.2841715777632413
-2.7353,2.1202,6.22929,0.5202616428887574,0.36079236673098525,0.6934825422217991
-2.6353,2.1202,6.23115,1.0031540326654098,0.1381259456853687,0.13769166168665445
-2.5353,2.1202,6.233,0.8755053901900661,0.16811429582229082,0.19201971536211146
-2.4353,2.1202,6.23486,0.9307939559898685,0.14271587364267965,0.1533270308904252
-2.3353,2.1202,6.23672,1.0668018226045437,0.23966631129067362,0.22465870062495788
-2.2353,2.1202,6.23857,1.1223485440286622,0.21146323761496436,0.18841137963784274
-2.1353,2.1202,6.24043,1.0870018771376677,0.1382082747002236,0.127146307294481
-2.0353,2.1202,6.24228,1.0501629820197693,0.156114768313381,0.1486576569411415
-1.9353,2.1202,6.24414,4.477031749985656,1.3102698782368998,0.292664861767196
-2.0353,2.2202,6.24234,1.7090194475607212,0.5033858991351926,0.29454661844467245
-2.1353,2.2202,6.24048,1.0327373890027727,0.24926171906234143,0.24136021578828712
-2.2353,2.2202,6.23863,1.0937520495513964,0.2084791201482584,0.19060912410062805
-2.3353,2.2202,6.23677,1.1188020868168238,0.20307521163606446,0.1815112914330066
-2.4353,2.2202,6.23491,1.0319404966873467,0.198785040740151,0.19263227034724864
-2.5353,2.2202,6.23306,0.9794776270708715,0.11613609514182373,0.11856942101794483
-2.6353,2.2202,6.2312,0.9173085479134325,0.10824343243379927,0.11800111606941477
-2.7353,2.2202,6.22935,1.1055115837159577,0.12345527464025377,0.11167252922423787
-2.8353,2.3202,6.22754,0.9179944648261025,0.11871199669476258,0.129316680266967
-2.7353,2.3202,6.2294,0.9913612674203611,0.12562633103622062,0.12672104021485037
-2.6353,2.3202,6.23126,0.9244970030233077,0.1323049011775489,0.14311014610635067
-2.5353,2.3202,6.23311,1.1021092208802752,0.21018727855132824,0.19071365575133084
-2.4353,2.3202,6.23497,1.047161252388719,0.2342118316104325,0.22366357719612243
-2.3353,2.3202,6.23683,0.9980837485966418,0.1703315805296713,0.17065860532161398
-2.2353,2.3202,6.23868,1.2211363992586837,0.21576719319172652,0.17669376928139435
-2.1353,2.3202,6.24054,1.0634876054169613,0.17054716972518835,0.16036592138591213
-2.1353,2.4202,6.24059,2.1479297803869044,0.4032855769991398,0.18775547537987783
-2.2353,2.4202,6.23874,0.9801059772546565,0.22188920992715186,0.2263930789899666
-2.3353,2.4202,6.23688,0.975254206175555,0.19269682837623672,0.19758625715842282
-2.4353,2.4202,6.23503,0.9872427087871272,0.19117607646158732,0.1936464810122081
-2.5353,2.4202,6.23317,0.9998342783363487,0.14296076903384372,0.142984464657203
-2.6353,2.4202,6.23131,0.909761557365176,0.13653494411130648,0.1500777242190084
-2.7353,2.4202,6.22946,0.9175322536071752,0.16269782242284353,0.17732109338196592
-2.8353,2.4202,6.2276,1.1577914855576452,0.12135880206866706,0.10481922140774348
-2.9353,2.4202,6.22574,0.6155472017294362,0.1640314309819999,0.2664806704037295
-2.9353,2.5202,6.2258,1.1467627354516823,0.1356150532510622,0.11825903393839067
-2.8353,2.5202,6.22766,1.0444309858474718,0.22873212712432417,0.21900166715058383
-2.7353,2.5202,6.22951,0.9979823580787317,0.13646404462262365,0.13673993685152688
-2.6353,2.5202,6.23137,1.0575710878945352,0.14202800646106573,0.1342964157083966
-2.5353,2.5202,6.23322,1.1255834826661364,0.22052914515877126,0.1959242904279391
-2.4353,2.5202,6.23508,1.0719587473990717,0.19640306739810998,0.18321886721354633
-2.3353,2.5202,6.23694,1.0659164211102419,0.24582294488024986,0.23062121946128245
-2.2353,2.5202,6.23879,0.8244727056404727,0.12714990082536506,0.15421966058487235
-2.3353,2.6202,6.23699,1.2612923656567498,0.11098564257931512,0.08799358943358493
-2.4353,2.6202,6.23514,1.0528431912577507,0.1994726580744818,0.18946093751737822
-2.5353,2.6202,6.23328,1.178051394741881,0.2247187986138508,0.19075466453913772
-2.6353,2.6202,6.23142,1.133380778164631,0.27874240609994727,0.24593888609204745
-2.7353,2.6202,6.22957,0.9995312965564237,0.1677693021290454,0.16784797305201218
-2.8353,2.6202,6.22771,0.9591233002488799,0.13377113123350773,0.13947229850301401
-2.9353,2.6202,6.22585,0.9373966659220458,0.145553578356095,0.15527426504437694
-3.0353,2.6202,6.224,1.1857000989169244,0.19427356101620513,0.1638471323344444
-3.1353,2.7202,6.2222,1.1947383233717417,0.1958362986395945,0.16391564144934542
-3.0353,2.7202,6.22405,0.9137610068826586,0.10909901272438849,0.11939556613012546
-2.9353,2.7202,6.22591,1.1387031107996453,0.210047838211761,0.18446233809289989
-2.8353,2.7202,6.22777,1.076075614187084,0.23343889520035616,0.21693540130700426
-2.7353,2.7202,6.22962,1.1466505291023474,0.24261944966163437,0.21158970715477576
-2.6353,2.7202,6.23148,1.0290024896020555,0.20061871959009625,0.19496427036603303
-2.5353,2.7202,6.23333,1.1203067167880967,0.1783346555276542,0.15918377784874585
-2.4353,2.7202,6.23519,1.2216743122461893,0.2275306660950281,0.18624494582086012
-2.4353,2.8202,6.23525,2.4950730982111615,1.782494194857698,0.7144056004353757
-2.5353,2.8202,6.23339,1.085231108394787,0.13216817363486366,0.12178804368256584
-2.6353,2.8202,6.23153,1.1063110160805008,0.19550256570142815,0.17671573622584483
-2.7353,2.8202,6.22968,1.083666171398271,0.19696592880361793,0.18175886080255677
-2.8353,2.8202,6.22782,1.02698754796491,0.17459211524125653,0.17000412087491248
-2.9353,2.8202,6.22597,0.9830412135251969,0.12679185286481603,0.12897918329399335
-3.0353,2.8202,6.22411,1.054898221304141,0.17195539458053186,0.16300662102543717
-3.1353,2.8202,6.22225,1.061856633195171,0.1399246604024202,0.131773589793738
-3.2353,2.8202,6.2204,1.0735344393694268,0.2653736500555175,0.24719621497321762
-3.3353,2.9202,6.2186,1.0310644089243945,0.218474962778863,0.2118926430665722
-3.2353,2.9202,6.22045,1.1065479447776427,0.14249098457610393,0.12877072814475926
-3.1353,2.9202,6.22231,1.1216656733211154,0.15808106140082784,0.14093420629764755
-3.0353,2.9202,6.22416,1.1953487034987187,0.22384362695986,0.18726219914296324
-2.9353,2.9202,6.22602,1.0657393423893438,0.17534549283346035,0.1645294359128593
-2.8353,2.9202,6.22788,1.0806772332077752,0.16763896021370175,0.15512398620270632
-2.7353,2.9202,6.22973,1.0112315231678077,0.2097908659196488,0.20746076552524093
-2.6353,2.9202,6.23159,1.2840200521193785,0.13085538275107847,0.10191070033142482
-2.5353,2.9202,6.23345,1.6281492610482957,0.12205347661635181,0.07496454995641295
-2.6353,3.0202,6.23164,1.1757374363013295,0.45771579472489826,0.3893010297986211
-2.7353,3.0202,6.22979,0.8661007847590817,0.24054760240469997,0.2777362711564933
-2.8353,3.0202,6.22793,1.1200377823659156,0.1557503702077687,0.13905813951987306
-2.9353,3.0202,6.22608,1.0367574284406664,0.13570736294289262,0.13089596391607541
-3.0353,3.0202,6.22422,1.096292494972261,0.21965041319716894,0.20035749054610344
-3.1353,3.0202,6.22236,1.0706361252538863,0.21371196401595774,0.19961213616370263
-3.2353,3.0202,6.22051,1.0505567754275638,0.13827748234522308,0.13162304558832227
-3.3353,3.0202,6.21865,1.1708826176565479,0.24665555557132993,0.2106577993829957
-3.4353,3.0202,6.21679,1.0578221909171872,0.11824576752347578,0.1117822716698262
-3.5353,3.1202,6.21499,0.975715203128223,0.12000625975116616,0.12299312275386941
-3.4353,3.1202,6.21685,1.161804656176864,0.27337737331497364,0.23530407789427624
-3.3353,3.1202,6.21871,1.1430713866867306,0.1790672845522399,0.15665450700439498
-3.2353,3.1202,6.22056,1.0389544181730963,0.18597452737069325,0.1790016232836393
-3.1353,3.1202,6.22242,1.0259605476123752,0.14946824848186313,0.14568615609021907
-3.0353,3.1202,6.22427,1.1656062284376336,0.2363904958738949,0.2028047638272749
-2.9353,3.1202,6.22613,1.0977329314106152,0.27645593646238903,0.2518426190486387
-2.8353,3.1202,6.22799,1.0274347148391239,0.24388749215851072,0.2373751720046745
-2.7353,3.1202,6.22984,1.1586647436017505,0.343278991513939,0.29627119786768
-2.8353,3.2202,6.22804,0.9429662696000902,0.0736369546524255,0.07809076212625797
-2.9353,3.2202,6.22619,0.9290679185585817,0.12164154492133743,0.13092858174465896
-3.0353,3.2202,6.22433,1.1469717053176858,0.20315217316858708,0.1771204749225426
-3.1353,3.2202,6.22247,1.136376592844574,0.2226501202202501,0.19592987185956823
-3.2353,3.2202,6.22062,1.0335958582155715,0.12840844121417078,0.12423467082758889
-3.3353,3.2202,6.21876,1.1860064809053705,0.18095557156709896,0.15257553350717068
-3.4353,3.2202,6.21691,1.0399308539677459,0.18600293027055687,0.17886086325920844
-3.5353,3.2202,6.21505,1.1081173990869502,0.26877158152597813,0.24254793016284779
-3.6353,3.2202,6.21319,0.9981952837109149,0.12509819385005602,0.12532436877981226
-3.7353,3.3202,6.21139,1.370034471118185,0.16291166506123167,0.11891063217428943
-3.6353,3.3202,6.21325,1.0500277792253627,0.15331832706457857,0.14601359135249367
-3.5353,3.3202,6.2151,1.0352415490614313,0.21609652769385843,0.2087401997048664
-3.4353,3.3202,6.21696,1.2037918251691317,0.12769722668147462,0.10607916087445873
-3.3353,3.3202,6.21882,1.1271751706409208,0.16352285028509042,0.14507314794035964
-3.2353,3.3202,6.22067,1.1344744672321012,0.24039154969795998,0.21189683561981695
-3.1353,3.3202,6.22253,1.366977475276459,0.30341298750796303,0.22195902492584998
-3.0353,3.3202,6.22439,1.15704156082704,0.22909626353563092,0.1980017583567833
-2.9353,3.3202,6.22624,0.8968473921462928,0.1677274507426479,0.18701894236571337
-2.9353,3.4202,6.2263,1.5599859787102395,0.16326303044125506,0.10465672939973293
-3.0353,3.4202,6.22444,0.9568910117622724,0.21239686127624793,0.22196557253169735
-3.1353,3.4202,6.22258,1.0298654482187484,0.19153230096071772,0.18597798507755678
-3.2353,3.4202,6.22073,1.1104105693791928,0.15930625211560975,0.1434660804828925
-3.3353,3.4202,6.21887,1.2306026521025475,0.23092575914704896,0.18765257717631317
-3.4353,3.4202,6.21702,1.010232421210811,0.13366473597954878,0.13231087537197167
-3.5353,3.4202,6.21516,1.4045944500449576,0.18145872093610974,0.1291894047639884
-3.6353,3.4202,6.2133,0.8517362583759812,0.12836789280709346,0.1507131950116278
-3.7353,3.4202,6.21145,1.1188376701352425,0.19684726674007222,0.17593907677087578
-3.8353,3.5202,6.20965,1.2519368131284123,0.21869222823776857,0.1746831197425114
-3.7353,3.5202,6.2115,0.979871475689818,0.23055414417651388,0.23529018845477306
-3.6353,3.5202,6.21336,0.8706665735685857,0.1506826574119582,0.1730658577994534
-3.5353,3.5202,6.21521,1.234613414346308,0.18441074528199797,0.14936719716401115
-3.4353,3.5202,6.21707,1.0978107047655592,0.194697983811084,0.1773511434766546
-3.3353,3.5202,6.21893,1.2246053136759838,0.2526223545972639,0.20628879507222586
-3.2353,3.5202,6.22078,1.195875575470551,0.16201128043818266,0.13547503081533774
-3.1353,3.5202,6.22264,1.1807489869842254,0.1455665982002841,0.12328327172405937
-3.0353,3.5202,6.2245,1.0682856089782153,0.16237193478128953,0.1519930002020655
-2.9353,3.5202,6.22635,3.7318419066139463,1.711771936310454,0.45869358326157367
-3.0353,3.6202,6.22455,1.6281003200768633,0.29152004736994774,0.17905533447483443
-3.1353,3.6202,6.2227,1.1495563965705164,0.21021338426885652,0.18286478583911872
-3.2353,3.6202,6.22084,1.1551169973689,0.230233849407443,0.19931647610749784
-3.3353,3.6202,6.21898,1.1039113962499116,0.199771802842179,0.18096724385745283
-3.4353,3.6202,6.21713,1.1150369308151826,0.15308612719477802,0.13729242768924219
-3.5353,3.6202,6.21527,1.2460904879143215,0.12359867688873179,0.09918916650716794
-3.6353,3.6202,6.21341,1.1896725579166334,0.16106533977918494,0.13538627810432494
-3.7353,3.6202,6.21156,0.8799586426062339,0.1075979562536624,0.1222761514506888
-3.8353,3.6202,6.2097,1.1914781663590308,0.21853311698228725,0.18341344655109373
-3.9353,3.6202,6.20785,1.446628723028868,0.3474915014416085,0.2402077989396276
-3.9353,3.7202,6.2079,1.1594204468516742,0.2371297206602725,0.20452435637493008
-3.8353,3.7202,6.20976,0.8941490667761348,0.15833461361739398,0.1770785426061801
-3.7353,3.7202,6.21161,0.9870565514112654,0.21989269198395073,0.2227761840692455
-3.6353,3.7202,6.21347,1.1762988579913103,0.1609963650908546,0.13686688888381454
-3.5353,3.7202,6.21533,1.2731936987486316,0.18513072860160282,0.14540656993791282
-3.4353,3.7202,6.21718,1.2207554734531447,0.20747418043245805,0.1699555602610381
-3.3353,3.7202,6.21904,1.220330947958074,0.2180729203125086,0.17869981964925205
-3.2353,3.7202,6.22089,1.2559364829784105,0.16500058168283024,0.13137653370139946
-3.1353,3.7202,6.22275,1.2580585214905518,0.1168215927561322,0.09285863158235406
-3.0353,3.7202,6.22461,5.649260897456067,2.6018742608833243,0.4605689678901148
-3.1353,3.8202,6.22281,2.8087978742237754,1.0587738907566047,0.37694912135648134
-3.2353,3.8202,6.22095,1.5512580112554617,0.14210275415685897,0.09160484788849058
-3.3353,3.8202,6.21909,1.1674913190705793,0.2042029044469732,0.1749074285276363
-3.4353,3.8202,6.21724,1.014858233983936,0.12152761782452443,0.11974836854548106
-3.5353,3.8202,6.21538,1.3249742872724188,0.11932769600867205,0.09006038619384762
-3.6353,3.8202,6.21352,1.375109744885368,0.23474856341620126,0.17071260260450732
-3.7353,3.8202,6.21167,1.0742863314808875,0.20494504863169266,0.19077320694304936
-3.8353,3.8202,6.20981,0.852603488299739,0.13743314550399716,0.16119233311848888
-3.9353,3.8202,6.20796,0.9814370933365224,0.11024333296361737,0.1123284759788637
-4.0353,3.9202,6.20615,1.1686269815997656,0.3799855992160661,0.3251555930155689
-3.9353,3.9202,6.20801,1.0928857669471914,0.19917689130162747,0.18224859113866726
-3.8353,3.9202,6.20987,1.2085158693838207,0.22912283227169963,0.1895902553505741
-3.7353,3.9202,6.21172,1.1498365045557288,0.25493460445137905,0.22171378577850953
-3.6353,3.9202,6.21358,1.3217603080604199,0.2069529332721462,0.15657372370020212
-3.5353,3.9202,6.21544,1.6284618802518438,0.1405270148507837,0.08629432260892163
-3.4353,3.9202,6.21729,1.1782716707068204,0.14965682832799718,0.12701385601354667
-3.3353,3.9202,6.21915,1.2277705360307651,0.17993966443713938,0.14655805719109594
-3.2353,3.9202,6.22101,1.8314542690603723,0.21466006209448757,0.11720743767444378
-3.2353,4.0202,6.22106,1.8468909840136771,0.260678340151212,0.14114441101699673
-3.3353,4.0202,6.2192,1.2045627569688777,0.18068308034452002,0.1499988932076773
-3.4353,4.0202,6.21735,1.4363538080695897,0.11437849337463969,0.07963114152797804
-3.5353,4.0202,6.21549,4.9251439003795605,1.157549033786075,0.2350284696649914
-3.6353,4.0202,6.21364,1.2781736747041574,0.2262125204014474,0.1769810510718005
-3.7353,4.0202,6.21178,1.16934620068306,0.21744509857653913,0.18595442346288987
-3.8353,4.0202,6.20992,1.1776531583698868,0.22774786019821536,0.19339128722200774
-3.9353,4.0202,6.20807,1.1831903392799745,0.3542636619502616,0.2994139236852181
-4.0353,4.0202,6.20621,1.166813725003938,0.26418159874650426,0.22641283101603268
-4.0353,4.1202,6.20627,1.1554167646516047,0.22634135919221254,0.19589585863457826
-3.9353,4.1202,6.20812,1.1619411007375255,0.13967165342729615,0.12020545046443538
-3.8353,4.1202,6.20998,1.1708945636636945,0.2510419127165852,0.2144018091014809
-3.7353,4.1202,6.21183,1.3524921097745575,0.24225331361555344,0.1791162490818034
-3.6353,4.1202,6.21369,1.1996440450697121,0.15910585821736492,0.13262755637495718
-3.5353,4.1202,6.21555,2.2655538121945566,0.428846477090942,0.18928990994724357
-3.4353,4.1202,6.2174,3.277006062667443,0.5636605534403747,0.17200473318061604
-3.3353,4.1202,6.21926,1.1974459270942879,0.13527388603011964,0.11296868022957338
-3.4353,4.2202,6.21746,9.16946410336583,2.962862504062007,0.323122755120927
-3.5353,4.2202,6.2156,1.159860309318774,0.15775325776018875,0.13601056652489701
-3.6353,4.2202,6.21375,1.0863097890938878,0.2798766778595944,0.25763983779713984
-3.7353,4.2202,6.21189,1.2796096757631241,0.19288702287674614,0.1507389530809179
-3.8353,4.2202,6.21003,1.1595013124854279,0.2522277848914571,0.21753126294510078
-3.9353,4.2202,6.20818,1.1922521882786379,0.16296436158109284,0.13668615011424656
-4.0353,4.2202,6.20632,0.8976748242878057,0.09441589929144865,0.105178285874683
-4.0353,4.3202,6.20638,0.9512686517267032,0.15105238682726738,0.1587904600378488
-3.9353,4.3202,6.20823,1.262277762029186,0.21164164271051908,0.16766645906071626
-3.8353,4.3202,6.21009,1.1245678709797187,0.24152863333741248,0.21477461660628253
-3.7353,4.3202,6.21195,1.211503873573342,0.3052507786139844,0.25196021677887365
-3.6353,4.3202,6.2138,1.2180893750344113,0.2189240583015059,0.1797274180273687
-3.5353,4.3202,6.21566,1.0254592199849633,0.1607903439137762,0.15679837947737593
-3.4353,4.3202,6.21751,1.0394509685555833,0.06035523224805324,0.05806453028941098
-3.5353,4.4202,6.21571,1.1196041764144902,0.10693808444567231,0.09551418858416495
-3.6353,4.4202,6.21386,1.063853445983759,0.2536036356335631,0.23838211606209778
-3.7353,4.4202,6.212,1.0636377018629926,0.1367080992149405,0.12852882045784225
-3.8353,4.4202,6.21014,1.220338304430879,0.22845776808540974,0.18720855295282568
-3.9353,4.4202,6.20829,1.1581806260646677,0.16417367392794383,0.1417513557326395
-4.0353,4.4202,6.20643,1.045505831909398,0.20687028719416534,0.19786622023557723
-4.0353,4.5202,6.20649,1.1788484016774368,0.14174122893081317,0.12023702855186737
-3.9353,4.5202,6.20834,1.074367804829276,0.25493327239140684,0.23728677576290308
-3.8353,4.5202,6.2102,1.1742497587207974,0.16939783007589265,0.14426047680046453
-3.7353,4.5202,6.21206,0.9840864889877811,0.13776321267367167,0.1399909603630197
-3.6353,4.5202,6.21391,1.492885450949736,0.4675628049114107,0.3131940261149702
-3.7353,4.6202,6.21211,0.923284914027195,0.19287127259916426,0.20889680928273383
-3.8353,4.6202,6.21026,1.3289162354695239,0.2635196553196735,0.19829666331570436
-3.9353,4.6202,6.2084,0.9465089768057149,0.1627998456284726,0.1720003186635278
-4.0353,4.6202,6.20654,1.1634902539119913,0.2128416504085775,0.18293376304007894
-4.0353,4.7202,6.2066,1.203232432702313,0.1385787704934768,0.11517207043883103
-3.9353,4.7202,6.20845,1.1401076255870473,0.20486448866343546,0.17968872768301122
-3.8353,4.7202,6.21031,1.206187465130003,0.25214016377819615,0.20903895212592052
-3.7353,4.7202,6.21217,0.8885549125436857,0.15196848644997876,0.1710288067790152
-3.7353,4.8202,6.21222,1.0655816758810954,0.13164688946627243,0.12354462585650022
-3.8353,4.8202,6.21037,1.0307562629814486,0.19626271042181986,0.1904065174963212
-3.9353,4.8202,6.20851,1.101288018836288,0.20601499869350645,0.1870673204192296
-4.0353,4.8202,6.20665,1.3378696554551088,0.17646597805199912,0.1319007254050993
-4.0353,4.9202,6.20671,2.201299586514773,0.41185747770448583,0.18709742200813423
-3.9353,4.9202,6.20856,1.2207352354028937,0.2746475638173504,0.22498536607465516
-3.8353,4.9202,6.21042,1.0405965841401739,0.13591332334572137,0.130610964342175
-3.7353,4.9202,6.21228,1.6080147250554755,0.31344626596478536,0.19492748485494849
-3.8353,5.0202,6.21048,1.1996580393987004,0.242269406163594,0.20194872055792304
-3.9353,5.0202,6.20862,1.1184464545003294,0.1789202406860537,0.15997211128536953
-4.0353,5.0202,6.20676,2.6848037299062106,0.9135032269422013,0.340249537337358
-3.9353,5.1202,6.20868,1.63483066552944,0.3451374868198443,0.21111512898375412
