2.4006,-11.6727,-0.18825,0.6086152263468553,0.1243827900316675,0.20437015810179654
2.3256,-11.6727,-0.18249,0.5751496027224119,0.06013662975066214,0.10455823922334563
2.2506,-11.5977,-0.17323,0.70603261462502,0.07507036781624496,0.10632705382330741
2.3256,-11.5977,-0.17898,0.7309557247125411,0.04722492091273196,0.06460708811235297
2.4006,-11.5977,-0.18474,0.8764296279618093,0.03502491043399166,0.03996317481352636
2.4756,-11.5977,-0.1905,0.9669888428700176,0.0351592333826029,0.03635950263733187
2.5506,-11.5977,-0.19625,0.9190748148190512,0.045095700261288486,0.04906640845138053
2.6256,-11.5977,-0.20201,0.8925371470677904,0.03007638475996802,0.03369762800212465
2.7006,-11.5977,-0.20777,0.9166446422106086,0.05691800838022335,0.062093864687801065
2.7006,-11.5227,-0.20426,0.9986869447647427,0.04939443685040106,0.04945937974791163
2.6256,-11.5227,-0.19851,0.8954957955301228,0.03503039804340706,0.03911843943685909
2.5506,-11.5227,-0.19275,0.899987720470901,0.0427631860118053,0.04751529941923018
2.4756,-11.5227,-0.18699,0.967613898027205,0.04753245519390876,0.04912336965272936
2.4006,-11.5227,-0.18123,0.8936991137300557,0.05010761313198795,0.05606765449598856
2.3256,-11.5227,-0.17548,0.829596432245762,0.02692212812756215,0.03245207799976008
2.2506,-11.5227,-0.16972,0.7946572192902954,0.05597654295976142,0.07044111800777926
2.1756,-11.5227,-0.16396,0.7575325399456686,0.10010330788928336,0.13214390486310057
2.1006,-11.4477,-0.1547,0.7256882202697976,0.047417391073422833,0.06534127156672588
2.1756,-11.4477,-0.16046,0.7820028230787333,0.05987016631422399,0.07656003859233661
2.2506,-11.4477,-0.16621,0.7887078694869404,0.03682029234649823,0.046684322257935715
2.3256,-11.4477,-0.17197,0.8731175127847927,0.03744428829844569,0.042885737315035415
2.4006,-11.4477,-0.17773,0.964325234515044,0.031146098432014217,0.03229833392017112
2.4756,-11.4477,-0.18349,0.9027300523129504,0.060336443352682255,0.06683774756151062
2.5506,-11.4477,-0.18924,0.9098027123869897,0.04221902717801224,0.046404595857100654
2.6256,-11.4477,-0.195,0.8715545636565689,0.058246923882447746,0.06683106980482706
2.7006,-11.4477,-0.20076,0.989690253752366,0.0333399135399425,0.03368722023232594
2.7006,-11.3727,-0.19725,1.0790644126823619,0.060683714852551675,0.056237342404521315
2.6256,-11.3727,-0.19149,0.929375810145532,0.05205988698053802,0.05601596944123809
2.5506,-11.3727,-0.18574,0.906719755979492,0.03811307687051765,0.04203402056608512
2.4756,-11.3727,-0.17998,0.85582636919736,0.04413164921420333,0.05156612462828455
2.4006,-11.3727,-0.17422,0.909480777571569,0.028220217751830357,0.031028932603921526
2.3256,-11.3727,-0.16847,0.8632225381009416,0.03154636307784151,0.03654487885272594
2.2506,-11.3727,-0.16271,0.8540044136496616,0.033451995435239294,0.039170752399603305
2.1756,-11.3727,-0.15695,0.8364468927313172,0.032175147054579675,0.03846645535320908
2.1006,-11.3727,-0.15119,0.7549154689139559,0.04687929272368,0.062098731121673745
2.0256,-11.3727,-0.14544,0.687667934344149,0.03169952864897462,0.04609714524381231
1.9506,-11.2977,-0.13617,0.8179331756364412,0.09374281986595769,0.11460938699914641
2.0256,-11.2977,-0.14193,0.7262527404640415,0.0410721468054302,0.05655351713948373
2.1006,-11.2977,-0.14769,0.8946686326563501,0.04095658872423038,0.04577850080943003
2.1756,-11.2977,-0.15345,0.7914784489311051,0.05233319647648813,0.06612081042404165
2.2506,-11.2977,-0.1592,0.861205635425136,0.023387695841165138,0.02715692382762887
2.3256,-11.2977,-0.16496,0.9231845194526084,0.027377240921172986,0.02965522097078275
2.4006,-11.2977,-0.17072,0.909681915804933,0.023002897749783553,0.02528674842285879
2.4756,-11.2977,-0.17647,0.8633396281025494,0.056288858171632344,0.06519897423838192
2.5506,-11.2977,-0.18223,0.8882805661391266,0.05058771388464283,0.05695015270290124
2.6256,-11.2977,-0.18799,0.9783916169530823,0.033999604798237666,0.03475050706599429
2.6256,-11.2227,-0.18448,0.9098657257831115,0.054770751277232285,0.060196521008736424
2.5506,-11.2227,-0.17872,0.8740972020258877,0.03426911457295647,0.03920515303507577
2.4756,-11.2227,-0.17297,0.8866075164191679,0.05326828729055872,0.06008102379472123
2.4006,-11.2227,-0.16721,0.8950179367124728,0.06824938359013995,0.07625476629086292
2.3256,-11.2227,-0.16145,0.9091293830708645,0.03174201155746653,0.03491473507351408
2.2506,-11.2227,-0.1557,0.8410168011276724,0.025211377965566745,0.029977258399311663
2.1756,-11.2227,-0.14994,0.8601184693841006,0.02565940840553231,0.029832411834972077
2.1006,-11.2227,-0.14418,0.8661629588726424,0.02638903429155693,0.030466592944477417
2.0256,-11.2227,-0.13843,0.7381588790591664,0.015564241217318675,0.02108521845209849
1.9506,-11.2227,-0.13267,0.6996401229995596,0.030057878108878104,0.04296191301895507
1.8756,-11.1477,-0.12341,0.7705154408552978,0.06563676397081411,0.08518552710372049
1.9506,-11.1477,-0.12916,0.7556271543089053,0.0416951849313502,0.05517957460049793
2.0256,-11.1477,-0.13492,0.8709811991577825,0.028009650005282716,0.03215873090299465
2.1006,-11.1477,-0.14068,0.824134503078555,0.041929154609491336,0.05087659168845007
2.1756,-11.1477,-0.14643,0.8707000862599494,0.03560645442904901,0.040894051799161786
2.2506,-11.1477,-0.15219,0.8708703950856899,0.04909763099696613,0.056377655359538474
2.3256,-11.1477,-0.15795,0.9199974401168578,0.037804886678416326,0.04109238246751465
2.4006,-11.1477,-0.1637,0.9222471245619698,0.05880917472291904,0.06376726276143288
2.4756,-11.1477,-0.16946,0.8601417078595077,0.028053767967135112,0.03261528619156009
2.5506,-11.1477,-0.17522,0.9027106059820639,0.04510983738044459,0.04997153803390772
2.6256,-11.1477,-0.18097,0.9342212863719283,0.05518378474846068,0.05906928642438484
2.7006,-11.1477,-0.18673,1.004204849327277,0.04719094144124719,0.04699334152076709
2.7006,-11.0727,-0.18323,0.9385571350549167,0.051799031911564396,0.055190067793298
2.6256,-11.0727,-0.17747,0.9919059160763695,0.03628140881998128,0.03657746993131945
2.5506,-11.0727,-0.17171,0.8703621183749745,0.051347718506673246,0.05899581039044179
2.4756,-11.0727,-0.16595,0.8803992358164973,0.06175055398228721,0.07013926349563297
2.4006,-11.0727,-0.1602,0.8875046015648351,0.048711891845522916,0.05488635412102069
2.3256,-11.0727,-0.15444,0.9433779253250181,0.04696382676957871,0.04978262211658012
2.2506,-11.0727,-0.14868,0.9365301983481646,0.03919479469083977,0.041851074060367574
2.1756,-11.0727,-0.14293,0.8735787810830511,0.03976355563106408,0.04551799619235917
2.1006,-11.0727,-0.13717,0.8352733048876729,0.02488245651402158,0.02978959864803504
2.0256,-11.0727,-0.13141,0.8368307556770155,0.030372022630255624,0.03629410418320961
1.9506,-11.0727,-0.12566,0.8243311577782017,0.0319414149438578,0.03874828052108168
1.8756,-11.0727,-0.1199,0.832077728153625,0.04121675589909978,0.04953474237383987
1.8006,-11.0727,-0.11414,0.7392633259113945,0.04514257573658595,0.06106427054383133
1.7256,-10.9977,-0.10488,0.7948623159923375,0.1163508992969013,0.1463786833970664
1.8006,-10.9977,-0.11064,0.7739255359210662,0.033945762426605165,0.043861793998314774
1.8756,-10.9977,-0.11639,0.7893726792477924,0.03883347965763852,0.049195368269704554
1.9506,-10.9977,-0.12215,0.8986113566192155,0.034981599167326204,0.038928507757719756
2.0256,-10.9977,-0.12791,0.8438865820426305,0.051773588534634006,0.06135135886307832
2.1006,-10.9977,-0.13366,0.858188911779787,0.038667992569396,0.04505766974919653
2.1756,-10.9977,-0.13942,0.8333714588086188,0.037530354065505325,0.045034364530744095
2.2506,-10.9977,-0.14518,0.9285425294199211,0.0596659657864978,0.06425765529961489
2.3256,-10.9977,-0.15093,0.9535792968785387,0.04409071533661886,0.04623707276463121
2.4006,-10.9977,-0.15669,0.9001198703891358,0.03890353007105864,0.04322038802925219
2.4756,-10.9977,-0.16245,0.8378117309315256,0.05939094917424998,0.07088818046056221
2.5506,-10.9977,-0.16821,0.9109183959589908,0.03526701794511922,0.03871589167764148
2.6256,-10.9977,-0.17396,0.9062318002144011,0.051251608472249265,0.056554634763560374
2.7006,-10.9977,-0.17972,1.3284344031800628,0.08506810540377537,0.06403636129878579
2.7006,-10.9227,-0.17621,1.203328535409576,0.07783595868142905,0.06468388008012799
2.6256,-10.9227,-0.17046,0.9508066737089974,0.04241971741389834,0.04461445064160463
2.5506,-10.9227,-0.1647,0.8768996016271625,0.04936286414182493,0.056292492379090946
2.4756,-10.9227,-0.15894,0.8550081741377594,0.027678455658667053,0.03237215326810137
2.4006,-10.9227,-0.15319,0.8969589166360015,0.03858784553429842,0.043020750246867676
2.3256,-10.9227,-0.14743,0.8700022985903164,0.051111254969330486,0.058748413713558184
2.2506,-10.9227,-0.14167,0.8800244819755916,0.04494524423929872,0.0510727203161438
2.1756,-10.9227,-0.13591,0.8526782019210692,0.0402825810731218,0.04724241921790171
2.1006,-10.9227,-0.13016,0.8398031310016195,0.05260965020744992,0.06264521798662889
2.0256,-10.9227,-0.1244,0.7622806856766791,0.05577015109246584,0.07316222507062276
1.9506,-10.9227,-0.11864,0.7700970821855819,0.03854344299141389,0.05005010911354875
1.8756,-10.9227,-0.11289,0.8605487137371458,0.0469328468969435,0.05453828022486489
1.8006,-10.9227,-0.10713,0.7679990126088716,0.046205254355821686,0.060163168958855436
1.7256,-10.9227,-0.10137,0.7228826254208933,0.03795628639991462,0.052506845600023715
1.6506,-10.9227,-0.09562,0.8170386566927883,0.055100165746768875,0.06743887243940636
1.6506,-10.8477,-0.09211,0.7481381019439242,0.0269347556712305,0.03600238458814568
1.7256,-10.8477,-0.09787,0.7796706888297619,0.031126619635739244,0.03992277775949023
1.8006,-10.8477,-0.10362,0.836827029180166,0.0373342580407232,0.04461406806768577
1.8756,-10.8477,-0.10938,0.8173986224238629,0.053834976276343385,0.06586134940710385
1.9506,-10.8477,-0.11514,0.7949893517564331,0.046575798676611276,0.058586694996238205
2.0256,-10.8477,-0.12089,0.7888757648426996,0.04306535367785032,0.054590793122460124
2.1006,-10.8477,-0.12665,0.8719586340157202,0.052880116588317434,0.06064521242800617
2.1756,-10.8477,-0.13241,0.8650513870393493,0.042544957348620176,0.049182000036126064
2.2506,-10.8477,-0.13817,0.9495464623005633,0.036417359421576936,0.038352372282389295
2.3256,-10.8477,-0.14392,0.9008923047007869,0.039395566196069216,0.04372949573495764
2.4006,-10.8477,-0.14968,0.8944671113441973,0.05770297674214918,0.06451100997490411
2.4756,-10.8477,-0.15544,0.8507658673413043,0.03094302362877112,0.03637078638976193
2.5506,-10.8477,-0.16119,0.90551342037508,0.06162387028942541,0.06805406623780318
2.6256,-10.8477,-0.16695,0.9121704478574193,0.0560268483710135,0.061421468435656906
2.7006,-10.8477,-0.17271,0.9291074550682421,0.04620536499694537,0.049730916208773325
2.7756,-10.8477,-0.17846,1.4363357085396722,0.191668764746628,0.13344287384005676
2.7006,-10.7727,-0.1692,1.0465420550139346,0.06188689112173384,0.05913464330003425
2.6256,-10.7727,-0.16344,0.9142048757072956,0.041708496908433035,0.04562270232497316
2.5506,-10.7727,-0.15769,0.9238938631556104,0.03446765745631646,0.037306944910955764
2.4756,-10.7727,-0.15193,0.9268696677574232,0.03594897083641285,0.03878535687049938
2.4006,-10.7727,-0.14617,0.8992784475076048,0.05396777447016003,0.060012307222234024
2.3256,-10.7727,-0.14042,0.9302701089866471,0.030448799680568656,0.032731138393489664
2.2506,-10.7727,-0.13466,0.9374629836332659,0.033883493175174466,0.03614381982726866
2.1756,-10.7727,-0.1289,0.8666948954383971,0.041144239806752775,0.047472576593336153
2.1006,-10.7727,-0.12315,0.8665404005285403,0.04270937174041591,0.04928722505536456
2.0256,-10.7727,-0.11739,0.7998613864352151,0.041545838501808416,0.05194129783782659
1.9506,-10.7727,-0.11163,0.7905200742491472,0.05225014768453508,0.06609591506472923
1.8756,-10.7727,-0.10587,0.8550885507330179,0.047650152434657714,0.055725401063796254
1.8006,-10.7727,-0.10012,0.8537885170637868,0.025034734766267257,0.029321938941463774
1.7256,-10.7727,-0.09436,0.8434241036747782,0.03321254693244957,0.039378228328717804
1.6506,-10.7727,-0.0886,0.7942838263171761,0.03726562177197278,0.04691726123237432
1.5756,-10.7727,-0.08285,0.8133685914106517,0.029807747935953262,0.03664728174990961
1.5006,-10.6977,-0.07358,0.8255640929126621,0.03903008804194953,0.04727687211328194
1.5756,-10.6977,-0.07934,0.8151387563377834,0.048831995186858566,0.05990635926360394
1.6506,-10.6977,-0.0851,0.8823045620369404,0.04680131239573552,0.053044395789688815
1.7256,-10.6977,-0.09085,0.8727464370119261,0.05766671573535762,0.06607499416760106
1.8006,-10.6977,-0.09661,0.8562974549125315,0.03721615564558302,0.04346171465543425
1.8756,-10.6977,-0.10237,0.8368394512546867,0.039551217966216974,0.04726261161196117
1.9506,-10.6977,-0.10813,0.78542120312206,0.06904357623102739,0.08790643282429635
2.0256,-10.6977,-0.11388,0.8238318946679962,0.04038637092828479,0.04902258724100561
2.1006,-10.6977,-0.11964,0.8959839505101417,0.03458342671160899,0.038598265841612904
2.1756,-10.6977,-0.1254,0.9024679919775151,0.039896563744591745,0.04420828671958679
2.2506,-10.6977,-0.13115,0.9517034463585627,0.04481083839075556,0.047084875611423056
2.3256,-10.6977,-0.13691,0.9011516839901347,0.05278353846887855,0.058573422661946
2.4006,-10.6977,-0.14267,0.9136706285811416,0.03174529049273895,0.03474478603086638
2.4756,-10.6977,-0.14842,0.9292318283450072,0.043067651793872376,0.046347585694064414
2.5506,-10.6977,-0.15418,0.9255139946983647,0.035453137563778055,0.038306430553038395
2.6256,-10.6977,-0.15994,0.8935752441797955,0.058749215123542066,0.06574624297863962
2.7006,-10.6977,-0.1657,1.1839049941370663,0.13107708995566117,0.1107158856536471
2.6256,-10.6227,-0.15643,0.9405136847898303,0.04237337210157119,0.04505343493331525
2.5506,-10.6227,-0.15068,0.849263408052391,0.04501044536366562,0.052999393282335945
2.4756,-10.6227,-0.14492,0.8678372695996635,0.049000871828255625,0.05646320288924663
2.4006,-10.6227,-0.13916,0.9421233808225831,0.04621879633791185,0.049058114126790356
2.3256,-10.6227,-0.1334,0.8911306862190764,0.03404928226207017,0.038209078408617904
2.2506,-10.6227,-0.12765,0.894128773114353,0.0310145672292206,0.0346869132968323
2.1756,-10.6227,-0.12189,0.8991773019132745,0.03747442582166805,0.04167634763681174
2.1006,-10.6227,-0.11613,0.8689029344085238,0.04778715339977385,0.054997113610052814
2.0256,-10.6227,-0.11038,0.8568400001325527,0.04329148712704328,0.05052458699447518
1.9506,-10.6227,-0.10462,0.8250379338731688,0.06738364992515763,0.08167339604474037
1.8756,-10.6227,-0.09886,0.7929051580393427,0.068136931273812,0.08593326778488576
1.8006,-10.6227,-0.09311,0.856381458482194,0.05128598277170217,0.059886843956896
1.7256,-10.6227,-0.08735,0.8695669354219812,0.020614185481015845,0.02370626646586125
1.6506,-10.6227,-0.08159,0.8270046451471084,0.04160149128175492,0.05030381815371159
1.5756,-10.6227,-0.07584,0.8999457902766107,0.04203977651914038,0.0467136765051358
1.5006,-10.6227,-0.07008,0.8090375621453523,0.037756812884914115,0.04666880087099182
1.4256,-10.6227,-0.06432,0.8106487847135005,0.03517989097132873,0.04339720435621452
1.3506,-10.5477,-0.05506,0.7723182408377156,0.0518029587847443,0.06707462810739112
1.4256,-10.5477,-0.06082,0.8447459707844457,0.029160732049447743,0.03452011972589651
1.5006,-10.5477,-0.06657,0.8119702237026368,0.025612978430211628,0.03154423362154192
1.5756,-10.5477,-0.07233,0.8822242585180063,0.041428480173532116,0.04695912606520846
1.6506,-10.5477,-0.07809,0.8998555355396501,0.05137510273979089,0.05709261177015581
1.7256,-10.5477,-0.08384,0.7998871718036835,0.05181683873112589,0.06478018470315375
1.8006,-10.5477,-0.0896,0.8145265780085283,0.0724913106518943,0.08899809117233655
1.8756,-10.5477,-0.09536,0.8352416943083816,0.05244490185576845,0.0627900908361564
1.9506,-10.5477,-0.10111,0.8285269141344024,0.03978584350882352,0.04801997717888199
2.0256,-10.5477,-0.10687,0.8340177473318906,0.04133725268447142,0.04956399646975569
2.1006,-10.5477,-0.11263,0.8388395477255045,0.06600066085072,0.078680912255126
2.1756,-10.5477,-0.11838,0.9744381006791267,0.08418992581131339,0.08639843387962551
2.2506,-10.5477,-0.12414,0.9143138361050074,0.052415048662781016,0.05732719619126625
2.3256,-10.5477,-0.1299,0.866289356712657,0.0271747619085482,0.03136915130952244
2.4006,-10.5477,-0.13566,0.900475312795433,0.058951947104843194,0.06546758835823376
2.4756,-10.5477,-0.14141,0.919774868151889,0.04903112485681264,0.05330774579145793
2.5506,-10.5477,-0.14717,0.8407538280763986,0.05331085229743903,0.06340839674725182
2.6256,-10.5477,-0.15293,1.0476384065634519,0.08526500897267045,0.08138782278168248
2.6256,-10.4727,-0.14942,1.0675297790439728,0.07889227590710626,0.07390170977502689
2.5506,-10.4727,-0.14366,0.9847357872308417,0.0730504966296891,0.07418283927215961
2.4756,-10.4727,-0.13791,0.9977971688067673,0.05661972969114854,0.05674472874968989
2.4006,-10.4727,-0.13215,0.9268155495845571,0.04412393382556228,0.04760810696944039
2.3256,-10.4727,-0.12639,0.9251004384019763,0.06278955218900421,0.06787322714652178
2.2506,-10.4727,-0.12064,0.9792821810778914,0.04580365154786345,0.046772679451235984
2.1756,-10.4727,-0.11488,0.9150125064659764,0.05067430667477023,0.05538099896632887
2.1006,-10.4727,-0.10912,0.9291470371189143,0.0632764307501141,0.0681016332423776
2.0256,-10.4727,-0.10336,0.8988164364785586,0.05186615864408661,0.057704951243761425
1.9506,-10.4727,-0.09761,0.8601606592616081,0.055839548826916066,0.06491758048415128
1.8756,-10.4727,-0.09185,0.8608570543617363,0.044704623329718016,0.05193036765304001
1.8006,-10.4727,-0.08609,0.8464494539481138,0.03471381981779925,0.0410110960032909
1.7256,-10.4727,-0.08034,0.8519009504578416,0.05556324383019875,0.06522265739970956
1.6506,-10.4727,-0.07458,0.8960224012364255,0.06430240298077691,0.0717642805492873
1.5756,-10.4727,-0.06882,0.7990276959287738,0.03631320147770045,0.04544673690627296
1.5006,-10.4727,-0.06307,0.8835180180943996,0.0671227700601228,0.07597215754002999
1.4256,-10.4727,-0.05731,0.8200427851220503,0.025298243269948607,0.030849906527966545
1.3506,-10.4727,-0.05155,0.8248658262543623,0.061273833069795995,0.07428339387998976
1.2756,-10.4727,-0.0458,0.7599808132894129,0.05388881226348496,0.07090812204881708
1.2006,-10.3977,-0.03653,0.7795519565755761,0.06124734900250553,0.07856737256045578
1.2756,-10.3977,-0.04229,0.810847777807726,0.05241628463820745,0.06464380377279245
1.3506,-10.3977,-0.04805,0.8562178647873926,0.04567409758136946,0.05334401378405109
1.4256,-10.3977,-0.0538,0.9369364160173369,0.04499396695975813,0.04802243374317257
1.5006,-10.3977,-0.05956,0.8147037779932382,0.04871780401688243,0.059798181047942524
1.5756,-10.3977,-0.06532,0.8825711639553214,0.040605618165025364,0.04600832184800562
1.6506,-10.3977,-0.07107,0.8601374452695654,0.041079620624152824,0.04775936781973089
1.7256,-10.3977,-0.07683,0.8039000387615379,0.05691785176067281,0.07080215078526254
1.8006,-10.3977,-0.08259,0.7947878301848196,0.06455661207344957,0.08122496296708218
1.8756,-10.3977,-0.08834,0.8969789768525276,0.06590728725900252,0.07347695872457259
1.9506,-10.3977,-0.0941,0.8443665294120288,0.07771660637595382,0.09204131578980453
2.0256,-10.3977,-0.09986,0.9194252440925201,0.056231838374331176,0.06115977208112492
2.1006,-10.3977,-0.10562,0.8915358653996985,0.03177050845383275,0.0356357042793665
2.1756,-10.3977,-0.11137,0.9615221987742008,0.05156769680321997,0.053631311756464066
2.2506,-10.3977,-0.11713,0.9922216599304463,0.04825741003057098,0.048635715162631876
2.3256,-10.3977,-0.12289,1.001011603765249,0.04458831189963725,0.044543251778421764
2.4006,-10.3977,-0.12864,0.9514626179157444,0.04785064438017472,0.050291670402138784
2.4756,-10.3977,-0.1344,0.982639790176143,0.07835883357716528,0.07974319212447022
2.5506,-10.3977,-0.14016,0.9335162978154221,0.0861446569971878,0.09227975687064074
2.5506,-10.3227,-0.13665,1.058557384653665,0.09956508862071854,0.09405733696080529
2.4756,-10.3227,-0.13089,1.1218296926174893,0.07748974530477643,0.06907442886805291
2.4006,-10.3227,-0.12514,0.9097138172548155,0.03339114292073683,0.036705106910983415
2.3256,-10.3227,-0.11938,0.9362907662500908,0.029595908944168307,0.031609741344242846
2.2506,-10.3227,-0.11362,0.9219829437821698,0.04312765528970023,0.04677706413177388
2.1756,-10.3227,-0.10787,0.9809047909471748,0.04791626620585138,0.04884904900870429
2.1006,-10.3227,-0.10211,0.8859929763015698,0.027204626674014083,0.030705239659545913
2.0256,-10.3227,-0.09635,0.8661584645635638,0.03501029542101485,0.04042019659607632
1.9506,-10.3227,-0.0906,0.8519198942281762,0.06320599016990247,0.0741924101058421
1.8756,-10.3227,-0.08484,0.8362186716256004,0.040315284683849616,0.0482114141334313
1.8006,-10.3227,-0.07908,0.8609899932981169,0.06578656224886203,0.07640804511195232
1.7256,-10.3227,-0.07332,0.8555483927024357,0.04348329253119405,0.0508250531496443
1.6506,-10.3227,-0.06757,0.804560219347802,0.06941346462150946,0.08627503939702347
1.5756,-10.3227,-0.06181,0.9012982650273734,0.07248535874571749,0.08042327557738728
1.5006,-10.3227,-0.05605,0.8238247652109152,0.05602846931568022,0.06801017847689471
1.4256,-10.3227,-0.0503,0.8309590781742362,0.032753312688302824,0.03941627638302916
1.3506,-10.3227,-0.04454,0.7827067204380944,0.030233607103892966,0.038626993118151196
1.2756,-10.3227,-0.03878,0.8515173411447915,0.046834296544379116,0.05500098974075437
1.2006,-10.3227,-0.03303,0.8009702951167534,0.032108375646909305,0.04008684946578328
1.1256,-10.3227,-0.02727,0.7726895608745847,0.046556915550710454,0.060253066571798956
1.0506,-10.2477,-0.01801,0.7872615793667841,0.04433220583152518,0.05631191333785497
1.1256,-10.2477,-0.02376,0.7462974694696303,0.05592514871723107,0.07493680603925307
1.2006,-10.2477,-0.02952,0.8179713331174909,0.09362113001277124,0.1144552702794094
1.2756,-10.2477,-0.03528,0.8462591888841521,0.0447625015398705,0.052894553025643096
1.3506,-10.2477,-0.04103,0.8947876256421609,0.03382449615741226,0.037801703094784624
1.4256,-10.2477,-0.04679,0.8381619985550446,0.056543493585074676,0.06746129469309423
1.5006,-10.2477,-0.05255,0.8355528123024334,0.05201649374121512,0.062253986792144785
1.5756,-10.2477,-0.0583,0.8722479467499618,0.0454889354669395,0.05215138153828104
1.6506,-10.2477,-0.06406,0.8445539453201093,0.054638082290614044,0.06469460310188321
1.7256,-10.2477,-0.06982,0.8465806046559173,0.0364140960755488,0.04301314709465719
1.8006,-10.2477,-0.07558,0.8577256218907381,0.06058080442502575,0.07062958465841758
1.8756,-10.2477,-0.08133,0.8771645779746076,0.05437951783439148,0.061994657786974244
1.9506,-10.2477,-0.08709,0.8638487817852203,0.05431860679695031,0.06287976315101826
2.0256,-10.2477,-0.09285,0.932924764116257,0.05413109674271849,0.058023003381195384
2.1006,-10.2477,-0.0986,0.9379185435804823,0.05375104210552887,0.057308859573599547
2.1756,-10.2477,-0.10436,1.044004901397829,0.040210809058200785,0.03851591980493781
2.2506,-10.2477,-0.11012,0.9529194748941443,0.043405681942483614,0.04555020973551345
2.3256,-10.2477,-0.11587,0.9495106151241032,0.05641513352163137,0.05941495821429841
2.4006,-10.2477,-0.12163,0.9338618698116093,0.045094718249421795,0.048288424345367995
2.4756,-10.2477,-0.12739,1.0194576642037414,0.0733117966793392,0.07191254649755385
2.4006,-10.1727,-0.11813,1.1231509042656114,0.10685465006406139,0.09513828431979927
2.3256,-10.1727,-0.11237,0.9962663553444251,0.06202961462407523,0.06226207910296299
2.2506,-10.1727,-0.10661,1.0163910881251224,0.08098734663361952,0.07968128369072203
2.1756,-10.1727,-0.10085,1.0548479053691309,0.05288584650428751,0.05013599234079227
2.1006,-10.1727,-0.0951,1.0238396919205397,0.038356315716363616,0.037463204463595315
2.0256,-10.1727,-0.08934,0.9913105899183179,0.06723232407365422,0.06782165423976157
1.9506,-10.1727,-0.08358,0.9305476748543342,0.06364089843694935,0.06839079840472607
1.8756,-10.1727,-0.07783,0.9246993547577139,0.04164262970058423,0.04503369607248755
1.8006,-10.1727,-0.07207,0.8494116463015017,0.044886603617354574,0.05284434680499061
1.7256,-10.1727,-0.06631,0.8810489088851862,0.06299885061581771,0.07150437391214953
1.6506,-10.1727,-0.06056,0.8321089689588277,0.08732227319796164,0.10494091093288324
1.5756,-10.1727,-0.0548,0.8356945505316725,0.08730817290848385,0.10447378513230463
1.5006,-10.1727,-0.04904,0.8525260872296767,0.06367727112658161,0.07469246053631494
1.4256,-10.1727,-0.04328,0.8386122172067946,0.025564645073974154,0.03048446534576318
1.3506,-10.1727,-0.03753,0.8743742394698687,0.06125623924787937,0.0700572323414044
1.2756,-10.1727,-0.03177,0.8162772364792165,0.0644040993898237,0.0788997861408126
1.2006,-10.1727,-0.02601,0.9332110783208949,0.055684857592267545,0.05967016346661896
1.1256,-10.1727,-0.02026,0.9019865427386146,0.042824497142677366,0.0474779779004834
1.0506,-10.1727,-0.0145,0.7771664385880703,0.0654060290570586,0.08415961602238776
0.9756,-10.1727,-0.00874,0.8231578556684032,0.06253921865379675,0.07597475772495055
0.9006,-10.0977,0.00052,0.7585175939470132,0.05356347895551615,0.0706160007136998
0.9756,-10.0977,-0.00524,0.8055816978075777,0.055229956284774284,0.06855910013234509
1.0506,-10.0977,-0.01099,0.8305608389708917,0.07142465385595913,0.08599569171170893
1.1256,-10.0977,-0.01675,0.8038508065133806,0.06134696012806906,0.0763163507842396
1.2006,-10.0977,-0.02251,0.8841510547336335,0.06151204546461052,0.06957187364679684
1.2756,-10.0977,-0.02826,0.8212387925911273,0.06315212080902771,0.07689860900235074
1.3506,-10.0977,-0.03402,0.8965154354303518,0.06185225965150562,0.06899185134700425
1.4256,-10.0977,-0.03978,0.8793985179742275,0.09173679328834372,0.10431765736843356
1.5006,-10.0977,-0.04554,0.8578983162728511,0.0429839609131855,0.05010379446824165
1.5756,-10.0977,-0.05129,0.8610271619726101,0.07932885161571893,0.0921328096479289
1.6506,-10.0977,-0.05705,0.8439983759283487,0.07361281295443231,0.08721914052673684
1.7256,-10.0977,-0.06281,0.9472308539976486,0.040644664572710404,0.04290893228527721
1.8006,-10.0977,-0.06856,0.9121923325108394,0.05891977499959422,0.06459139470885006
1.8756,-10.0977,-0.07432,0.8626655484070793,0.058076977490592915,0.0673227041439555
1.9506,-10.0977,-0.08008,0.8902914809912688,0.061884289061344515,0.0695101440175989
2.0256,-10.0977,-0.08583,1.0143640419421391,0.05087323972402037,0.05015284219521088
2.1006,-10.0977,-0.09159,1.054973476353322,0.049733342076373636,0.04714179379019516
2.1756,-10.0977,-0.09735,1.1470419741142814,0.0665521941188563,0.05802071381934067
2.2506,-10.0977,-0.10311,0.999549435351249,0.061218433300398965,0.06124602859576061
2.3256,-10.0977,-0.10886,1.2157064534501052,0.07341698041943681,0.06039038471095027
2.4006,-10.0977,-0.11462,1.7608747151511097,0.3488101488423185,0.19808913481524168
2.1756,-10.0227,-0.09384,1.1579539720601868,0.10568160597760906,0.09126580894194304
2.1006,-10.0227,-0.08809,1.0142298222103525,0.08549141596577654,0.0842919564122672
2.0256,-10.0227,-0.08233,0.9984474032853183,0.0324019129393904,0.03245229827106993
1.9506,-10.0227,-0.07657,0.8576756876349434,0.03325773372315884,0.038776584439355694
1.8756,-10.0227,-0.07081,0.9528572802804256,0.05778667709238983,0.06064567935649632
1.8006,-10.0227,-0.06506,0.9562873938668313,0.07523945277162623,0.07867870396930463
1.7256,-10.0227,-0.0593,0.8936294062886467,0.03610403166460456,0.04040157073002897
1.6506,-10.0227,-0.05354,0.8259109489569554,0.05936548820994488,0.07187880035361885
1.5756,-10.0227,-0.04779,0.9121188134899475,0.06108885420966861,0.06697466745141517
1.5006,-10.0227,-0.04203,0.7879238133824338,0.08510904422300138,0.10801684474751633
1.4256,-10.0227,-0.03627,0.7974435359274267,0.06320280385319343,0.07925677619254708
1.3506,-10.0227,-0.03052,0.9039135039255266,0.051721615269690074,0.05721965104523034
1.2756,-10.0227,-0.02476,0.9099573254763798,0.053403193015430346,0.058687579648279406
1.2006,-10.0227,-0.019,0.8819713520781866,0.06362802803920445,0.07214296460908612
1.1256,-10.0227,-0.01324,0.7545809264138427,0.0488505468998622,0.06473864523984878
1.0506,-10.0227,-0.00749,0.7338761401660723,0.04370859222151667,0.05955854105248012
0.9756,-10.0227,-0.00173,0.8442866392279592,0.08348490150964691,0.09888217772341865
0.9006,-10.0227,0.00403,0.7571013262886879,0.04596517818161485,0.060712056082289856
0.8256,-10.0227,0.00978,0.7756484594731909,0.030022565983770417,0.03870640831822357
0.7506,-9.9477,0.01905,0.7776315103194088,0.05198153557284047,0.0668459738102553
0.8256,-9.9477,0.01329,0.7434961322677451,0.05269756279526758,0.0708780590889346
0.9006,-9.9477,0.00753,0.7894560782011252,0.03457424940843948,0.04379502592116492
0.9756,-9.9477,0.00178,0.8159996729829985,0.07272194880222385,0.08912007101225766
1.0506,-9.9477,-0.00398,0.7895561347937029,0.07148474260096375,0.09053788508608251
1.1256,-9.9477,-0.00974,0.863050858061626,0.04848056644687803,0.05617347575062174
1.2006,-9.9477,-0.0155,0.842825575926207,0.05923879328449931,0.0702859464360701
1.2756,-9.9477,-0.02125,0.9202529070281285,0.06689779499092682,0.07269501077368727
1.3506,-9.9477,-0.02701,0.9314381670385717,0.06854545567996306,0.07359098875870365
1.4256,-9.9477,-0.03277,0.8194294123057484,0.04980651368613774,0.0607819452635827
1.5006,-9.9477,-0.03852,0.7682160448233799,0.05987697927354925,0.07794289077536194
1.5756,-9.9477,-0.04428,0.8720071365459627,0.0756999169698323,0.0868111209154562
1.6506,-9.9477,-0.05004,0.9272665241853708,0.0643547621736107,0.0694026587772573
1.7256,-9.9477,-0.05579,1.08275362125834,0.06507677576905829,0.06010303220545062
1.8006,-9.9477,-0.06155,1.1082561567527152,0.11419510060640843,0.10304034848857488
1.8756,-9.9477,-0.06731,1.0984962950571016,0.0821868970038284,0.07481763695848988
1.9506,-9.9477,-0.07307,1.1772792755404613,0.1046295610563049,0.08887403628868938
2.0256,-9.9477,-0.07882,1.3145180848220521,0.0759203042893082,0.05775523757787297
1.8756,-9.8727,-0.0638,2.2756455076193896,0.206191837510682,0.09060806563250026
1.8006,-9.8727,-0.05805,1.6563173296463092,0.10935447632844443,0.06602266025423766
1.7256,-9.8727,-0.05229,1.3002850442875309,0.15010950419400837,0.11544353667180593
1.6506,-9.8727,-0.04653,1.1359747981551422,0.08896815365156084,0.07831877414538407
1.5756,-9.8727,-0.04077,1.0348361627933291,0.13433074063978118,0.12980870351223786
1.5006,-9.8727,-0.03502,1.0797903454123172,0.09142516105338241,0.08466936330910774
1.4256,-9.8727,-0.02926,0.8405127388831799,0.09931935198104172,0.11816519534613001
1.3506,-9.8727,-0.0235,1.0262123061151338,0.10844933474263843,0.10567923820090223
1.2756,-9.8727,-0.01775,0.8956502387654804,0.05432421733535256,0.06065338341251418
1.2006,-9.8727,-0.01199,0.8283403065452195,0.06000954673296126,0.07244552300399897
1.1256,-9.8727,-0.00623,0.9131617472538958,0.038118039893412135,0.041742922333357205
1.0506,-9.8727,-0.00048,0.7793278757757397,0.06368856638730683,0.08172242821920299
0.9756,-9.8727,0.00528,0.7553323613761971,0.06522133230645252,0.08634785909029616
0.9006,-9.8727,0.01104,0.7785714548789353,0.05345498538456187,0.06865777707310616
0.8256,-9.8727,0.0168,0.7977875725077278,0.03593372045394016,0.04504171497807091
0.7506,-9.8727,0.02255,0.7276738806770107,0.07325634011038284,0.10067193842690474
0.6756,-9.8727,0.02831,0.7513969709582347,0.029554332207812093,0.03933251443657314
0.6006,-9.7977,0.03757,0.7395323167267905,0.06527348673765486,0.0882631972414117
0.6756,-9.7977,0.03182,0.8235841300878628,0.06536392830882931,0.0793652110584696
0.7506,-9.7977,0.02606,0.8135452627854388,0.061432273823711525,0.07551180817325148
0.8256,-9.7977,0.0203,0.7872660144260228,0.03942176395905948,0.05007426109686821
0.9006,-9.7977,0.01454,0.7759215884130678,0.05989402927806347,0.07719082723366427
0.9756,-9.7977,0.00879,0.8354142355104017,0.08845683356578588,0.10588379968380908
1.0506,-9.7977,0.00303,0.9015162708169498,0.08277419736325345,0.09181664274150467
1.1256,-9.7977,-0.00273,0.9263207884456163,0.0674838266235775,0.07285146513533032
1.2006,-9.7977,-0.00848,0.876616036211997,0.14603309464997297,0.1665872954834435
1.2756,-9.7977,-0.01424,0.970866149000855,0.06790725215718875,0.06994501994644058
1.3506,-9.7977,-0.02,1.0325779900259724,0.059332394509081406,0.057460448588090685
1.4256,-9.7977,-0.02575,1.7846197500221606,0.2735322897526626,0.153272028816932
1.5006,-9.7977,-0.03151,2.2746429717913332,0.06792868521691892,0.029863449367363147
1.5756,-9.7977,-0.03727,2.5094610846040095,0.26167391169896126,0.10427494305625112
1.2756,-9.7227,-0.01073,2.479331084885431,0.3173860728678482,0.1280127832876804
1.2006,-9.7227,-0.00498,3.337672339525489,0.4269554925069505,0.12792013387618809
1.1256,-9.7227,0.00078,1.8235588280258885,0.2302970553757533,0.1262898963479361
1.0506,-9.7227,0.00654,0.9401619703718105,0.05392520987285871,0.05735736136139674
0.9756,-9.7227,0.01229,0.782534912784645,0.05281428458495545,0.06749128214230875
0.9006,-9.7227,0.01805,0.7820445486909973,0.09204871211360596,0.1177026452875083
0.8256,-9.7227,0.02381,0.7958493096305483,0.05337379493672992,0.06706520228246132
0.7506,-9.7227,0.02956,0.7108765255661657,0.06301183306149852,0.08863963120925086
0.6756,-9.7227,0.03532,0.7732520389115429,0.09719521336117813,0.12569667905175338
0.6006,-9.7227,0.04108,0.7310481921868516,0.04747780789801842,0.06494484003304037
0.5256,-9.7227,0.04684,0.7341144388939387,0.03594662814006517,0.04896597347168997
0.4506,-9.6477,0.0561,0.7679778265200188,0.04936409157136384,0.06427801671703222
0.5256,-9.6477,0.05034,0.7564296873117271,0.036911115226787576,0.0487964920546229
0.6006,-9.6477,0.04458,0.8187595466241087,0.03875901341277264,0.047338701054031
0.6756,-9.6477,0.03883,0.7458985581868632,0.05067134317246178,0.0679332901455583
0.7506,-9.6477,0.03307,0.6932454257648136,0.04910402499491529,0.07083209375776543
0.8256,-9.6477,0.02731,0.7974235621174215,0.05215378002263518,0.06540285802961449
0.9006,-9.6477,0.02156,0.7856549034257475,0.057042526288290894,0.07260506621872309
0.9756,-9.6477,0.0158,0.8609502762692097,0.0696456243854231,0.08089389864327737
1.0506,-9.6477,0.01004,0.8079411166976594,0.06815110449760306,0.08435157351090224
1.1256,-9.6477,0.00429,1.8475746116240397,0.40296104298743096,0.21810271717969945
1.2006,-9.6477,-0.00147,2.463069047689866,0.5006862231334605,0.20327738014614674
1.1256,-9.5727,0.00779,2.858376912466895,0.8620455577244512,0.3015856845066912
1.0506,-9.5727,0.01355,1.0379764141352352,0.1442919477772039,0.1390127423053415
0.9756,-9.5727,0.01931,0.8247891095978588,0.0671444077430803,0.08140797079124601
0.9006,-9.5727,0.02506,0.8287720242120272,0.07454683124100171,0.0899485371889558
0.8256,-9.5727,0.03082,0.8902987891845147,0.04103622422790473,0.046092642971572055
0.7506,-9.5727,0.03658,0.8424858129546069,0.07465092081097581,0.08860792628563587
0.6756,-9.5727,0.04233,0.8137496765702525,0.07148423765808587,0.08784548825797843
0.6006,-9.5727,0.04809,0.7657613565500462,0.053154679983482445,0.06941415824762702
0.5256,-9.5727,0.05385,0.8039675835730341,0.08237568207065481,0.10246144714511568
0.4506,-9.5727,0.0596,0.7307318504071452,0.04406270031126554,0.06029941118170082
0.3756,-9.5727,0.06536,0.7785172533445169,0.07648545615846004,0.09824503674116129
0.3006,-9.4977,0.07462,0.8072186047210546,0.06299137681474791,0.07803509042821856
0.3756,-9.4977,0.06887,0.762900015795239,0.053641693718375204,0.07031287535426206
0.4506,-9.4977,0.06311,0.7720600143166283,0.06054355544326045,0.07841819848272964
0.5256,-9.4977,0.05735,0.8020695823883337,0.05493256048049067,0.06848852230116648
0.6006,-9.4977,0.0516,0.7675783130527473,0.054626090469707754,0.07116679762935656
0.6756,-9.4977,0.04584,0.8164764218169418,0.06295712163746772,0.0771083156294537
0.7506,-9.4977,0.04008,0.8727476469028836,0.04030338835978804,0.04617988774053133
0.8256,-9.4977,0.03433,0.8062628504376814,0.057486429623485776,0.07129986156782388
0.9006,-9.4977,0.02857,0.7567060803776502,0.06522793023149549,0.08619982305275269
0.9756,-9.4977,0.02281,1.2335380072259392,0.12514815025963205,0.1014546366034342
1.0506,-9.4977,0.01705,2.718232080265867,0.25670596709213545,0.0944385760714837
0.9756,-9.4227,0.02632,1.5377904172510861,0.3744318399991545,0.2434869119996723
0.9006,-9.4227,0.03207,0.9228134399964425,0.1163616729467245,0.12609447143202973
0.8256,-9.4227,0.03783,0.8131004153930688,0.06184042897369001,0.07605509455286052
0.7506,-9.4227,0.04359,0.8346121749996345,0.034422411431470436,0.04124360087544315
0.6756,-9.4227,0.04935,0.8908956792919531,0.05146552416550126,0.05776829471931429
0.6006,-9.4227,0.0551,0.7436615865108364,0.07171223098605617,0.09643126966194482
0.5256,-9.4227,0.06086,0.7370396382849753,0.04408235838134293,0.059810023900367965
0.4506,-9.4227,0.06662,0.7275800294841097,0.05731548743329896,0.07877550937446494
0.3756,-9.4227,0.07237,0.6966467737776966,0.07255419253830873,0.10414774785343531
0.3006,-9.4227,0.07813,0.8271099922957699,0.04653164925237422,0.05625811522747843
0.2256,-9.4227,0.08389,0.8187510648450358,0.0388235439913362,0.047418007326420146
0.1506,-9.3477,0.09315,0.9696827285522531,0.04879721142180254,0.05032286332938744
0.2256,-9.3477,0.08739,0.7281115183214565,0.01913436187607194,0.026279438512637626
0.3006,-9.3477,0.08164,0.7434865251944697,0.06491205557413647,0.08730764226985524
0.3756,-9.3477,0.07588,0.811167969482803,0.058037753220244986,0.0715483788853862
0.4506,-9.3477,0.07012,0.8117847867467904,0.052869864747298254,0.06512793244028761
0.5256,-9.3477,0.06437,0.7674495528713192,0.06890000811088241,0.0897778985642788
0.6006,-9.3477,0.05861,0.7263388164610332,0.032272762768604295,0.04443210528916525
0.6756,-9.3477,0.05285,0.8259648494918451,0.06342292536305225,0.07678647027421526
0.7506,-9.3477,0.04709,0.945261158731937,0.06342565089884525,0.06709854764785897
0.8256,-9.3477,0.04134,0.7707064084731582,0.06717860233087895,0.08716497176138198
0.9006,-9.3477,0.03558,2.360333350729556,1.20197806765188,0.5092408101086062
0.9006,-9.2727,0.03909,2.18643220098721,0.2705479723001222,0.12373947482934314
0.8256,-9.2727,0.04484,0.8104230010852677,0.11075816189016462,0.13666710068920088
0.7506,-9.2727,0.0506,0.8541910677745227,0.06357113253380862,0.07442261448534514
0.6756,-9.2727,0.05636,0.8806631829724341,0.09155821952884784,0.10396508142854172
0.6006,-9.2727,0.06211,0.8097998042400505,0.07912329101291501,0.09770722417890379
0.5256,-9.2727,0.06787,0.7641298536144682,0.0572789401701596,0.0749596942184894
0.4506,-9.2727,0.07363,0.7799969034856565,0.055652725727680735,0.07134993162021462
0.3756,-9.2727,0.07939,0.8762379027202816,0.07781834932137204,0.08880961332508544
0.3006,-9.2727,0.08514,0.7571868864221468,0.07338362814187314,0.09691613716215405
0.2256,-9.2727,0.0909,0.8403506201635146,0.08089081712145166,0.09625841307252442
0.1506,-9.2727,0.09666,0.8466592169827744,0.041210758039797485,0.048674551948609965
0.0756,-9.1977,0.10592,0.8922181266817348,0.09719471829604068,0.10893604981723402
0.1506,-9.1977,0.10016,0.7913702799006044,0.05689450492891476,0.07189365885216295
0.2256,-9.1977,0.09441,0.7881311457487981,0.046995213779364386,0.05962867224935585
0.3006,-9.1977,0.08865,0.8279172060416068,0.07810690151360287,0.09434144011457787
0.3756,-9.1977,0.08289,0.8603904190162923,0.04012170315814158,0.0466319734290089
0.4506,-9.1977,0.07713,0.8230554882716099,0.06968143959239743,0.0846618977521506
0.5256,-9.1977,0.07138,0.8567243095529131,0.0799288946950234,0.09329593406394035
0.6006,-9.1977,0.06562,0.8142488233169063,0.058204360303158606,0.0714822774518219
0.6756,-9.1977,0.05986,0.9377819866520575,0.060215182420028227,0.06421021439641887
0.7506,-9.1977,0.05411,0.8664768610958659,0.09663013847776879,0.11152073738652064
0.8256,-9.1977,0.04835,0.7074956476956318,0.070894928452955,0.10020546230053186
0.7506,-9.1227,0.05761,0.8065860842659344,0.08159493543317431,0.10116085192249878
0.6756,-9.1227,0.06337,0.9521109333714552,0.051543035715964546,0.054135536006764476
0.6006,-9.1227,0.06913,0.8813050006289798,0.045378896421434875,0.05149056954067927
0.5256,-9.1227,0.07488,0.8241974024093975,0.07155347369943886,0.08681594177592011
0.4506,-9.1227,0.08064,0.8389851184119784,0.09538866309062925,0.11369529804197223
0.3756,-9.1227,0.0864,0.8418305655337022,0.05245471774374213,0.06231030315522813
0.3006,-9.1227,0.09215,0.7563067584990935,0.06320721445893229,0.083573515307953
0.2256,-9.1227,0.09791,0.8599527330575457,0.05649327313266278,0.06569346309511921
0.1506,-9.1227,0.10367,0.759648439498241,0.0487838326544448,0.06421895987394806
0.0756,-9.1227,0.10943,0.7397322550225346,0.05219601569685177,0.0705606864408822
0.0006,-9.1227,0.11518,0.7894357195373414,0.06402690530760985,0.08110464693076419
-0.0744,-9.0477,0.12445,0.8756090525322137,0.06554684495065814,0.07485857388191709
0.0006,-9.0477,0.11869,0.7524263579996017,0.04858695245842491,0.06457369806607789
0.0756,-9.0477,0.11293,0.8432731678891996,0.06031383108940961,0.07152347944424865
0.1506,-9.0477,0.10717,0.8055800382361303,0.06487269493206035,0.08052917382871518
0.2256,-9.0477,0.10142,0.7776001116146002,0.08896144819133783,0.11440513814564568
0.3006,-9.0477,0.09566,0.7618143062558886,0.06615277388459763,0.08683582513660137
0.3756,-9.0477,0.0899,0.8558931294896135,0.059052135918418854,0.06899475399882325
0.4506,-9.0477,0.08415,0.9388538492949404,0.10902030339435363,0.11612063312753694
0.5256,-9.0477,0.07839,0.846320979788129,0.1089868370875011,0.12877718937652385
0.6006,-9.0477,0.07263,1.0464091566292226,0.04560219027238242,0.043579693453065595
0.6756,-9.0477,0.06688,1.032510948898079,0.06792577437850639,0.06578697732067484
0.6756,-8.9727,0.07038,0.9365995446275704,0.09391647287656957,0.10027388270182698
0.6006,-8.9727,0.07614,1.020760995477168,0.05933807682047516,0.05813121493022645
0.5256,-8.9727,0.0819,0.8717430314708257,0.10605788935205947,0.12166187227572793
0.4506,-8.9727,0.08765,0.8553195070394723,0.05763793615598097,0.06738760858557272
0.3756,-8.9727,0.09341,0.8957174029636288,0.05799347524555794,0.06474528132832627
0.3006,-8.9727,0.09917,0.8110393937766593,0.06503988222080419,0.08019324673976884
0.2256,-8.9727,0.10492,0.7974702171293336,0.0681120229624403,0.08541011501046929
0.1506,-8.9727,0.11068,0.8323604096000956,0.055749904898875005,0.06697808335893803
0.0756,-8.9727,0.11644,0.8715522680833677,0.07606696227360848,0.08727756792015182
0.0006,-8.9727,0.12219,0.8085657264767037,0.05297732892698924,0.06552012680259904
-0.0744,-8.9727,0.12795,0.7703937884629082,0.049015953372270826,0.06362454384538535
-0.1494,-8.8977,0.13721,0.8703610689636685,0.0762903493417384,0.08765367852743766
-0.0744,-8.8977,0.13146,0.8355304425185281,0.06446297517547363,0.07715215615742707
0.0006,-8.8977,0.1257,0.8354337670271628,0.04986867725665755,0.05969195790841927
0.0756,-8.8977,0.11994,0.8538057549916737,0.10406924215620511,0.12188866325598847
0.1506,-8.8977,0.11419,0.8005738203708311,0.07265582441627198,0.09075468441201003
0.2256,-8.8977,0.10843,0.7817992859264111,0.11072935488135596,0.1416339933722818
0.3006,-8.8977,0.10267,0.8180649157481525,0.07824907119572036,0.09565142043056388
0.3756,-8.8977,0.09692,0.8564152407262678,0.04282318996361229,0.050002834988430195
0.4506,-8.8977,0.09116,0.8938111130042256,0.08422246743935267,0.0942284854305168
0.5256,-8.8977,0.0854,0.8421417350628275,0.08130159097608262,0.09654145803617863
0.6006,-8.8977,0.07964,1.0261310129220897,0.06831715871193787,0.06657742320582698
0.6006,-8.8227,0.08315,1.0902680545834784,0.0699167833286694,0.06412806743693882
0.5256,-8.8227,0.08891,0.8166249149792145,0.06746229133402142,0.08261111080077507
0.4506,-8.8227,0.09466,0.8471118525557785,0.04698895634068621,0.055469600854855465
0.3756,-8.8227,0.10042,0.8493738651829214,0.05202773455921868,0.06125422112913019
0.3006,-8.8227,0.10618,0.8063028004518928,0.0740752352014459,0.09187024423074111
0.2256,-8.8227,0.11194,0.7281530037592783,0.07268384748964732,0.0998194707903396
0.1506,-8.8227,0.11769,0.7899105780817302,0.06025517275610565,0.0762810049998738
0.0756,-8.8227,0.12345,0.7909650371761533,0.05894635798623478,0.07452460629193022
0.0006,-8.8227,0.12921,0.7826398202841623,0.03588009560507248,0.045844965557777353
-0.0744,-8.8227,0.13496,0.8277300408956613,0.05031708952746063,0.06078925137598492
-0.1494,-8.8227,0.14072,0.7935214354907288,0.04489372271618525,0.05657531190499235
-0.2244,-8.7477,0.14998,0.7727366362652857,0.060496572672934665,0.07828873361734306
-0.1494,-8.7477,0.14423,0.8251979450013043,0.07341760632750613,0.08896969117802407
-0.0744,-8.7477,0.13847,0.7936208494368049,0.0628800154902686,0.07923180891088177
0.0006,-8.7477,0.13271,0.8087918105341882,0.04395651687386246,0.054348370373372354
0.0756,-8.7477,0.12696,0.7915003264875371,0.07350399224597216,0.09286666067740346
0.1506,-8.7477,0.1212,0.8421196900886712,0.07420300053331505,0.0881145535565162
0.2256,-8.7477,0.11544,0.7621351135751429,0.06780099253491355,0.08896190626470682
0.3006,-8.7477,0.10968,0.815191777069689,0.08415690465970901,0.1032357133952231
0.3756,-8.7477,0.10393,0.9688454774668248,0.06857553170439498,0.07078066967262397
0.4506,-8.7477,0.09817,0.8709320037802538,0.04328255273690478,0.04969682196662677
0.5256,-8.7477,0.09241,1.065291212433507,0.06462817483399662,0.060667143481229605
0.5256,-8.6727,0.09592,0.9246292338665818,0.050145904868670856,0.054233527377208796
0.4506,-8.6727,0.10168,0.9466891358676188,0.06517940552690779,0.06884985055540155
0.3756,-8.6727,0.10743,0.9097566603402287,0.07502204698460255,0.0824638612225669
0.3006,-8.6727,0.11319,0.8136418787934682,0.07423330920186144,0.09123585097652594
0.2256,-8.6727,0.11895,0.7971033644268816,0.08129520533053534,0.10198828528215624
0.1506,-8.6727,0.1247,0.8348096420746683,0.0780240570652278,0.0934632916688917
0.0756,-8.6727,0.13046,0.8684743088978906,0.08506958997779243,0.09795291479116666
0.0006,-8.6727,0.13622,0.7982798467550584,0.05133529828331636,0.06430739607418388
-0.0744,-8.6727,0.14198,0.7901709227942038,0.07851570238977819,0.09936546653998711
-0.1494,-8.6727,0.14773,0.7519999789472794,0.04358468108521712,0.057958354129518816
-0.2244,-8.6727,0.15349,0.8381464287555804,0.06412842309390669,0.07651219511740921
-0.2994,-8.6727,0.15925,0.763049962125581,0.06260179476353323,0.0820415410140999
-0.2994,-8.5977,0.16275,0.7426881487415292,0.03497767290479173,0.047096042886991964
-0.2244,-8.5977,0.157,0.8046608458464707,0.03842171894872166,0.04774896050559483
-0.1494,-8.5977,0.15124,0.8165061135670527,0.06335492741775288,0.07759271653334666
-0.0744,-8.5977,0.14548,0.7170000155061821,0.0784417542089046,0.10940272316943662
0.0006,-8.5977,0.13972,0.7577851526646828,0.04529444361487001,0.05977214446020248
0.0756,-8.5977,0.13397,0.7472029249222489,0.06560858703402046,0.0878055811155282
0.1506,-8.5977,0.12821,0.8875696840988919,0.06321116445310733,0.07121825540637147
0.2256,-8.5977,0.12245,0.8287946651696029,0.0733419816643952,0.08849234285235975
0.3006,-8.5977,0.1167,0.8181065520523859,0.11892627052796058,0.1453677033017398
0.3756,-8.5977,0.11094,0.9203695155542728,0.08039388566787704,0.08734957461021679
0.4506,-8.5977,0.10518,0.9748981273680041,0.055661844065909356,0.057095036397478025
0.4506,-8.5227,0.10869,1.0205340899674735,0.05551697554860914,0.054399922642837516
0.3756,-8.5227,0.11445,0.8938457654337839,0.05935978004505089,0.06640942133483571
0.3006,-8.5227,0.1202,0.8269762463893644,0.0853840889348286,0.10324853864620834
0.2256,-8.5227,0.12596,0.7985708775733904,0.07276627082909291,0.09112061668240029
0.1506,-8.5227,0.13172,0.8144636101161717,0.03868215590334147,0.047494026034906586
0.0756,-8.5227,0.13747,0.7719182643317988,0.06712101381781647,0.0869535246402272
0.0006,-8.5227,0.14323,0.8181238010339749,0.053898512519149504,0.06588063133113911
-0.0744,-8.5227,0.14899,0.8032869288933944,0.07471391584081934,0.09301024721483393
-0.1494,-8.5227,0.15474,0.839728589228506,0.04931064453101627,0.05872212184215383
-0.2244,-8.5227,0.1605,0.8011272582786855,0.0523457459024839,0.06534011339840662
-0.2994,-8.5227,0.16626,0.7739930003668385,0.057538980577904415,0.07434044048283832
-0.3744,-8.5227,0.17202,0.7613050304105456,0.04228148128795847,0.05553816091975318
-0.3744,-8.4477,0.17552,0.7433221146079425,0.037698221701186176,0.05071586188589278
-0.2994,-8.4477,0.16976,0.7448563068154259,0.0375479697931678,0.05040968231000308
-0.2244,-8.4477,0.16401,0.8072429172919646,0.040059500576904584,0.049625087713734396
-0.1494,-8.4477,0.15825,0.8110789928244195,0.06631002682623074,0.08175532520614226
-0.0744,-8.4477,0.15249,0.6881601942237723,0.08054784531791565,0.11704810303474705
0.0006,-8.4477,0.14674,0.8198968448024904,0.06692761911020353,0.0816293165835101
0.0756,-8.4477,0.14098,0.7939765711985742,0.03852291472907266,0.048518956511423364
0.1506,-8.4477,0.13522,0.848870155967178,0.09401191761717781,0.11074946734352248
0.2256,-8.4477,0.12947,0.8026153174419781,0.048847758724631776,0.0608607357261943
0.3006,-8.4477,0.12371,0.8397765623362579,0.04477054607196186,0.053312450096737914
0.3756,-8.4477,0.11795,0.9660120531048119,0.06626314363703299,0.06859453091093416
0.3756,-8.3727,0.12146,0.9154039825561068,0.09650957551013195,0.10542839811625651
0.3006,-8.3727,0.12721,0.8953702269177921,0.07005534319613542,0.0782417608828616
0.2256,-8.3727,0.13297,0.8508865593162351,0.05330011709866078,0.06264068519485404
0.1506,-8.3727,0.13873,0.9119469813987708,0.06908793377496739,0.07575871753969546
0.0756,-8.3727,0.14449,0.8204038039602859,0.058185402514697525,0.07092288240720318
0.0006,-8.3727,0.15024,0.8848373586528142,0.07141787127773762,0.08071299270916071
-0.0744,-8.3727,0.156,0.7398781441693557,0.10197679023275254,0.13782916962257286
-0.1494,-8.3727,0.16176,0.8224566048038758,0.05216561384070682,0.06342658510614832
-0.2244,-8.3727,0.16751,0.7903498489447833,0.0637081710265637,0.08060755766781273
-0.2994,-8.3727,0.17327,0.7855054125561207,0.05584359978656564,0.07109257160284159
-0.3744,-8.3727,0.17903,0.7524792178007946,0.030059768980972023,0.0399476401073575
-0.4494,-8.3727,0.18478,0.8427989843962408,0.08087417586998602,0.09595903337249768
-0.5244,-8.2977,0.19405,0.9104480558632927,0.31780015730629063,0.3490590761984224
-0.4494,-8.2977,0.18829,0.7799765528701,0.05808041909886674,0.0744643141965572
-0.3744,-8.2977,0.18253,0.803823641542988,0.05890514381039358,0.07328117856464336
-0.2994,-8.2977,0.17678,0.8179152498695634,0.0361172581093688,0.044157702298775546
-0.2244,-8.2977,0.17102,0.801362982082512,0.025203565258196937,0.03145087285252448
-0.1494,-8.2977,0.16526,0.828524458267825,0.06181043634517203,0.07460303160439892
-0.0744,-8.2977,0.15951,0.7563678147964513,0.06318202400167826,0.08353346449396631
0.0006,-8.2977,0.15375,0.8742370963309835,0.0327991655444245,0.03751747172715127
0.0756,-8.2977,0.14799,0.8513261405633512,0.07169797032442372,0.0842191575099277
0.1506,-8.2977,0.14223,0.8971557977357254,0.0901500037366434,0.10048422354753464
0.2256,-8.2977,0.13648,0.8711010285998837,0.07343123528819684,0.08429703659772105
0.3006,-8.2977,0.13072,0.8731742087073291,0.05882311091615358,0.06736698167395132
0.1506,-8.2227,0.14574,1.2112255576913225,0.11246053827224216,0.09284855125299661
0.0756,-8.2227,0.1515,0.9493848389998222,0.08300380317053908,0.0874290380052663
0.0006,-8.2227,0.15725,0.9281134182493063,0.10662254893861131,0.11488094756752107
-0.0744,-8.2227,0.16301,0.7214893275790416,0.08616233629718754,0.11942288403115453
-0.1494,-8.2227,0.16877,0.8057063844148751,0.054017610360369325,0.06704379089610704
-0.2244,-8.2227,0.17453,0.8782161308461136,0.046178760280083046,0.05258245511340393
-0.2994,-8.2227,0.18028,0.8171832502686034,0.04852976905925384,0.05938664191085951
-0.3744,-8.2227,0.18604,0.802576560680377,0.0672297776154417,0.08376743217924065
-0.4494,-8.2227,0.1918,0.8382350028923058,0.04279391680876878,0.051052409719362236
-0.5244,-8.2227,0.19755,0.7673387889490912,0.07918568340494175,0.10319520470663356
-0.5244,-8.1477,0.20106,0.7781821376881684,0.04391964422927143,0.05643877198177327
-0.4494,-8.1477,0.1953,0.9010611333161943,0.06471729286689036,0.0718234207136534
-0.3744,-8.1477,0.18955,0.7869922300032163,0.07551961813836669,0.09595980145580098
-0.2994,-8.1477,0.18379,0.8332781981489923,0.03299368741346221,0.039595044592253756
-0.2244,-8.1477,0.17803,0.8730969706196209,0.05051233881971548,0.05785421381529683
-0.1494,-8.1477,0.17227,0.8456819112344023,0.060040371161805675,0.07099639990427081
-0.0744,-8.1477,0.16652,0.7398408749745351,0.06245324349939784,0.08441442695572537
0.0006,-8.1477,0.16076,1.3030124308230069,0.1595001479020899,0.12240876919443251
-0.0744,-8.0727,0.17002,0.8547802579781394,0.04975205458295352,0.058204496557553755
-0.1494,-8.0727,0.17578,0.9127408966081696,0.07102202207842379,0.07781181093380198
-0.2244,-8.0727,0.18154,0.8529741163600786,0.0432167737537872,0.050665984963538406
-0.2994,-8.0727,0.18729,0.8158747001557772,0.06489169853060875,0.07953635345993545
-0.3744,-8.0727,0.19305,0.7755517884449052,0.03290205768462974,0.04242406268007347
-0.4494,-8.0727,0.19881,0.7633312788913644,0.05308604346109568,0.06954522227648785
-0.5244,-8.0727,0.20457,0.8632510593334309,0.13468475477674072,0.1560203759040146
-0.5244,-7.9977,0.20807,0.8264897976134351,0.090978304752021,0.11007795258299519
-0.4494,-7.9977,0.20231,0.8728489443507673,0.049280446320181914,0.056459306778261775
-0.3744,-7.9977,0.19656,0.7995722210847088,0.08888957766986129,0.11117141807311999
-0.2994,-7.9977,0.1908,0.8039583570495505,0.05381361796071059,0.06693582756972807
-0.2244,-7.9977,0.18504,0.933027419341426,0.034362240763239085,0.0368287577094932
-0.1494,-7.9977,0.17929,0.9993172728239784,0.05898815175627334,0.05902845208467003
-0.1494,-7.9227,0.18279,1.1328547850435693,0.06788214919898601,0.0599213156842298
-0.2244,-7.9227,0.18855,0.8955308976312608,0.05925268690986455,0.06616487166058913
-0.2994,-7.9227,0.19431,0.8380363182595321,0.06753697883030936,0.08058956080874026
-0.3744,-7.9227,0.20006,0.8134866274337178,0.06906069027992921,0.08489468412995667
-0.4494,-7.9227,0.20582,0.8347201130716794,0.04349353472001478,0.05210553099045774
-0.5244,-7.9227,0.21158,0.8171021755405178,0.10142056772515155,0.12412225883263775
-0.5244,-7.8477,0.21508,0.7677804073674884,0.05128747954535001,0.06679967221513365
-0.4494,-7.8477,0.20933,0.8075743811596159,0.05063978172649258,0.06270602796212738
-0.3744,-7.8477,0.20357,0.9079945778582047,0.035564707836972353,0.039168414332234315
-0.2994,-7.8477,0.19781,0.7733517229083657,0.03345311399575415,0.04325730842099385
-0.2244,-7.8477,0.19206,0.8876630394831204,0.06387615958999295,0.07195991806439024
-0.1494,-7.8477,0.1863,1.0423160911008862,0.0810457040523893,0.07775539948422887
-0.1494,-7.7727,0.1898,1.1398550268445924,0.1076793170639209,0.09446755466965351
-0.2244,-7.7727,0.19556,0.8370574306690383,0.0531764017489265,0.06352778172750224
-0.2994,-7.7727,0.20132,0.7962113839494535,0.08291482146119546,0.10413669426567657
-0.3744,-7.7727,0.20708,0.8349368467175381,0.035333917174158895,0.04231926919152063
-0.4494,-7.7727,0.21283,0.8165135819432912,0.10453848585400642,0.12803030857760658
-0.5244,-7.7727,0.21859,0.7534609289662002,0.045023977388354626,0.0597562204720165
-0.5244,-7.6977,0.2221,0.8137688575230844,0.08305578642932242,0.10206311738461478
-0.4494,-7.6977,0.21634,0.8132743489222024,0.0361666312997305,0.044470394704641286
-0.3744,-7.6977,0.21058,0.8557559841805025,0.05740925788167324,0.06708601393731423
-0.2994,-7.6977,0.20482,0.7279580271760429,0.03850499465175553,0.05289452580271339
-0.2244,-7.6977,0.19907,0.8821005295227359,0.0379931369291607,0.04307120975170148
-0.2244,-7.6227,0.20257,0.8825357070521521,0.05279659992144489,0.05982375500453826
-0.2994,-7.6227,0.20833,0.8372787668689481,0.07613368119849023,0.09092990794833661
-0.3744,-7.6227,0.21409,0.8492572610371927,0.04777633435085949,0.05625660979631843
-0.4494,-7.6227,0.21984,0.7735411817350168,0.03987533207540841,0.05154907458962934
-0.5244,-7.6227,0.2256,0.808961987674518,0.04755753858845869,0.05878834767647109
-0.5244,-7.5477,0.22911,0.8611401847585538,0.059575192628627975,0.06918175888555433
-0.4494,-7.5477,0.22335,0.7986499240800582,0.04212437071029361,0.052744474694360555
-0.3744,-7.5477,0.21759,0.9050626058152371,0.08196390862446722,0.09056158999148799
-0.2994,-7.5477,0.21184,0.846412454141564,0.039084086560034766,0.04617617140295278
-0.2244,-7.5477,0.20608,0.9147768380157298,0.051556585431471555,0.05635974074650218
-0.2244,-7.4727,0.20959,0.8453293093067942,0.04357460714998294,0.05154749358651241
-0.2994,-7.4727,0.21534,0.8804545358329209,0.06085194863387131,0.0691142428794516
-0.3744,-7.4727,0.2211,0.8733824879072888,0.060503185241406444,0.06927455734357359
-0.4494,-7.4727,0.22686,0.9231502047970286,0.06362052459384603,0.06891676377609011
-0.5244,-7.4727,0.23261,0.7792492208837876,0.04458130927769431,0.05721059204542072
-0.5244,-7.3977,0.23612,0.7475199190068379,0.07829047389823256,0.10473362904128365
-0.4494,-7.3977,0.23036,0.8499049212189143,0.04828584873752086,0.05681323584792332
-0.3744,-7.3977,0.22461,0.8342186321332138,0.04640887269446223,0.055631546583643485
-0.2994,-7.3977,0.21885,0.9002871268038177,0.0484820497496368,0.05385176384978074
-0.2994,-7.3227,0.22236,0.9955481526398089,0.08562499355487779,0.0860078875419872
-0.3744,-7.3227,0.22811,0.8520175682732143,0.040024444642039074,0.046976079053342404
-0.4494,-7.3227,0.23387,0.8878407383684177,0.05180555143536536,0.05835004995441893
-0.5244,-7.3227,0.23963,0.8402886935680669,0.0698736007662379,0.08315427935789291
-0.4494,-7.2477,0.23738,0.940488814723178,0.08147422019608096,0.086629653559529
-0.3744,-7.2477,0.23162,0.8833010024797222,0.10408158409521466,0.11783252119382039
-0.2994,-7.2477,0.22586,1.0997003662266398,0.10566074172498795,0.0960813917772326
-0.3744,-7.1727,0.23512,1.0139050092115836,0.09822228376597625,0.0968752327620457
-0.3744,-7.0977,0.23863,1.2202665567720197,0.12022005069254373,0.09851949971534313
