20.0683,-4.2192,2.09177,0.9839170041621552,0.26372127394318,0.2680320319982164
20.1683,-4.2192,2.08894,1.031910608269532,0.16313535567433046,0.15809058882329077
20.2683,-4.1192,2.08801,1.0033631414931876,0.19647932058418766,0.19582074770236282
20.1683,-4.1192,2.09085,1.0473679216762652,0.37738438547059366,0.3603169217428456
20.0683,-4.1192,2.09368,1.1571455008003932,0.21931292461089166,0.1895292549287827
20.0683,-4.0192,2.09558,0.9940223929992777,0.10040961315481359,0.10101343175161905
20.1683,-4.0192,2.09275,0.9136899021956223,0.08044175700904142,0.08804054506429111
20.2683,-4.0192,2.08992,0.9355028506554557,0.3932312459557147,0.4203421140621849
20.3683,-4.0192,2.08709,0.9146875474749319,0.10949392604424232,0.11970637005664837
20.4683,-3.9192,2.08616,0.9158253096651443,0.24630840141501548,0.26894692559334693
20.3683,-3.9192,2.08899,0.9456344046072473,0.13392554103733703,0.14162507242210656
20.2683,-3.9192,2.09182,0.8920733283474347,0.14909682113950926,0.16713516299799147
20.1683,-3.9192,2.09465,0.9304951940983862,0.08435452733828869,0.09065552178377982
20.0683,-3.9192,2.09748,0.9360758815053337,0.06654632077441101,0.07109073322922896
19.9683,-3.9192,2.10031,0.877018779058113,0.09012431174661165,0.10276212311371707
19.9683,-3.8192,2.10222,0.9299418547163721,0.08430139177954447,0.0906523255749748
20.0683,-3.8192,2.09938,0.9344445592762838,0.08100837930168425,0.08669147730329158
20.1683,-3.8192,2.09655,0.8467211242430114,0.07943598691205689,0.09381599754355312
20.2683,-3.8192,2.09372,0.7636884122151789,0.08305445079879005,0.10875436823491882
20.3683,-3.8192,2.09089,0.7531063057459578,0.07033490315019433,0.09339306099757995
20.4683,-3.8192,2.08806,0.8740430830136153,0.04646932811132651,0.053165946867407034
20.5683,-3.7192,2.08713,1.0787003540670912,0.16499514015653863,0.15295734309759626
20.4683,-3.7192,2.08996,0.7632857352659815,0.052713946432170304,0.06906187813637199
20.3683,-3.7192,2.09279,0.7150520167744798,0.06292897440363818,0.08800614910157696
20.2683,-3.7192,2.09562,0.7460889573054209,0.08023431493814982,0.10753987731962222
20.1683,-3.7192,2.09846,0.9070022619224893,0.0817325644696389,0.09011285627490928
20.0683,-3.7192,2.10129,0.9003514633355142,0.08718428817853414,0.09683361634749195
19.9683,-3.7192,2.10412,1.1152597601621785,0.04888687951737383,0.04383452291891605
20.0683,-3.6192,2.10319,0.9519302876572938,0.04285433162556952,0.04501835079860132
20.1683,-3.6192,2.10036,0.8004719404943955,0.0480858050801099,0.06007181844551686
20.2683,-3.6192,2.09753,0.7247517272588958,0.05025941823530073,0.06934708306993391
20.3683,-3.6192,2.09469,0.7376826926107936,0.031507324713962025,0.042711215851427745
20.4683,-3.6192,2.09186,0.7589256208910502,0.06773606252415945,0.08925257055445161
20.5683,-3.6192,2.08903,0.7861419876762425,0.05814153916482744,0.07395806365296433
20.5683,-3.5192,2.09093,0.74213489944852,0.04140055399033042,0.05578575272648564
20.4683,-3.5192,2.09377,0.7132395805271952,0.04358400403396005,0.06110710233123165
20.3683,-3.5192,2.0966,0.6900341045883074,0.04313001969321636,0.06250418552710357
20.2683,-3.5192,2.09943,0.7490511381262441,0.05842946575183438,0.07800464184327392
20.1683,-3.5192,2.10226,0.800965778351635,0.05965983526459303,0.07448487423191949
20.0683,-3.5192,2.10509,0.8704223391267789,0.07571512122030888,0.08698664753511204
20.1683,-3.4192,2.10416,0.8585364818325519,0.05463525955865308,0.0636376679556281
20.2683,-3.4192,2.10133,0.8036970905383258,0.05414169180509445,0.06736579296166134
20.3683,-3.4192,2.0985,0.7257113738583105,0.06374168469174225,0.08783338250970739
20.4683,-3.4192,2.09567,0.7621735342936583,0.05630545164833348,0.07387484492034266
20.5683,-3.4192,2.09284,0.7238223715163983,0.06745594925178111,0.09319406515504873
20.6683,-3.4192,2.09001,0.9622927263249477,0.0696395604889533,0.07236837459523451
20.6683,-3.3192,2.09191,0.8547938904375162,0.07551761242708005,0.08834598991860745
20.5683,-3.3192,2.09474,0.7404265063608246,0.05722569572907943,0.0772874758500234
20.4683,-3.3192,2.09757,0.7171297564467839,0.07421994341075389,0.10349583564695036
20.3683,-3.3192,2.1004,0.700959441095308,0.037750194567874096,0.0538550340500247
20.2683,-3.3192,2.10323,0.7770497585661691,0.03483028548628346,0.044823751764048084
20.1683,-3.3192,2.10606,0.9692656751217094,0.0679496393629283,0.07010424603594465
20.1683,-3.2192,2.10797,0.9500056175102296,0.11418729756026978,0.12019644458475028
20.2683,-3.2192,2.10514,0.8387813145645302,0.08862755229785707,0.10566228736732149
20.3683,-3.2192,2.1023,0.7250652005334397,0.06973420827422507,0.09617646554119647
20.4683,-3.2192,2.09947,0.7682024202114226,0.04779281499711647,0.06221383028702651
20.5683,-3.2192,2.09664,0.7143156032122369,0.07219901145141616,0.10107438662510142
20.6683,-3.2192,2.09381,0.8019823618196911,0.0408390167045683,0.0509225871400774
20.7683,-3.1192,2.09288,0.8027868623551384,0.0784734735062429,0.0977513175490005
20.6683,-3.1192,2.09571,0.7722636473105828,0.07287187912478109,0.09436140025308488
20.5683,-3.1192,2.09854,0.7186699487449965,0.045709648272983225,0.06360311621879468
20.4683,-3.1192,2.10138,0.769639283622209,0.06448922660131684,0.08379149554036085
20.3683,-3.1192,2.10421,0.7773903235487466,0.05577451057955149,0.07174582560398196
20.2683,-3.1192,2.10704,0.7866888478299131,0.04257232821100819,0.05411584049836764
20.2683,-3.0192,2.10894,0.9244859813856083,0.07017510666674992,0.07590716147103964
20.3683,-3.0192,2.10611,0.7431616303218809,0.04655942146315369,0.06265046466807996
20.4683,-3.0192,2.10328,0.7646664474863754,0.06528288719884424,0.08537433205477142
20.5683,-3.0192,2.10045,0.6904689218401788,0.0572789369703591,0.08295657510218442
20.6683,-3.0192,2.09761,0.7606192351919111,0.03837628684475057,0.05045400519626339
20.7683,-3.0192,2.09478,0.820864345848751,0.048442714519175686,0.059014275335697836
20.7683,-2.9192,2.09669,0.8262548077323245,0.06725063784602218,0.08139212893731065
20.6683,-2.9192,2.09952,0.7714689180706863,0.05707135848274828,0.07397752151243388
20.5683,-2.9192,2.10235,0.7346245017144708,0.061205091930501776,0.08331479795141734
20.4683,-2.9192,2.10518,0.7503419230594213,0.04835477681731608,0.0644436560603675
20.3683,-2.9192,2.10801,0.7682716055094297,0.04962071025418632,0.06458745826130532
20.3683,-2.8192,2.10991,0.7897937144643229,0.05030447180495,0.06369317821055208
20.4683,-2.8192,2.10708,0.6901004015805567,0.03774844292105681,0.05469992893005201
20.5683,-2.8192,2.10425,0.7344704677721465,0.04377643363243319,0.059602714545105275
20.6683,-2.8192,2.10142,0.698482235611965,0.07217266062258108,0.10332783991184552
20.7683,-2.8192,2.09859,0.7575082636485553,0.05087974816160697,0.06716725163702313
20.8683,-2.8192,2.09576,0.848294567192181,0.18349535502054334,0.21631089260409292
20.9683,-2.7192,2.09483,1.1833525265890006,0.4466274576965303,0.3774255326803827
20.8683,-2.7192,2.09766,0.7929327833760387,0.06327782660738622,0.07980225806526842
20.7683,-2.7192,2.10049,0.7144309140831917,0.07381246693698085,0.10331645157279094
20.6683,-2.7192,2.10332,0.7584959652651863,0.09344472681910228,0.12319739471050715
20.5683,-2.7192,2.10615,0.7349938503482469,0.06223529865689306,0.08467458418516753
20.4683,-2.7192,2.10898,0.6770442795558355,0.03879311748902259,0.057297755346920914
20.4683,-2.6192,2.11089,0.8153913316437977,0.03109794890016901,0.038138679788852714
20.5683,-2.6192,2.10806,0.7568878283309542,0.04337045851826212,0.0573010384034054
20.6683,-2.6192,2.10522,0.779079702446375,0.06802912493314785,0.08731985279494606
20.7683,-2.6192,2.10239,0.7326605710272435,0.05473616645627383,0.07470876504181156
20.8683,-2.6192,2.09956,0.7188532552998872,0.036193291243232846,0.050348650404502836
20.9683,-2.6192,2.09673,0.9658295526450967,0.336413344282698,0.3483154386417044
21.0683,-2.5192,2.0958,1.128098973638361,0.4030244311644981,0.3572598154793616
20.9683,-2.5192,2.09863,0.9810176344061032,0.09023732929943197,0.09198339166865294
20.8683,-2.5192,2.10146,0.740679762531821,0.07768996327871242,0.10489008503911258
20.7683,-2.5192,2.1043,0.7771559430328961,0.05898757763700845,0.07590185491833983
20.6683,-2.5192,2.10713,0.7397715988370195,0.05622074352860485,0.07599743436621301
20.5683,-2.5192,2.10996,0.6731356919035655,0.050995501240983294,0.07575812997936973
20.5683,-2.4192,2.11186,0.7516820703065444,0.05228792099259836,0.0695612188425284
20.6683,-2.4192,2.10903,0.6920020863715014,0.021338261677368162,0.030835545293302357
20.7683,-2.4192,2.1062,0.7517677872743562,0.07672854004494777,0.10206414978638322
20.8683,-2.4192,2.10337,0.7531271106158062,0.061341452012227425,0.08144900262861421
20.9683,-2.4192,2.10053,0.7416936139342608,0.07012701578806767,0.09454984439745129
21.0683,-2.4192,2.0977,1.1493757217992147,0.20066599553368153,0.17458694465858574
21.1683,-2.3192,2.09677,0.995161553037728,0.18177237695195617,0.18265614904142596
21.0683,-2.3192,2.09961,0.9384774338719705,0.056331676539048345,0.06002454028823591
20.9683,-2.3192,2.10244,0.7569448717731885,0.07486239794834376,0.09890072677680493
20.8683,-2.3192,2.10527,0.7326568253334077,0.07708487011632721,0.105212791925126
20.7683,-2.3192,2.1081,0.7227474127788869,0.04911310491029248,0.06795334586042698
20.6683,-2.3192,2.11093,0.71485562561996,0.04797473386999572,0.06711108110590798
20.6683,-2.2192,2.11283,0.7555915648912024,0.04748686181661984,0.0628472630229236
20.7683,-2.2192,2.11,0.7210389104926525,0.059509799315706526,0.0825334090153973
20.8683,-2.2192,2.10717,0.7059709872651906,0.04826853501198757,0.0683718394703039
20.9683,-2.2192,2.10434,0.7743875268153183,0.09266674174409786,0.11966455880971043
21.0683,-2.2192,2.10151,0.8791713250751702,0.04779604044400736,0.05436487642487742
21.1683,-2.2192,2.09868,1.0448046696913966,0.09579092001010855,0.09168308947011336
21.2683,-2.1192,2.09775,1.1501053160297485,0.44551645971561776,0.38737014211322374
21.1683,-2.1192,2.10058,1.01005225739315,0.07779582271269371,0.07702158194614347
21.0683,-2.1192,2.10341,0.824319475550533,0.06179678086702595,0.07496702759055174
20.9683,-2.1192,2.10624,0.7853420811924849,0.0560937242837665,0.07142584820947358
20.8683,-2.1192,2.10907,0.6771384106456205,0.04431908045637386,0.0654505486021944
20.7683,-2.1192,2.1119,0.7228811273407878,0.06378655948985536,0.08823934818232496
20.7683,-2.0192,2.11381,0.6805927675355734,0.04771981233085566,0.07011507410466485
20.8683,-2.0192,2.11098,0.6591077047441176,0.0599025314999402,0.09088428350749729
20.9683,-2.0192,2.10814,0.8180781253211796,0.0413406742680907,0.05053389522163332
21.0683,-2.0192,2.10531,0.8296668444320906,0.07840788523272359,0.094505265286808
21.1683,-2.0192,2.10248,0.9260629036787223,0.0592172984225337,0.06394522249762621
21.2683,-2.0192,2.09965,1.1814329340185155,0.16071603472989532,0.13603483541231345
21.2683,-1.9192,2.10155,0.8641207116054407,0.07267229507569904,0.0840997028536464
21.1683,-1.9192,2.10438,0.7966653824539867,0.04561536328459091,0.05725787048017684
21.0683,-1.9192,2.10722,0.8032666848435783,0.09051379951305996,0.1126821281411489
20.9683,-1.9192,2.11005,0.7297756110455518,0.04287551567321289,0.05875164231891089
20.8683,-1.9192,2.11288,0.6950103029662895,0.038580533266974575,0.05551073574350432
20.7683,-1.9192,2.11571,0.8276155214395635,0.04321160985104183,0.05221217912380266
20.8683,-1.8192,2.11478,0.697790544158176,0.053502741946342705,0.07667450124433707
20.9683,-1.8192,2.11195,0.7214376367193637,0.06345122700008522,0.08795109067031874
21.0683,-1.8192,2.10912,0.836431702118448,0.06388371017653958,0.07637648120550666
21.1683,-1.8192,2.10629,0.8206135056838028,0.08165102963830444,0.09949998272361613
21.2683,-1.8192,2.10345,0.7215687437766232,0.047721242453642156,0.06613540686903045
21.3683,-1.7192,2.10253,1.1132670912387312,0.30225171247226207,0.2714997280086191
21.2683,-1.7192,2.10536,0.7394119525780479,0.05438409764450466,0.0735504713642889
21.1683,-1.7192,2.10819,0.7417146267347997,0.05840577532089186,0.07874426796463171
21.0683,-1.7192,2.11102,0.8259674406718759,0.05780737401853629,0.06998747307946351
20.9683,-1.7192,2.11385,0.68938119741574,0.06611581803196231,0.09590603613763829
20.8683,-1.7192,2.11668,0.7081505955106207,0.06886014051003612,0.09723940210822485
20.9683,-1.6192,2.11575,0.6528003428612206,0.04517639917205029,0.06920400650226739
21.0683,-1.6192,2.11292,0.8063012322692151,0.05070807964298033,0.0628897459331297
21.1683,-1.6192,2.11009,0.7463514432737599,0.05310179349912008,0.07114851050089344
21.2683,-1.6192,2.10726,0.7831093362973907,0.06235198275139737,0.07962104378196151
21.3683,-1.6192,2.10443,0.9450778324004651,0.10848423527993103,0.11478867830852071
21.3683,-1.5192,2.10633,0.8674857179347507,0.08261703282048354,0.09523734064137954
21.2683,-1.5192,2.10916,0.762601742896021,0.08045087277822555,0.10549526476652026
21.1683,-1.5192,2.11199,0.7748619000509582,0.09281691702083582,0.11978510882356169
21.0683,-1.5192,2.11482,0.7152652564327804,0.04569594573837593,0.06388671241529872
20.9683,-1.5192,2.11766,0.6279639876311892,0.033892144293178696,0.05397147760180789
21.0683,-1.4192,2.11673,0.6518357988721657,0.020333628503419122,0.031194402852069862
21.1683,-1.4192,2.1139,0.7512380638138961,0.03689275483495266,0.04910927256222215
21.2683,-1.4192,2.11106,0.75236988248021,0.06570848692904095,0.08733534988459525
21.3683,-1.4192,2.10823,0.7676724999970428,0.058969965764793825,0.07681656665442749
21.4683,-1.4192,2.1054,1.4366063021511,0.4188137758630953,0.29152995865045644
21.4683,-1.3192,2.1073,1.986252518571304,0.8484545335544538,0.4271634777660297
21.3683,-1.3192,2.11014,0.7817678853924815,0.0811875228423747,0.10385118698194544
21.2683,-1.3192,2.11297,0.7772181157402968,0.0493447200761071,0.06348889594410248
21.1683,-1.3192,2.1158,0.7251786617536302,0.0446228733025186,0.06153362703007749
21.0683,-1.3192,2.11863,0.6781572404779015,0.04021741701121933,0.05930397054063431
21.0683,-1.2192,2.12053,0.699005953708965,0.05352663379221102,0.07657536178081988
21.1683,-1.2192,2.1177,0.7184183494940297,0.053072465057279666,0.07387403884471734
21.2683,-1.2192,2.11487,0.7542388193637574,0.07498968740085228,0.09942432751487158
21.3683,-1.2192,2.11204,0.7207165179213003,0.05313133934519529,0.07372016323205324
21.4683,-1.2192,2.10921,0.6774265157854849,0.04865094074300308,0.07181729620753283
21.4683,-1.1192,2.11111,0.701086196360031,0.029937057698878472,0.042700965807497944
21.3683,-1.1192,2.11394,0.7485083145603744,0.07867228172841355,0.10510542127327013
21.2683,-1.1192,2.11677,0.6916212482427939,0.0307383405446386,0.044443892698114294
21.1683,-1.1192,2.1196,0.6959966646512401,0.053069006339324334,0.0762489377243164
21.1683,-1.0192,2.12151,0.6974700977436469,0.03686567693473757,0.052856283092278813
21.2683,-1.0192,2.11867,0.7412993090943926,0.06268770857264667,0.08456463914586544
21.3683,-1.0192,2.11584,0.7167672827100742,0.047554619726385874,0.06634596873141779
21.4683,-1.0192,2.11301,0.7892834460804636,0.03514220623996884,0.04452419015561902
21.5683,-1.0192,2.11018,1.2446195066761825,0.24836776853805997,0.1995531704314504
21.5683,-0.9192,2.11208,0.7429700215941398,0.047748485233304896,0.0642670415299587
21.4683,-0.9192,2.11491,0.7540708397032276,0.07422446042791825,0.09843168110986768
21.3683,-0.9192,2.11774,0.7126181313159827,0.05393667601156441,0.0756880489582271
21.2683,-0.9192,2.12058,0.7007109803414062,0.06879095066277724,0.0981730736248208
21.2683,-0.8192,2.12248,0.7340361264920852,0.0575853450218094,0.07845028731352273
21.3683,-0.8192,2.11965,0.7591967479465194,0.07187072627094437,0.0946667994368269
21.4683,-0.8192,2.11682,0.7202995810572153,0.04619216779284715,0.0641291054550509
21.5683,-0.8192,2.11398,0.6976727483418448,0.065551488619365,0.09395735862574664
21.6683,-0.7192,2.11306,0.8446918296819603,0.059034386898925074,0.0698886680615254
21.5683,-0.7192,2.11589,0.7512998375909461,0.061571236184948704,0.08195294755071128
21.4683,-0.7192,2.11872,0.7381708586830119,0.05834570899473963,0.07904092705425352
21.3683,-0.7192,2.12155,0.7334551131352556,0.05762269347343658,0.07856335369607062
21.2683,-0.7192,2.12438,0.6759983972363466,0.047716938621542825,0.07058735466921491
21.3683,-0.6192,2.12345,0.7446206208147393,0.09833963509216073,0.13206676305117732
21.4683,-0.6192,2.12062,0.7662409434088945,0.05604448978823845,0.07314212359744791
21.5683,-0.6192,2.11779,0.7316958076825781,0.0804325722622024,0.10992624450992536
21.6683,-0.6192,2.11496,0.6873942492151468,0.05452604436405352,0.07932281136525404
21.7683,-0.5192,2.11403,1.099061542424348,0.14451308350004652,0.13148770830546447
21.6683,-0.5192,2.11686,0.721768590606604,0.09041155121977099,0.12526390368938803
21.5683,-0.5192,2.11969,0.7403796052427553,0.06544469686399719,0.08839343547630438
21.4683,-0.5192,2.12252,0.7478248087318714,0.08961087471913083,0.11982870008162612
21.3683,-0.5192,2.12535,0.6629152080829537,0.046827208210482224,0.07063830734235096
21.3683,-0.4192,2.12726,0.8022159038850774,0.08554384254010182,0.10663443859167934
21.4683,-0.4192,2.12443,0.7221149342437028,0.040531222496715334,0.05612849225887449
21.5683,-0.4192,2.12159,0.7089590539235868,0.040130366139051014,0.056604631701870266
21.6683,-0.4192,2.11876,0.7161467412469129,0.07547675418105232,0.10539286131447949
21.7683,-0.4192,2.11593,1.0051408088529143,0.11709869981175595,0.11649979662589881
21.7683,-0.3192,2.11783,0.7618060874847095,0.06485501958365825,0.08513323882432218
21.6683,-0.3192,2.12066,0.7320793848067565,0.07611120520837676,0.1039657812908739
21.5683,-0.3192,2.1235,0.7361430922330403,0.0975047889197575,0.1324535813057531
21.4683,-0.3192,2.12633,0.7085572446982447,0.0509589259619898,0.07191927870794947
21.4683,-0.2192,2.12823,0.7287796637623248,0.06530779908722008,0.08961254317946879
21.5683,-0.2192,2.1254,0.6983527377674201,0.0794160597857069,0.11371912142793901
21.6683,-0.2192,2.12257,0.6882913698912029,0.04309676495225101,0.06261412947697317
21.7683,-0.2192,2.11974,0.7839951889247999,0.040741650231698914,0.05196670949929364
21.8683,-0.2192,2.1169,1.0764599398017363,0.05623647974441651,0.052242055338143106
21.8683,-0.1192,2.11881,0.7682592824158282,0.07604304960916705,0.09898097081241379
21.7683,-0.1192,2.12164,0.8229874023413961,0.10256918111811218,0.12463031733694008
21.6683,-0.1192,2.12447,0.7102246032084449,0.06915939474114483,0.09737679380398362
21.5683,-0.1192,2.1273,0.7464212809735171,0.04692766097025007,0.06287020770501726
21.5683,-0.0192,2.1292,0.7366777247938361,0.06393892703312125,0.08679362071252386
21.6683,-0.0192,2.12637,0.7722641259656371,0.08395205731587557,0.10870899539830642
21.7683,-0.0192,2.12354,0.7096230856097716,0.03499317528159523,0.049312340580811236
21.8683,-0.0192,2.12071,0.744894269424131,0.049448047282827416,0.06638263886907751
21.9683,-0.0192,2.11788,1.7245616504811359,0.6948580347353388,0.40291863995785837
21.9683,0.0808,2.11978,1.1216086092749495,0.12589096200592256,0.11224143695482444
21.8683,0.0808,2.12261,0.8062754412417362,0.08432764840465906,0.10458913181677337
21.7683,0.0808,2.12544,0.6873772576403792,0.039388272550769085,0.057302263222936266
21.6683,0.0808,2.12827,0.6949438185504304,0.05900125260984226,0.0849007517368984
21.5683,0.0808,2.13111,0.6054561964267666,0.0919004805496051,0.15178716658938513
21.6683,0.1808,2.13018,0.7130857008917983,0.043399584667437284,0.060861667276683504
21.7683,0.1808,2.12735,0.7174442913262343,0.08819642988483042,0.12293139822995118
21.8683,0.1808,2.12451,0.8037780250079993,0.07467230573302522,0.09290165121431637
21.9683,0.1808,2.12168,0.8356823394832048,0.06841803854842374,0.0818708680510518
22.0683,0.1808,2.11885,1.1113079605466045,0.18872565520433926,0.16982300307784462
22.0683,0.2808,2.12075,1.6179722935239713,0.36563702241182616,0.22598472413607434
21.9683,0.2808,2.12358,0.8165465201426028,0.08069363172619726,0.09882306731538677
21.8683,0.2808,2.12642,0.828688788123995,0.05853176593186673,0.07063178212459263
21.7683,0.2808,2.12925,0.703823759100968,0.09623456914517751,0.1367310607247802
21.6683,0.2808,2.13208,0.7271385321726347,0.060085063990412024,0.08263221013866838
21.6683,0.3808,2.13398,0.19069053830629437,0.06529773231082023,0.3424277517426509
21.7683,0.3808,2.13115,0.7229109589871016,0.06811105634955164,0.09421776707464039
21.8683,0.3808,2.12832,0.7599906652960324,0.06173399542919379,0.08122993906135294
21.9683,0.3808,2.12549,0.7413706254896801,0.07779418463189756,0.10493292013089134
22.0683,0.3808,2.12266,1.7408801031473626,0.5758591482147286,0.33078621966764077
22.0683,0.4808,2.12456,0.8959772080054835,0.09509414082140308,0.10613455339236831
21.9683,0.4808,2.12739,0.7781681184838539,0.06748318778765981,0.08672057642137906
21.8683,0.4808,2.13022,0.8364065661929825,0.066184487666364,0.07912956490479463
21.7683,0.4808,2.13305,0.6914310549047874,0.06916906354646492,0.10003754250810987
21.7683,0.5808,2.13495,0.6606621102004613,0.07183817928521123,0.10873664188705137
21.8683,0.5808,2.13212,0.7840014109527486,0.04187131144035079,0.053407188884350566
21.9683,0.5808,2.12929,0.7740605550365446,0.03914820772423275,0.05057512292741038
22.0683,0.5808,2.12646,0.9003093104617326,0.0667590956165581,0.07415128871911814
22.1683,0.5808,2.12363,0.8683836145367481,0.20320919045770547,0.2340085499725952
22.1683,0.6808,2.12553,0.9245838138873739,0.33626151614582384,0.3636895986011548
22.0683,0.6808,2.12836,0.9751341204936278,0.06102942640252929,0.06258567423692986
21.9683,0.6808,2.13119,0.7415883637380063,0.05934088324655069,0.08001862778353284
21.8683,0.6808,2.13403,0.7038234458303091,0.03573358734118916,0.05077066919678103
21.8683,0.7808,2.13593,0.6723663330677659,0.051227269797187565,0.07618952240433566
21.9683,0.7808,2.1331,0.8068273793462477,0.06736478352086722,0.08349342777069767
22.0683,0.7808,2.13027,0.8292315429970374,0.03809996235474962,0.04594610838975977
22.1683,0.7808,2.12743,0.8295338832196745,0.10797495014516756,0.13016339938530755
22.2683,0.8808,2.1265,0.9200299480083902,0.13299022664695598,0.14454988876703737
22.1683,0.8808,2.12934,0.7621377740492372,0.09700886058370789,0.12728520208137686
22.0683,0.8808,2.13217,0.849760416137444,0.08165847323880424,0.09609587795343533
21.9683,0.8808,2.135,0.748012599701543,0.05796552658669455,0.0774927141732944
21.8683,0.8808,2.13783,0.4020255357067394,0.03571137934736775,0.0888286344413149
21.9683,0.9808,2.1369,0.745760326920951,0.07356087931975003,0.09863876726114358
22.0683,0.9808,2.13407,0.813055713945646,0.08418189534228432,0.10353767140232165
22.1683,0.9808,2.13124,0.7501705635470686,0.04331465925731595,0.057739747948132095
22.2683,0.9808,2.12841,0.8283050705968119,0.094670750883742,0.11429454466037453
22.2683,1.0808,2.13031,0.8582355311214807,0.0810350628543826,0.09442054065099331
22.1683,1.0808,2.13314,0.6913958670592684,0.04289124213172047,0.06203572247857206
22.0683,1.0808,2.13597,0.7539426657546583,0.03486250768676982,0.04624026371007167
21.9683,1.0808,2.1388,0.7286558677400119,0.05262790098076079,0.07222600312544068
21.9683,1.1808,2.14071,0.12333670987278307,0.08686544601579484,0.7042951454225843
22.0683,1.1808,2.13787,0.7527388040790804,0.054766696690896476,0.07275657425140906
22.1683,1.1808,2.13504,0.7484542363580803,0.061192870610197056,0.08175900093498939
22.2683,1.1808,2.13221,0.7991331219072341,0.06149981983493331,0.07695816647939216
22.3683,1.1808,2.12938,1.0644810252196313,0.20618175604817202,0.193692279301673
22.3683,1.2808,2.13128,0.9126837580343375,0.07583312364457659,0.08308806087214664
22.2683,1.2808,2.13411,0.7848144767871552,0.06292475846855324,0.08017787684823592
22.1683,1.2808,2.13695,0.859908077447382,0.04850034887912834,0.05640178311046984
22.0683,1.2808,2.13978,0.7604614478209617,0.04522296622156872,0.059467795969343776
22.0683,1.3808,2.14168,0.27703965696090416,0.1011131841575104,0.3649772933835949
22.1683,1.3808,2.13885,0.7898683203474984,0.06651655016324445,0.08421220151478014
22.2683,1.3808,2.13602,0.7805731695523073,0.05329056492443723,0.06827106926439924
22.3683,1.3808,2.13319,0.8118069672060338,0.041860694763198966,0.05156483801471842
22.4683,1.3808,2.13035,1.1490289602386685,0.24538492664103045,0.21355852213686655
22.4683,1.4808,2.13226,1.1991223078868156,0.11037076683657139,0.09204296018066342
22.3683,1.4808,2.13509,0.8119678876823198,0.03905744919097195,0.048102209192604266
22.2683,1.4808,2.13792,0.804101460329463,0.06764726586031981,0.08412777391624539
22.1683,1.4808,2.14075,0.7442732582638659,0.05057411025167284,0.06795099741947586
22.0683,1.4808,2.14358,0.11031949166557724,0.09243000751540949,0.8378393166966543
22.1683,1.5808,2.14265,0.6359236299366198,0.05045274753767273,0.07933774617354787
22.2683,1.5808,2.13982,0.7369822838414669,0.04489070276408206,0.06091150865946535
22.3683,1.5808,2.13699,0.8304936282320204,0.05106581306604388,0.0614885067508035
22.4683,1.5808,2.13416,0.9091085029275938,0.05541859009828009,0.0609592693499358
22.5683,1.6808,2.13323,1.3573857309040258,0.35507653556642627,0.2615885282144107
22.4683,1.6808,2.13606,0.8506177579941913,0.08263022850032167,0.09714143365072557
22.3683,1.6808,2.13889,0.8057155532588993,0.05318227589887771,0.06600626695583811
22.2683,1.6808,2.14172,0.7600466873364886,0.04429941460664145,0.05828512293354575
22.1683,1.6808,2.14456,0.10778033296903626,0.0929273403180659,0.8621919951273725
22.1683,1.7808,2.14646,0.10485345595822584,0.08747449157632908,0.8342547298696513
22.2683,1.7808,2.14363,0.6628080784055004,0.036285202059651946,0.054744658735817284
22.3683,1.7808,2.14079,0.7728383489805613,0.040257967015156805,0.05209105768141611
22.4683,1.7808,2.13796,0.8595195910224946,0.06795100729139711,0.0790569615877653
22.5683,1.7808,2.13513,0.9113059843546816,0.08924667396738718,0.09793272018353415
22.6683,1.8808,2.1342,1.1409286223865074,0.2776980229626332,0.2433964908179494
22.5683,1.8808,2.13703,0.8480752148454762,0.05573919110426934,0.06572434865276108
22.4683,1.8808,2.13987,0.8153634250792136,0.07208779788544162,0.08841186110161638
22.3683,1.8808,2.1427,0.7758086471787087,0.05139266331934993,0.06624399393618972
22.2683,1.8808,2.14553,0.11998511785199784,0.11127166178143856,0.9273788597573629
22.2683,1.9808,2.14743,0.08776027919624649,0.05957137716200346,0.6787965775358579
22.3683,1.9808,2.1446,0.6413928688576658,0.040574376198766686,0.06325978689321961
22.4683,1.9808,2.14177,0.780742738957551,0.047097868790738615,0.06032444035742653
22.5683,1.9808,2.13894,0.8263191368351155,0.07166753700627922,0.08673106286848567
22.6683,1.9808,2.13611,1.0501982955151619,0.11932581802689866,0.1136221783414387
22.6683,2.0808,2.13801,0.879382292267953,0.040613452841955736,0.046184069430386686
22.5683,2.0808,2.14084,0.8019222415692056,0.0638354114279913,0.07960299405473259
22.4683,2.0808,2.14367,0.7282984746928493,0.048853108580040196,0.06707841671732648
22.3683,2.0808,2.1465,0.12648463807306465,0.08786388185969274,0.6946604994745498
22.2683,2.0808,2.14933,0.1301465989271378,0.07000450213452096,0.537889600739492
22.3683,2.1808,2.1484,0.12311057088177539,0.07485135077113769,0.6080010045848815
22.4683,2.1808,2.14557,0.7897987505338343,0.053359308424534055,0.06756063919886916
22.5683,2.1808,2.14274,0.7704723680831506,0.06172236529121786,0.08010977141824856
22.6683,2.1808,2.13991,0.8473477840570499,0.07586147121623073,0.08952814020827504
22.7683,2.1808,2.13708,1.3700813905935623,0.11536860862126595,0.08420566063690905
22.7683,2.2808,2.13898,0.8268106169212602,0.06455457688092239,0.0780766182240136
22.6683,2.2808,2.14181,0.7914069680138562,0.04968545103953713,0.06278116449268768
22.5683,2.2808,2.14464,0.7546305840386245,0.07175835763416658,0.09509070948348118
22.4683,2.2808,2.14748,0.17807761790240179,0.06079930335395903,0.3414202417469501
22.3683,2.2808,2.15031,0.09245875692305242,0.07474583283476754,0.8084235103547172
22.3683,2.3808,2.15221,0.09668428630841337,0.0678654684646052,0.7019286282790672
22.4683,2.3808,2.14938,0.10875199184752656,0.06519657460331128,0.5994977516799763
22.5683,2.3808,2.14655,0.768218825031499,0.03447497320950811,0.044876501442274015
22.6683,2.3808,2.14371,0.771103725017851,0.07308861397041304,0.09478441304212484
22.7683,2.3808,2.14088,0.8060656820446777,0.06602349409419728,0.08190833025755562
22.8683,2.4808,2.13995,1.2581997122615554,0.21126090156828173,0.16790728809542493
22.7683,2.4808,2.14279,0.8882136994689132,0.07454982832668632,0.08393231085183854
22.6683,2.4808,2.14562,0.7682845889232641,0.07115451873483047,0.09261479373750311
22.5683,2.4808,2.14845,0.7699607543214679,0.046164325707508516,0.059956725649206725
22.4683,2.4808,2.15128,0.10635072363648634,0.08925162320331172,0.8392197076945103
22.4683,2.5808,2.15318,0.10350135700106582,0.06420127584846944,0.6202940493602255
22.5683,2.5808,2.15035,0.5658169732821683,0.04391474966512829,0.07761299455261898
22.6683,2.5808,2.14752,0.7879572634997167,0.057975863687449905,0.07357742148343144
22.7683,2.5808,2.14469,0.8194927491700457,0.07031648184753024,0.08580488591112537
22.8683,2.5808,2.14186,1.5813869346751201,0.1919567787257582,0.1213850794620317
22.8683,2.6808,2.14376,1.2018184446770943,0.07473294844448854,0.06218322640618804
22.7683,2.6808,2.14659,0.8325843389337024,0.061803867766325495,0.07423135996706137
22.6683,2.6808,2.14942,0.7889723084510326,0.06283179124824491,0.07963751145030783
22.5683,2.6808,2.15225,0.22574427802683267,0.10596490279027809,0.46940238625974284
22.4683,2.6808,2.15508,0.0784403489990231,0.05188558827453034,0.661465545942134
22.4683,2.7808,2.15699,0.0988144411044086,0.05996404598172138,0.606834844295305
22.5683,2.7808,2.15416,0.09133978738634692,0.08025492868537878,0.8786415097061518
22.6683,2.7808,2.15132,0.7417607992422777,0.0435672032422676,0.058734841861112504
22.7683,2.7808,2.14849,0.8287219761817444,0.0676500130532252,0.08163173536789266
22.8683,2.7808,2.14566,0.8412420656484502,0.047294189369406645,0.05621947748529565
22.8683,2.8808,2.14756,0.8809654539426994,0.056055498889341596,0.06362962206800406
22.7683,2.8808,2.1504,0.7958744692205453,0.049418161107203554,0.062092909143827875
22.6683,2.8808,2.15323,0.5836680571052841,0.08980282886536095,0.15385942021692992
22.5683,2.8808,2.15606,0.09887945263637771,0.07704200986162918,0.7791508529577504
22.4683,2.8808,2.15889,0.12402254636804051,0.08433245850047992,0.679976834616997
22.5683,2.9808,2.15796,0.09504169147478264,0.06166722947046803,0.6488439811367431
22.6683,2.9808,2.15513,0.12465433758116648,0.08823217834580602,0.7078147464251309
22.7683,2.9808,2.1523,0.801726847891276,0.039073486525399145,0.04873665716468309
22.8683,2.9808,2.14947,0.8045337813149989,0.04906715781516683,0.0609883126783903
22.9683,2.9808,2.14663,1.4762451719097955,0.1288575282350955,0.08728734947759016
22.9683,3.0808,2.14854,0.9181980903585517,0.06409266152406194,0.06980265173393475
22.8683,3.0808,2.15137,0.8690955652209403,0.04867692084289267,0.05600870927297631
22.7683,3.0808,2.1542,0.7818806412598142,0.06834927184015221,0.08741650353438048
22.6683,3.0808,2.15703,0.10793887817892404,0.10360879714350137,0.9598839536923391
22.5683,3.0808,2.15986,0.09297180607949268,0.05966708332004633,0.6417761021984432
22.5683,3.1808,2.16177,0.09895793500816172,0.07759366696188108,0.7841075802105351
22.6683,3.1808,2.15893,0.0891802463536548,0.05876445303292899,0.6589402410920867
22.7683,3.1808,2.1561,0.6359005105021412,0.054663321086554265,0.08596206510887869
22.8683,3.1808,2.15327,0.8549700098618251,0.05216235079077939,0.06101073744002967
22.9683,3.1808,2.15044,0.9854508050769532,0.05393551750062743,0.05473182143924033
23.0683,3.2808,2.14951,0.8652908528306682,0.1309198871879553,0.15130159617390002
22.9683,3.2808,2.15234,0.8341647180781184,0.07361684352746062,0.08825216642711865
22.8683,3.2808,2.15517,0.8473963187338986,0.06137986630954045,0.07243348236542799
22.7683,3.2808,2.158,0.1417135971029059,0.10106671381081987,0.7131758411116321
22.6683,3.2808,2.16084,0.11649581739012693,0.0932215176462912,0.800213430273693
22.5683,3.2808,2.16367,0.13196689617404894,0.06499332888932668,0.49249721538959335
22.6683,3.3808,2.16274,0.12270445294362646,0.07608743633269259,0.6200870017948663
22.7683,3.3808,2.15991,0.08473086567874563,0.060967515806485184,0.7195431714062921
22.8683,3.3808,2.15708,0.8624625760576172,0.08197296334075344,0.09504524093724524
22.9683,3.3808,2.15424,0.8679514776213232,0.07574303187904992,0.0872664357766042
23.0683,3.3808,2.15141,0.774576559903595,0.057158535836756834,0.0737932682133718
23.0683,3.4808,2.15332,0.8401821228594398,0.07390899377029565,0.08796782478393726
22.9683,3.4808,2.15615,0.8297037143332435,0.04664117696142822,0.056214255951486776
22.8683,3.4808,2.15898,0.7716310024445452,0.07113702604115953,0.09219047163190146
22.7683,3.4808,2.16181,0.10321181949917244,0.09603875028616761,0.9305014750460596
22.6683,3.4808,2.16464,0.12055328896805897,0.06843246279931911,0.5676532211199193
22.6683,3.5808,2.16654,0.11001436821579522,0.08483151200954807,0.7710948432040212
22.7683,3.5808,2.16371,0.09405438634895882,0.06180945595830723,0.6571671812198417
22.8683,3.5808,2.16088,0.15413522247493555,0.08273910708525531,0.5367955860881168
22.9683,3.5808,2.15805,0.8094852797133024,0.0711758974533608,0.08792735240172539
23.0683,3.5808,2.15522,0.8027119238100784,0.06018607715354407,0.07497842671611303
23.1683,3.5808,2.15239,1.0246754970322633,0.10176016769899605,0.09930965265952094
23.1683,3.6808,2.15429,0.8736656454221372,0.06001945380729633,0.06869842498876806
23.0683,3.6808,2.15712,0.7676008651726635,0.05853486893485203,0.07625690849330302
22.9683,3.6808,2.15995,0.8129778591708158,0.05360008658846006,0.06593056131089306
22.8683,3.6808,2.16278,0.11345943939370795,0.09515422708446492,0.8386629406327017
22.7683,3.6808,2.16561,0.1056201585273957,0.08590423858464559,0.8133318467076888
22.7683,3.7808,2.16752,0.10662811388761614,0.06803844724468507,0.6380910696441296
22.8683,3.7808,2.16469,0.11125980703827365,0.08851490731568872,0.7955694843623031
22.9683,3.7808,2.16185,0.7579187014127473,0.06342409313277791,0.08368192131234722
23.0683,3.7808,2.15902,0.7793567322614378,0.055286592061042285,0.07093874957699886
23.1683,3.7808,2.15619,0.8600678798884587,0.07196093395395368,0.0836689006026899
23.1683,3.8808,2.15809,0.8147600775352215,0.027506642765983868,0.033760420428546066
23.0683,3.8808,2.16092,0.8037710927311741,0.06307303694594431,0.07847139255982108
22.9683,3.8808,2.16376,0.15673487273059875,0.09229038044002646,0.588831182443095
22.8683,3.8808,2.16659,0.10605894171515799,0.09231725463562901,0.8704334886120685
22.7683,3.8808,2.16942,0.10130138055673907,0.07703354638539164,0.7604392552404065
22.7683,3.9808,2.17132,0.1449868359818592,0.06552523107936305,0.4519391752749303
22.8683,3.9808,2.16849,0.09372479688468238,0.055574534138751026,0.5929544366698294
22.9683,3.9808,2.16566,0.11569831844557414,0.07177892515594594,0.6203973067224101
23.0683,3.9808,2.16283,0.8154255632161946,0.03721231403527946,0.04563545185964856
23.1683,3.9808,2.16,0.8325051292282047,0.054708133779116166,0.0657150711249488
23.2683,3.9808,2.15716,0.8065893359368597,0.05970996273888478,0.07402771159815943
23.2683,4.0808,2.15907,0.7873152101349981,0.04740247893102431,0.06020775201700521
23.1683,4.0808,2.1619,0.8765824057203139,0.06932174084079659,0.07908183005776034
23.0683,4.0808,2.16473,0.7239685367239017,0.04859999463290748,0.06712998171554788
22.9683,4.0808,2.16756,0.10855911317708011,0.08237139591016573,0.758769977936377
22.8683,4.0808,2.17039,0.11174373977173575,0.07121867503663964,0.6373392834544594
22.8683,4.1808,2.17229,0.14651154721266466,0.10654256619735554,0.727195693611144
22.9683,4.1808,2.16946,0.12866673212727517,0.07552296006383824,0.5869657122334628
23.0683,4.1808,2.16663,0.17175793345146756,0.10638941247722276,0.6194148377273325
23.1683,4.1808,2.1638,0.8203304927191436,0.0820089636628033,0.09997063913956042
23.2683,4.1808,2.16097,0.8405614959731299,0.08116124241728127,0.09655598407267009
23.2683,4.2808,2.16287,0.7457778784988228,0.04260878878107335,0.0571333503037669
23.1683,4.2808,2.1657,0.7959249545506489,0.054186044384438505,0.06807933847862582
23.0683,4.2808,2.16853,0.15573768639964478,0.11285926376999278,0.7246753587977418
22.9683,4.2808,2.17137,0.13726745739080098,0.10883081696336734,0.7928377128274882
22.8683,4.2808,2.1742,0.14851742030573936,0.09407617556252021,0.6334352924313802
22.9683,4.3808,2.17327,0.11358117156030167,0.06532455476051346,0.5751354195693591
23.0683,4.3808,2.17044,0.14252428210328755,0.10122309459479457,0.7102164845246374
23.1683,4.3808,2.16761,0.3732399803673442,0.07392397896607694,0.19806018340618464
23.2683,4.3808,2.16477,0.8788970643770322,0.06615309638984761,0.0752683096475437
23.3683,4.3808,2.16194,0.728568557260286,0.06674759494021908,0.09161470705134074
23.3683,4.4808,2.16384,0.7172340990484557,0.10073528323299409,0.14044965704591872
23.2683,4.4808,2.16668,0.7708580714707486,0.03271584097761503,0.042440810038085565
23.1683,4.4808,2.16951,0.16380854734686112,0.09609576060630944,0.5866345936322157
23.0683,4.4808,2.17234,0.12816161763702366,0.08773094856019567,0.6845337174868158
22.9683,4.4808,2.17517,0.11286797068416399,0.059331517436937986,0.5256718719871742
22.9683,4.5808,2.17707,0.10942753276333357,0.06123838766300036,0.5596250424054139
23.0683,4.5808,2.17424,0.13881076924959326,0.0864470919899513,0.6227693460477283
23.1683,4.5808,2.17141,0.12811340308035793,0.08114383837379388,0.6333750913079498
23.2683,4.5808,2.16858,0.8531846370452169,0.07492393854544865,0.08781679286318168
23.3683,4.5808,2.16575,0.685340915776633,0.0689346885838841,0.10058452223849329
23.3683,4.6808,2.16765,0.7437939753219028,0.06131329227998835,0.08243316605710994
23.2683,4.6808,2.17048,0.8541418692799331,0.07338079713478482,0.08591172002450484
23.1683,4.6808,2.17331,0.1445105159549615,0.08084571621710843,0.5594452118785943
23.0683,4.6808,2.17614,0.12033561895331561,0.07819623769435256,0.6498178874593142
22.9683,4.6808,2.17898,0.13866831763432927,0.07601699186721336,0.5481929337865876
22.9683,4.7808,2.18088,0.12973887007012957,0.07230512989413987,0.5573127764644147
23.0683,4.7808,2.17805,0.0987514050298413,0.05950927685435587,0.6026170142730931
23.1683,4.7808,2.17521,0.117184886228115,0.09552296853176515,0.8151475126734157
23.2683,4.7808,2.17238,0.7977038415881976,0.07625363026887193,0.09559140409434896
23.3683,4.7808,2.16955,0.7807500409623352,0.03597392671178672,0.04607611248722582
23.3683,4.8808,2.17145,0.8569205609807872,0.05290488965049902,0.06173838283206416
23.2683,4.8808,2.17429,0.7667587218904279,0.03874320498440819,0.050528548131656865
23.1683,4.8808,2.17712,0.1079930714714629,0.07882060228963854,0.7298672147728184
23.0683,4.8808,2.17995,0.11270597580303247,0.06985292725676856,0.6197801559239869
23.0683,4.9808,2.18185,0.0972566651805444,0.05843466853353966,0.6008294488101485
23.1683,4.9808,2.17902,0.12195595719806804,0.07497640015893779,0.6147825975993039
23.2683,4.9808,2.17619,0.7683254755143174,0.06364701546663958,0.08283861136328226
23.3683,4.9808,2.17336,0.7126520247268995,0.05942468065329164,0.08338526881483876
23.3683,5.0808,2.17526,0.7746798958497523,0.04146771333553727,0.0535288363073512
23.2683,5.0808,2.17809,0.6046832759630487,0.09613563649720279,0.15898510893011286
23.1683,5.0808,2.18092,0.10366728626699062,0.06880099164381431,0.6636711938867612
23.0683,5.0808,2.18375,0.11797993937667009,0.06472004038053819,0.5485681779671794
23.0683,5.1808,2.18566,0.12533691991279236,0.07255188650856419,0.5788548702093904
23.1683,5.1808,2.18282,0.12096260631565803,0.06655963438821509,0.5502496714937207
23.2683,5.1808,2.17999,0.26355237833819156,0.14203179515129222,0.5389129707227928
23.3683,5.1808,2.17716,0.8703832994466845,0.040915784719426466,0.04700892669406368
23.4683,5.1808,2.17433,1.2771777668009496,0.33726708740569966,0.2640721567291919
23.4683,5.2808,2.17623,1.03014716432818,0.2209513471957887,0.21448522584623542
23.3683,5.2808,2.17906,0.8017743488501878,0.05724894541801335,0.07140281489438166
23.2683,5.2808,2.1819,0.163298916103371,0.11601703501613307,0.710458083767637
23.1683,5.2808,2.18473,0.1021083762638689,0.06758154266738896,0.6618609083817418
23.0683,5.2808,2.18756,0.11130830178611421,0.0699864491870008,0.6287621683554573
23.0683,5.3808,2.18946,0.15124546877123662,0.04870419001348045,0.3220208209156138
23.1683,5.3808,2.18663,0.1233056487922322,0.05232141414661675,0.42432292972057906
23.2683,5.3808,2.1838,0.131873910229662,0.0691918628041745,0.5246819684323836
23.3683,5.3808,2.18097,0.28613148954850887,0.04408164911966867,0.15406081025624185
23.4683,5.3808,2.17813,0.9600929744862545,0.10215262779253255,0.10639868273923615
23.5683,5.4808,2.17721,0.8384167492085247,0.057444413494259626,0.06851534579728737
23.4683,5.4808,2.18004,0.6255596533264695,0.03309158976392459,0.05289917530319786
23.3683,5.4808,2.18287,0.1304041030072804,0.09456650240652859,0.7251804216716171
23.2683,5.4808,2.1857,0.12827469607440617,0.06822564666996372,0.53187143495853
23.1683,5.4808,2.18853,0.10659511010413383,0.03952783939698167,0.37082225777867794
23.0683,5.4808,2.19136,0.1128706369897949,0.06005376725806401,0.5320583710668145
23.1683,5.5808,2.19043,0.09683169830068969,0.045128324838666,0.4660490896124722
23.2683,5.5808,2.1876,0.10053282352859752,0.057698648182119686,0.5739284559704697
23.3683,5.5808,2.18477,0.12906044160723304,0.06789851078847269,0.5260985468739275
23.4683,5.5808,2.18194,0.11691412696205832,0.09550320142109435,0.8168662239772584
23.5683,5.5808,2.17911,0.8237498386339489,0.0414156126794896,0.050276929641856385
23.5683,5.6808,2.18101,0.7612633372748221,0.06883226747802296,0.09041847164797057
23.4683,5.6808,2.18384,0.1329300097028399,0.0787893350156745,0.5927129260864806
23.3683,5.6808,2.18667,0.15657144996514655,0.08648699718001769,0.5523803809651763
23.2683,5.6808,2.1895,0.09633720920259121,0.05414437601176977,0.5620297334740877
23.1683,5.6808,2.19234,0.08811325986412738,0.03591169607025102,0.4075629039900199
23.1683,5.7808,2.19424,0.14228895715248197,0.08553493589432881,0.6011354472340851
23.2683,5.7808,2.19141,0.10811797593105876,0.03725014318139423,0.3445323764213522
23.3683,5.7808,2.18858,0.2525019892489823,0.07969351354216325,0.3156153889289981
23.4683,5.7808,2.18574,0.1066095819327378,0.051225893565945584,0.4804999010151364
23.5683,5.7808,2.18291,0.23580320677646957,0.06430556053445448,0.2727085921075414
23.6683,5.8808,2.18198,0.8633265930981604,0.060912745267183314,0.07055585424351399
23.5683,5.8808,2.18482,0.11498947464132743,0.05767275302291844,0.5015481043183299
23.4683,5.8808,2.18765,0.11619503371873922,0.055868583472388766,0.48081730934924305
23.3683,5.8808,2.19048,0.2722903653524864,0.06547868498835391,0.2404737490567842
23.2683,5.8808,2.19331,0.14449135287270803,0.037113408605650454,0.2568555686397795
23.1683,5.8808,2.19614,0.17241702991968386,0.0881021688475987,0.5109829863595196
23.1683,5.9808,2.19804,0.156806906644582,0.0792899201919202,0.5056532386780543
23.2683,5.9808,2.19521,0.09055444577869486,0.05896644461051385,0.6511711722538878
23.3683,5.9808,2.19238,0.10761774336478105,0.05189918909831223,0.4822549467739234
23.4683,5.9808,2.18955,0.10863126635982652,0.07535004597449131,0.6936312951089457
23.5683,5.9808,2.18672,0.10091366902542417,0.05778823238035565,0.5726501963356073
23.6683,5.9808,2.18389,0.8491483620285638,0.0638560802921333,0.07520014540166456
23.6683,6.0808,2.18579,0.8015574357107962,0.0794356756976671,0.09910166403387677
23.5683,6.0808,2.18862,0.1288147999340931,0.06950068063376119,0.5395395612097412
23.4683,6.0808,2.19145,0.12829284253608192,0.043379314540443026,0.3381273162471456
23.3683,6.0808,2.19428,0.10933721354133799,0.05526905910998355,0.505491747227375
23.2683,6.0808,2.19711,0.12474446431059807,0.049605244177245295,0.3976548735159458
23.1683,6.0808,2.19995,0.32863495087161626,0.30784074537617817,0.9367255203979765
23.2683,6.1808,2.19902,0.11790185205693593,0.06284692778611099,0.5330444491725339
23.3683,6.1808,2.19619,0.10102693717754341,0.047176334394281934,0.46696787720461985
23.4683,6.1808,2.19335,0.08892312153697877,0.03920306210594694,0.44086466408676744
23.5683,6.1808,2.19052,0.12209372843448354,0.048384758115360714,0.3962919204431074
23.6683,6.1808,2.18769,0.8890538963515746,0.05926200766109881,0.0666573847820625
23.6683,6.2808,2.18959,0.8212934001943528,0.05332903928413145,0.06493299382597198
23.5683,6.2808,2.19242,0.1125679594213064,0.0566195183996336,0.5029807654922888
23.4683,6.2808,2.19526,0.10957396125581369,0.05245085056738595,0.4786798794736743
23.3683,6.2808,2.19809,0.09504631923554988,0.04565232167013033,0.48031656604178247
23.2683,6.2808,2.20092,0.11639465716240929,0.039070685558872435,0.3356742183136106
23.2683,6.3808,2.20282,0.1515322157099231,0.056688856539793234,0.37410432015534084
23.3683,6.3808,2.19999,0.09269343491573756,0.04020928275721658,0.43378781672907685
23.4683,6.3808,2.19716,0.09605236925376855,0.05412453212314868,0.56348981856088
23.5683,6.3808,2.19433,0.1190331695621412,0.054257159622419546,0.4558154657395275
23.6683,6.3808,2.1915,0.5300025698111133,0.123432623759933,0.23289061372650127
23.7683,6.4808,2.19057,1.0081539446322212,0.0689330684015416,0.0683755380500829
23.6683,6.4808,2.1934,0.490690239204074,0.057184748315384296,0.1165394045908495
23.5683,6.4808,2.19623,0.10805677295997425,0.05717573667152474,0.5291268201457714
23.4683,6.4808,2.19906,0.10196523278600526,0.04257516974506571,0.41754594759194386
23.3683,6.4808,2.20189,0.09401147531538206,0.026915638049146914,0.28630162391189495
23.2683,6.4808,2.20472,0.13760205750863339,0.060727809920527974,0.441329228792366
23.2683,6.5808,2.20663,0.22718313020730863,0.11724058166044897,0.5160620049273239
23.3683,6.5808,2.20379,0.11135583429387394,0.0418605119618564,0.3759166479897613
23.4683,6.5808,2.20096,0.09749010667681857,0.0406062019654809,0.4165161301965868
23.5683,6.5808,2.19813,0.10852136881883612,0.049233304232795434,0.45367382266422335
23.6683,6.5808,2.1953,0.32140109783646986,0.1088217523409362,0.3385855028917952
23.7683,6.5808,2.19247,1.0076870395714956,0.0780172558751661,0.07742210905911999
23.7683,6.6808,2.19437,1.0156888518013782,0.09826076199328847,0.09674297578339841
23.6683,6.6808,2.1972,0.11654241536246282,0.06101767653079223,0.5235662598979001
23.5683,6.6808,2.20003,0.12287730547560201,0.057393772436912294,0.4670819580130536
23.4683,6.6808,2.20287,0.0833028371891287,0.048898517487973935,0.5869970236062422
23.3683,6.6808,2.2057,0.10327798494367553,0.03930186142024021,0.38054442523906884
23.2683,6.6808,2.20853,0.24980776592471915,0.08989872438437982,0.3598716158867185
23.3683,6.7808,2.2076,0.10189551053189647,0.050650196728569186,0.49707976793260283
23.4683,6.7808,2.20477,0.09411200929814077,0.05337878683902609,0.5671835851461373
23.5683,6.7808,2.20194,0.1034865717732808,0.05321029445189084,0.5141758349910787
23.6683,6.7808,2.19911,0.11913077548699946,0.06180995813574652,0.5188412304299298
23.7683,6.7808,2.19627,0.8793148146876607,0.05663024457900196,0.06440269586395796
23.7683,6.8808,2.19818,0.9106410388079469,0.03234222240826648,0.03551588499745553
23.6683,6.8808,2.20101,0.12203493255841173,0.08962701913404225,0.734437404561538
23.5683,6.8808,2.20384,0.11330007494008895,0.055000810804701906,0.4854437283804565
23.4683,6.8808,2.20667,0.08413451643002601,0.0390878172335022,0.46458717411196176
23.3683,6.8808,2.2095,0.10206481943994399,0.045050640313258436,0.4413924460990862
23.3683,6.9808,2.2114,0.11699325367845244,0.06093362648789497,0.5208302579169793
23.4683,6.9808,2.20857,0.09987332455242184,0.04446773293637356,0.44524134082502864
23.5683,6.9808,2.20574,0.1325188538420783,0.09923521950070044,0.7488384982483949
23.6683,6.9808,2.20291,0.12463217277271359,0.07829721889991305,0.6282263813429648
23.7683,6.9808,2.20008,0.8319536030136797,0.07117770498934284,0.08555489721002203
23.7683,7.0808,2.20198,0.743866828798179,0.10635121177401297,0.14297076796103173
23.6683,7.0808,2.20481,0.13992270330364331,0.06351698816177596,0.45394340347998485
23.5683,7.0808,2.20764,0.13901271177464064,0.05042644160517302,0.3627469816351863
23.4683,7.0808,2.21048,0.12380999934560347,0.055832639873708366,0.4509542053857623
23.3683,7.0808,2.21331,0.11516762754956127,0.06464907924774788,0.5613476688136757
23.2683,7.1808,2.21804,0.3961411116506433,0.20263454536574763,0.5115211206466522
23.3683,7.1808,2.21521,0.11601525265373842,0.06533738630734832,0.5631792786967044
23.4683,7.1808,2.21238,0.10957100039148024,0.06312023360353652,0.5760669645984584
23.5683,7.1808,2.20955,0.14087822598437588,0.05796694723938522,0.4114684638761284
23.6683,7.1808,2.20671,0.1486433594837556,0.09632873672131458,0.648052742186857
23.7683,7.1808,2.20388,0.3878244788312009,0.0675968566678966,0.17429755045791698
23.7683,7.2808,2.20579,0.2734871004610964,0.07774153862406984,0.28426034900000186
23.6683,7.2808,2.20862,0.12942296024641092,0.042808616981858984,0.33076524366584426
23.5683,7.2808,2.21145,0.10210220604243463,0.054955606061205496,0.5382411231973326
23.4683,7.2808,2.21428,0.09290755411472587,0.04519641654986111,0.4864665417200717
23.3683,7.2808,2.21711,0.11703389113076905,0.06083001793896867,0.5197641243167725
23.2683,7.2808,2.21994,0.32128690821048567,0.2116072576192105,0.658623965719075
23.2683,7.3808,2.22185,0.3114792212051932,0.1731635989784177,0.5559394887029806
23.3683,7.3808,2.21901,0.12388783120761104,0.06510522957283928,0.525517550337418
23.4683,7.3808,2.21618,0.11364742299243591,0.04963373136475713,0.4367343320055803
23.5683,7.3808,2.21335,0.10554932413011642,0.06147508131963825,0.5824298907291396
23.6683,7.3808,2.21052,0.11554077819497535,0.04343511689536754,0.3759288934515455
23.7683,7.3808,2.20769,0.13443436023851404,0.06984280402251951,0.519530898935392
23.7683,7.4808,2.20959,0.16098452765085788,0.1090917881317555,0.6776538697455013
23.6683,7.4808,2.21242,0.12519678026853803,0.044405422051461606,0.3546850163096462
23.5683,7.4808,2.21525,0.10265731150664603,0.04874470589902559,0.47482936367245365
23.4683,7.4808,2.21808,0.11566923451055089,0.046774313427838846,0.4043798995105503
23.3683,7.4808,2.22092,0.10809886142193995,0.043807044735088174,0.4052498255656652
23.2683,7.4808,2.22375,0.25643099457833624,0.08610653440671072,0.33578832601067
23.2683,7.5808,2.22565,0.2175388184742894,0.09164988031546013,0.42130356760346244
23.3683,7.5808,2.22282,0.12400903751684847,0.04691586120327516,0.37832614576095663
23.4683,7.5808,2.21999,0.1023202356820477,0.05879369135904019,0.5746047296229563
23.5683,7.5808,2.21716,0.1335044882312018,0.07481075471154641,0.5603613459196207
23.6683,7.5808,2.21432,0.11826831360152086,0.05514579068799859,0.466276968096461
23.7683,7.5808,2.21149,0.12114366469960691,0.056367180057147796,0.4652920166887662
23.7683,7.6808,2.2134,0.14532900472965132,0.07434520710567953,0.5115648266082906
23.6683,7.6808,2.21623,0.12931235495247378,0.045740985397501266,0.3537247884342719
23.5683,7.6808,2.21906,0.1624992606792091,0.02908087201240272,0.17896002659243765
23.4683,7.6808,2.22189,0.09771688092207267,0.043128912270984296,0.4413660348551114
23.3683,7.6808,2.22472,0.1173385390819752,0.05357613482756395,0.45659452765245806
23.2683,7.6808,2.22755,0.20591939568063333,0.06652222246281644,0.3230498139475302
23.2683,7.7808,2.22945,0.18032554840713075,0.07445565590635364,0.412895768592097
23.3683,7.7808,2.22662,0.11239002841048022,0.056568076505123695,0.5033193540846974
23.4683,7.7808,2.22379,0.12881755331622977,0.035280754052830515,0.27388157238339256
23.5683,7.7808,2.22096,0.09389737196397305,0.038507277514510774,0.410099630150303
23.6683,7.7808,2.21813,0.11130464043688926,0.03506366722675419,0.3150243070650375
23.7683,7.7808,2.2153,0.1396258106042051,0.05676277758113994,0.40653499045419633
23.7683,7.8808,2.2172,0.13460021290282756,0.04709489547303865,0.34988722868542593
23.6683,7.8808,2.22003,0.12225783990221147,0.05103555526905475,0.4174419841694879
23.5683,7.8808,2.22286,0.09341266945568796,0.04635112580681859,0.4961974224364299
23.4683,7.8808,2.22569,0.11418653584017409,0.058370200780491974,0.5111828671481219
23.3683,7.8808,2.22853,0.09509307477081638,0.04722292357366941,0.49659687298450783
23.2683,7.8808,2.23136,0.1072466954984935,0.05024256738530406,0.4684766010903322
23.1683,7.9808,2.23609,0.17641952303174446,0.08982655756262495,0.5091644961904913
23.2683,7.9808,2.23326,0.0981093245289406,0.05071102298635109,0.5168828062962781
23.3683,7.9808,2.23043,0.10978452452402739,0.03058543839987786,0.27859517115441845
23.4683,7.9808,2.2276,0.09178992308534319,0.03534246827772044,0.3850364733921849
23.5683,7.9808,2.22477,0.10512543733626725,0.038310867589256774,0.3644300424331257
23.6683,7.9808,2.22193,0.1279337233885988,0.04435886438113596,0.34673316156363143
23.7683,7.9808,2.2191,0.18288973175082138,0.12900291196048627,0.7053589653477466
23.7683,8.0808,2.221,0.21577178315646922,0.07659226947595123,0.354968885901126
23.6683,8.0808,2.22384,0.13088392144939484,0.07650564860407523,0.584530534819401
23.5683,8.0808,2.22667,0.10196409907887057,0.044612907969145,0.4375354499492643
23.4683,8.0808,2.2295,0.08864104249056134,0.047966490669232795,0.5411318427842311
23.3683,8.0808,2.23233,0.07989542195630693,0.04447942094967807,0.5567205211583074
23.2683,8.0808,2.23516,0.1063388859326797,0.03843133957269763,0.36140438406536884
23.1683,8.0808,2.23799,0.19086788936147772,0.0622053794792314,0.32590803873470253
23.1683,8.1808,2.2399,0.12114369110119345,0.07742348501536359,0.6391045568414321
23.2683,8.1808,2.23706,0.11988152778933991,0.05153095487738765,0.4298490003225491
23.3683,8.1808,2.23423,0.11873863802905901,0.046694261506252194,0.393252460036005
23.4683,8.1808,2.2314,0.08090288955797986,0.028817191751958484,0.3561948393858832
23.5683,8.1808,2.22857,0.10830266954245857,0.04963726036957418,0.45831982331806304
23.6683,8.1808,2.22574,0.12102560841037632,0.0715970311821918,0.5915857984321714
23.6683,8.2808,2.22764,0.12784260025664962,0.05874688437972146,0.4595251055734514
23.5683,8.2808,2.23047,0.14957067169743216,0.031036486562340523,0.20750382551684002
23.4683,8.2808,2.2333,0.09884369917083598,0.03844691358943051,0.3889667617860092
23.3683,8.2808,2.23614,0.0881509041543935,0.03589865302547867,0.4072408941217815
23.2683,8.2808,2.23897,0.07648878020410792,0.03321197635898766,0.43420716437577567
23.1683,8.2808,2.2418,0.10202524530804882,0.05749924817007085,0.5635786319009684
23.0683,8.2808,2.24463,0.15314899469244736,0.06535565794787919,0.42674558902019516
23.0683,8.3808,2.24653,0.16886916736170818,0.045593434685627245,0.26999265406436623
23.1683,8.3808,2.2437,0.10708628914856957,0.04729815597607027,0.44168265005849316
23.2683,8.3808,2.24087,0.09923960658694819,0.03383420144431725,0.34093445760159896
23.3683,8.3808,2.23804,0.07819857220174926,0.034569690393461895,0.44207572363691555
23.4683,8.3808,2.23521,0.1105051232929958,0.04179698817134014,0.3782357498531416
23.5683,8.3808,2.23237,0.09549075847985337,0.049332544858189054,0.5166211436952532
23.6683,8.3808,2.22954,0.14650358230144295,0.07225680717381686,0.4932084665693883
23.6683,8.4808,2.23145,0.17872324264444545,0.0844228787057704,0.4723665341822522
23.5683,8.4808,2.23428,0.10600607045297916,0.039119012804909835,0.3690261570658046
23.4683,8.4808,2.23711,0.1039177290520941,0.040667143613621906,0.3913398029823709
23.3683,8.4808,2.23994,0.09216729310486,0.0392574571674695,0.4259369657607905
23.2683,8.4808,2.24277,0.08153460068157704,0.03880344562991747,0.4759138489125539
23.1683,8.4808,2.2456,0.09903882077098163,0.040309783703605294,0.4070099319621146
23.0683,8.4808,2.24843,0.1107585665567559,0.0711939059369528,0.6427846454700277
22.9683,8.4808,2.25127,0.15103549324373453,0.06438664853433453,0.42630144181030444
22.8683,8.5808,2.256,0.6686349044129274,0.3533473164347499,0.5284607699997277
22.9683,8.5808,2.25317,0.22293888796716171,0.08866601870367946,0.39771445669335054
23.0683,8.5808,2.25034,0.13873690031375507,0.10540939743032068,0.759779101248018
23.1683,8.5808,2.24751,0.08742564846681797,0.05447514603681835,0.6231025676348761
23.2683,8.5808,2.24467,0.08485446366877683,0.02962906223337008,0.3491750575317399
23.3683,8.5808,2.24184,0.09137405195127192,0.039300608585234986,0.4301068820521746
23.4683,8.5808,2.23901,0.11349581606576249,0.03338869485785161,0.2941843674528523
23.5683,8.5808,2.23618,0.15895473645276487,0.0695937040436274,0.43782088912026806
23.5683,8.6808,2.23808,0.521283354423616,0.11165685016777382,0.21419607823701378
23.4683,8.6808,2.24091,0.123025851508585,0.044056706107104084,0.3581093369146867
23.3683,8.6808,2.24374,0.11204425445890331,0.053993034492425644,0.48189025624896936
23.2683,8.6808,2.24658,0.09575148133614197,0.048767373165334416,0.5093119446803469
23.1683,8.6808,2.24941,0.11261829011783164,0.059229434064306294,0.5259308590312906
23.0683,8.6808,2.25224,0.1045834052409877,0.06251932640436995,0.5977939450365856
22.9683,8.6808,2.25507,0.10411261109566423,0.03951114151990758,0.3795038958690858
22.8683,8.6808,2.2579,0.14652916619892284,0.05372358885880254,0.36664092379990265
22.7683,8.7808,2.26264,0.4083798528615768,0.22628699806640432,0.5541091130739642
22.8683,8.7808,2.2598,0.16033431609629756,0.04060056446851405,0.253224421677323
22.9683,8.7808,2.25697,0.10704610806129913,0.04316603549740581,0.40324712667448975
23.0683,8.7808,2.25414,0.10431917635984808,0.0707642619972342,0.6783437567905397
23.1683,8.7808,2.25131,0.0874789396515689,0.03711812654060228,0.42430928733755613
23.2683,8.7808,2.24848,0.1032071320622179,0.04432418849973071,0.42946827040024804
23.3683,8.7808,2.24565,0.14461762961491811,0.0677845215141324,0.468715478843252
23.4683,8.7808,2.24282,0.6812844865725147,0.040479071173340285,0.059415812294489646
23.4683,8.8808,2.24472,0.8153180293791363,0.05136812066248569,0.06300378356848363
23.3683,8.8808,2.24755,0.43669506452971135,0.04330590002278917,0.099167367667474
23.2683,8.8808,2.25038,0.1371701390959895,0.08287682166696128,0.6041899659295774
23.1683,8.8808,2.25321,0.10458669881798754,0.03734183881159536,0.3570419492499849
23.0683,8.8808,2.25604,0.10207115257027229,0.05886653101046045,0.5767205476584873
22.9683,8.8808,2.25888,0.0984411500289168,0.029937011387268012,0.304110744119447
22.8683,8.8808,2.26171,0.09606122916269885,0.04079168382998401,0.42464253461607443
22.7683,8.8808,2.26454,0.2103066688994879,0.14995877555834236,0.7130481232148294
22.6683,8.9808,2.26927,0.4644346862706346,0.34534945663294925,0.7435910082558042
22.7683,8.9808,2.26644,0.18896989854560053,0.055022393854524135,0.29117015079122044
22.8683,8.9808,2.26361,0.10639179713971,0.05875950020812632,0.5522935206270215
22.9683,8.9808,2.26078,0.10343351430893266,0.050657882980716114,0.48976275551667325
23.0683,8.9808,2.25795,0.1215332820973507,0.05684265876158519,0.46771269384507386
23.1683,8.9808,2.25511,0.1190292857852874,0.05189125525236515,0.43595368072669016
23.2683,8.9808,2.25228,0.39234869322102145,0.0676613674282218,0.17245212892835146
23.3683,8.9808,2.24945,0.7617679876650627,0.03611390063993901,0.04740800509435127
23.3683,9.0808,2.25135,1.0447938967461001,0.19994727935851156,0.19137485391255268
23.2683,9.0808,2.25419,0.9220233780343305,0.08686124233764027,0.09420720169028739
23.1683,9.0808,2.25702,0.19077490159804247,0.08556399429369724,0.44850760543951557
23.0683,9.0808,2.25985,0.12399237150131844,0.0670202173558612,0.5405188766403146
22.9683,9.0808,2.26268,0.10698994867894099,0.0626263598346431,0.5853480687477883
22.8683,9.0808,2.26551,0.09656087720249096,0.06343884224822688,0.6569828701451602
22.7683,9.0808,2.26834,0.14858203754103624,0.10961412698636219,0.7377347141042424
22.6683,9.0808,2.27117,0.17784522159926114,0.11119039806108769,0.6252088026949251
22.5683,9.1808,2.27591,0.13704600742753795,0.07151608780195301,0.5218399947898271
22.6683,9.1808,2.27308,0.09769545364217831,0.03631809479549805,0.37174805419828
22.7683,9.1808,2.27025,0.10081677731774849,0.040158910411078746,0.3983355893683074
22.8683,9.1808,2.26741,0.07681048797369493,0.029902278148830452,0.3892994164946719
22.9683,9.1808,2.26458,0.11408378657364975,0.05534572987683458,0.4851323009085494
23.0683,9.1808,2.26175,0.12020792109248317,0.05218312080477782,0.43410717305917146
23.1683,9.1808,2.25892,0.7324476771537454,0.05471598144687399,0.0747029216605581
23.2683,9.1808,2.25609,1.1229092128400573,0.10556539849764586,0.0940106264073213
23.1683,9.2808,2.26082,0.9126765637932216,0.05625283968993633,0.06163502156354386
23.0683,9.2808,2.26365,0.20398488231331044,0.07088134056696792,0.34748330250325987
22.9683,9.2808,2.26648,0.1283837908190289,0.06549930414420295,0.5101835965922789
22.8683,9.2808,2.26932,0.10364274439404657,0.0464204827228598,0.44788936258162493
22.7683,9.2808,2.27215,0.08694419854698966,0.04210976180239345,0.48433089850882816
22.6683,9.2808,2.27498,0.09672551039502947,0.029305167340527963,0.3029724756255605
22.5683,9.2808,2.27781,0.1043970073795718,0.02472772608907066,0.236862403528143
22.4683,9.2808,2.28064,0.41287730072220147,0.40902727358061336,0.9906751300329331
22.3683,9.3808,2.28538,0.40331232662967337,0.3238211317945622,0.8029041276784455
22.4683,9.3808,2.28254,0.1699277756762257,0.08774267824532705,0.5163527733836099
22.5683,9.3808,2.27971,0.09329055556723473,0.030909200731696455,0.33132186365231925
22.6683,9.3808,2.27688,0.09444486243518109,0.03806537414111619,0.4030433541818224
22.7683,9.3808,2.27405,0.10099207506825954,0.04618721752214165,0.4573350680330528
22.8683,9.3808,2.27122,0.10984815279002318,0.04408379769191922,0.4013157852202233
22.9683,9.3808,2.26839,0.15885516716923548,0.064340895636108,0.405028660903191
23.0683,9.3808,2.26556,0.7794778469565626,0.046228177495102114,0.05930659565964321
23.1683,9.3808,2.26272,1.0852755937329288,0.10073668969208928,0.09282129836311345
23.0683,9.4808,2.26746,0.8009975617558271,0.04874339937050631,0.06085336797237974
22.9683,9.4808,2.27029,0.6544830911170283,0.051821402247008846,0.07917913075273422
22.8683,9.4808,2.27312,0.1279094835688873,0.07527282512741519,0.5884850992059244
22.7683,9.4808,2.27595,0.11745112735007808,0.06285081478893577,0.5351231291429063
22.6683,9.4808,2.27878,0.09651596082227501,0.04109449988132123,0.42577931702915806
22.5683,9.4808,2.28162,0.1128193159131569,0.042900428184749165,0.38025782941080705
22.4683,9.4808,2.28445,0.1167089518063446,0.04489335447908628,0.38466076324271953
22.3683,9.4808,2.28728,0.19419057534693623,0.0591946911953557,0.30482782745558007
22.2683,9.5808,2.29201,0.18936612231558667,0.062036541222364794,0.3276010537881653
22.3683,9.5808,2.28918,0.13226900869088853,0.07728159024673427,0.5842758709059401
22.4683,9.5808,2.28635,0.10152661755828732,0.05307424287784799,0.522761854519359
22.5683,9.5808,2.28352,0.10963576458839971,0.054860500042768434,0.500388721223668
22.6683,9.5808,2.28069,0.10020694473029987,0.051901227303596593,0.5179404226252501
22.7683,9.5808,2.27785,0.14539146355458327,0.034750187033775956,0.23901119215799038
22.8683,9.5808,2.27502,0.15781043396094646,0.06195363902801102,0.39258265422008004
22.9683,9.5808,2.27219,0.7775147017875023,0.03565420937149192,0.04585663690927397
22.8683,9.6808,2.27693,0.7809997613698542,0.05563694123305457,0.07123810273061897
22.7683,9.6808,2.27976,0.14060392797040583,0.08463348258101536,0.6019282946265123
22.6683,9.6808,2.28259,0.1361459466170845,0.07565348849202445,0.555679330687697
22.5683,9.6808,2.28542,0.10628977089624558,0.050191103854316965,0.47221010480219067
22.4683,9.6808,2.28825,0.0948216285109986,0.03306970105525906,0.34875694052674094
22.3683,9.6808,2.29108,0.1066854779693163,0.03873896445132295,0.36311375445554667
22.2683,9.6808,2.29391,0.12740589499342603,0.0724045519070925,0.5682982872246882
22.1683,9.6808,2.29675,0.11203893538711858,0.04937535124357574,0.4406981472375947
22.0683,9.7808,2.30148,0.16634445022870037,0.06594510110139547,0.39643703778953954
22.1683,9.7808,2.29865,0.11520711864363045,0.0580370687657934,0.503762870290326
22.2683,9.7808,2.29582,0.0890415867272724,0.0364786464326016,0.4096810015788792
22.3683,9.7808,2.29299,0.09251191307760638,0.04292262322578121,0.46396860466796624
22.4683,9.7808,2.29015,0.1058501315230798,0.037574356107697576,0.3549769430329407
22.5683,9.7808,2.28732,0.11068163968816702,0.04546554647512146,0.41077767372452634
22.6683,9.7808,2.28449,0.1255285558409291,0.05059290983127073,0.4030390495002788
22.7683,9.7808,2.28166,0.7957444942546316,0.07823616279441314,0.09831819555056605
22.8683,9.7808,2.27883,0.9164527131404974,0.1127737667044528,0.123054648742323
22.7683,9.8808,2.28356,0.9824788390054812,0.27004314898548665,0.27485899773560424
22.6683,9.8808,2.28639,0.8234854336205144,0.03026750648514944,0.03675536354307583
22.5683,9.8808,2.28922,0.13208208771576996,0.06018549833049528,0.4556673760336802
22.4683,9.8808,2.29206,0.12068391853917468,0.05864433450351772,0.48593329760403364
22.3683,9.8808,2.29489,0.1288346680817215,0.06452230792664322,0.5008147953291259
22.2683,9.8808,2.29772,0.11304406420604182,0.05939545777768202,0.5254186338295818
22.1683,9.8808,2.30055,0.12534419147915363,0.04832811863376313,0.3855632882820958
22.0683,9.8808,2.30338,0.1609248095367866,0.06821628251756014,0.4239015892820817
21.9683,9.9808,2.30812,0.20119817739031065,0.038181398363406796,0.18977010059756905
22.0683,9.9808,2.30528,0.14800811406796605,0.04781074519568685,0.323027865713713
22.1683,9.9808,2.30245,0.0816241456427139,0.0329064601251148,0.4031461507622182
22.2683,9.9808,2.29962,0.11712969203956569,0.05012127160822396,0.42791260469884357
22.3683,9.9808,2.29679,0.13242297251191976,0.05714767065462607,0.4315540541840809
22.4683,9.9808,2.29396,0.24293867921853302,0.10448637899413223,0.4300936323941342
22.5683,9.9808,2.29113,0.812766852883947,0.04399617414477587,0.05413135881300265
22.6683,9.9808,2.2883,0.8952867174064176,0.10200314337701966,0.1139334934762749
22.5683,10.0808,2.29303,0.8227122624441876,0.060962438064590216,0.07409934292638051
22.4683,10.0808,2.29586,0.9398744366653325,0.057859882159798884,0.06156128936231664
22.3683,10.0808,2.29869,0.24075502557658593,0.16207548897795143,0.6731967010441243
22.2683,10.0808,2.30152,0.12355314895654826,0.072792642556903,0.5891605610351789
22.1683,10.0808,2.30436,0.12497814482443748,0.07794417982612685,0.6236624806330627
22.0683,10.0808,2.30719,0.11865969813996544,0.057854259100037546,0.48756452280702217
21.9683,10.0808,2.31002,0.15783638999317437,0.0903841550398377,0.5726445912995498
21.8683,10.0808,2.31285,0.18716815754938726,0.06457315204180224,0.34500073563401723
21.7683,10.1808,2.31758,0.19378136567584853,0.05487404350050539,0.2831750272226742
21.8683,10.1808,2.31475,0.16101443124354092,0.11442774037011191,0.7106676059181011
21.9683,10.1808,2.31192,0.1285731483404518,0.04326148238543764,0.3364736956653232
22.0683,10.1808,2.30909,0.14841142817176994,0.05473553931737951,0.3688094642821517
22.1683,10.1808,2.30626,0.13294208306032188,0.06156806287239024,0.4631194385938274
22.2683,10.1808,2.30343,0.23778570504896318,0.03361133905027946,0.14135138629699562
22.3683,10.1808,2.30059,0.7563804177572854,0.05059818139830957,0.06689514986167451
22.4683,10.1808,2.29776,0.7981582190982253,0.053363442217552744,0.06685822552556535
22.3683,10.2808,2.3025,0.8153907682641732,0.037066515278822175,0.045458590802702384
22.2683,10.2808,2.30533,0.7560062705396817,0.05073169253937343,0.06710485681971681
22.1683,10.2808,2.30816,0.3722572539829162,0.019597337989770446,0.05264461009178834
22.0683,10.2808,2.31099,0.12865876167920431,0.08290211949563274,0.6443565787018808
21.9683,10.2808,2.31382,0.12951747494765944,0.06461618823623479,0.49889938220574065
21.8683,10.2808,2.31665,0.115567364075206,0.04837126830216818,0.4185547424157771
21.7683,10.2808,2.31949,0.16479258573169278,0.0994676475293973,0.6035929777286562
21.6683,10.2808,2.32232,0.13439999209456058,0.07335092901084941,0.5457658729566106
21.6683,10.3808,2.32422,0.1621924468183913,0.1042306386133544,0.6426355891286517
21.7683,10.3808,2.32139,0.11543146160443321,0.07065793920015191,0.6121202852155365
21.8683,10.3808,2.31856,0.12450689177906513,0.073456933705618,0.5899828728835813
21.9683,10.3808,2.31573,0.12512315286647752,0.09656804021787002,0.7717839425043943
22.0683,10.3808,2.31289,0.6509525446412443,0.07998507933420852,0.1228739022416607
22.1683,10.3808,2.31006,0.7659413600373749,0.05880111588705119,0.07676973585051201
22.2683,10.3808,2.30723,0.943822086824607,0.05620020605569556,0.059545338936467795
22.1683,10.4808,2.31196,0.7688193523533661,0.06597161267391977,0.0858089907232171
22.0683,10.4808,2.3148,0.7941794255867171,0.02361225526460682,0.02973163809571466
21.9683,10.4808,2.31763,0.759125631343487,0.04732452462926918,0.06234083355282719
21.8683,10.4808,2.32046,0.15831790218764366,0.12895520059943524,0.8145332828285788
21.7683,10.4808,2.32329,0.15097099110698914,0.09126761132859681,0.6045374058908964
21.6683,10.4808,2.32612,0.15613240581541515,0.07573311161303665,0.4850569695478261
21.5683,10.4808,2.32895,0.14056022933591963,0.06349733664071613,0.45174468582408345
21.4683,10.5808,2.33369,0.24399398807151013,0.10049413090792483,0.4118713403646317
21.5683,10.5808,2.33086,0.17643371133415067,0.07021646235187719,0.39797645144409555
21.6683,10.5808,2.32802,0.13726306571637642,0.07283483527463995,0.530622239088969
21.7683,10.5808,2.32519,0.29112274073028355,0.08927306055807306,0.3066509347024246
21.8683,10.5808,2.32236,0.7689510676364197,0.036171814548535,0.04704046339348863
21.9683,10.5808,2.31953,0.7713764777784735,0.04552733218765759,0.05902089770584407
22.0683,10.5808,2.3167,0.7118233377100122,0.027322651122379346,0.03838403389565495
21.9683,10.6808,2.32143,0.7293498333603461,0.04045796134967001,0.055471269751673685
21.8683,10.6808,2.32426,0.7642185865543054,0.07193964678678298,0.09413490858831781
21.7683,10.6808,2.3271,0.7902461461065508,0.04349052138908386,0.05503414550435521
21.6683,10.6808,2.32993,0.6511588575465981,0.07055079244225194,0.10834651425624385
21.5683,10.6808,2.33276,0.1769628245554785,0.07439430300197683,0.4203950925221243
21.4683,10.6808,2.33559,0.15618750847005583,0.06844884153776012,0.4382478612294599
21.3683,10.6808,2.33842,0.2926446024302462,0.14452496874728565,0.49385830986489543
21.2683,10.7808,2.34315,0.19100764153385527,0.045201030556562896,0.23664514253766758
21.3683,10.7808,2.34032,0.17653206985290876,0.07326740905602794,0.4150373873544694
21.4683,10.7808,2.33749,0.14808164835529528,0.08282330133870631,0.5593083427865869
21.5683,10.7808,2.33466,0.7717695176147232,0.04737236522115005,0.061381492971582886
21.6683,10.7808,2.33183,0.8112712497251492,0.07089552615737718,0.08738819005529395
21.7683,10.7808,2.329,0.781871191891146,0.06209768964113449,0.07942189235919551
21.8683,10.7808,2.32617,0.8122662212589227,0.0379892808695338,0.04676949487158855
21.7683,10.8808,2.3309,0.828499279781472,0.03673646217842736,0.04434097056561969
21.6683,10.8808,2.33373,0.8215155066634379,0.04646725634042412,0.05656284752207487
21.5683,10.8808,2.33656,0.8186812998445123,0.028219598904514826,0.034469577978481276
21.4683,10.8808,2.33939,0.7576422486395793,0.06944993374103799,0.09166586718961638
21.3683,10.8808,2.34223,0.1807338456733693,0.10706118362516202,0.5923693109405087
21.2683,10.8808,2.34506,0.19243160550158972,0.08143829145751402,0.42320642310933293
21.1683,10.8808,2.34789,0.29484296590838677,0.15082073277321084,0.5115290178571656
21.0683,10.9808,2.35262,0.4020862791230435,0.06424824593801158,0.15978721302835305
21.1683,10.9808,2.34979,0.20456105540961275,0.12004261766172866,0.5868302616123852
21.2683,10.9808,2.34696,0.22600940671182496,0.11543237089186953,0.5107414446649668
21.3683,10.9808,2.34413,0.7476055915334082,0.03974113690518309,0.05315789148081456
21.4683,10.9808,2.3413,0.8465144020529012,0.06875917694682587,0.08122623404879638
21.5683,10.9808,2.33847,0.8714753174681947,0.048225070789320854,0.05533727671074387
21.6683,10.9808,2.33563,0.8784467562296623,0.06335781471329027,0.07212482061545221
21.5683,11.0808,2.34037,0.8533161842271545,0.04302043256812746,0.05041558259801543
21.4683,11.0808,2.3432,0.8817588119416413,0.04624154217558903,0.052442393032358495
21.3683,11.0808,2.34603,0.7567025383544312,0.040953426453357276,0.0541209053459989
21.2683,11.0808,2.34886,0.7713416374191475,0.027317865165168504,0.03541603854884857
21.1683,11.0808,2.35169,0.21395293378282312,0.1000727174225177,0.4677323916674981
21.0683,11.0808,2.35452,0.19000897484370755,0.09295449744092864,0.4892110886729884
20.9683,11.0808,2.35736,0.3321187214667677,0.14839343264418117,0.4468083942658127
20.8683,11.1808,2.36209,0.3147983236210745,0.10125672734202493,0.3216558658168349
20.9683,11.1808,2.35926,0.2270169777314201,0.08553929818124598,0.3767969208120022
21.0683,11.1808,2.35643,0.2597153453025022,0.07289877913662941,0.28068722335879276
21.1683,11.1808,2.3536,0.8247609739354178,0.10276947227500978,0.12460515897671105
21.2683,11.1808,2.35076,0.7684013609371092,0.05870389031313146,0.07639743146932838
21.3683,11.1808,2.34793,0.8227867969107676,0.04399171104385424,0.053466719700687185
21.4683,11.1808,2.3451,1.1797020802318263,0.09061146293066037,0.07680876761093282
21.3683,11.2808,2.34984,0.9382575438502165,0.0864041736535755,0.09209003883838643
21.2683,11.2808,2.35267,0.7675362389859204,0.041997455596911766,0.05471722827367655
21.1683,11.2808,2.3555,0.7533484450313701,0.047548301991679906,0.06311594894139584
21.0683,11.2808,2.35833,0.7778942415648431,0.05864303806032405,0.07538690342064415
20.9683,11.2808,2.36116,0.3824838936312533,0.09797842964499812,0.2561635438156713
20.8683,11.2808,2.36399,0.1946598767296706,0.10310169637428274,0.5296504760324225
20.7683,11.2808,2.36682,0.5082352330433287,0.22997119649277095,0.45248967710423404
20.6683,11.3808,2.37156,0.6264924075167482,0.1695166982117992,0.27058061067925626
20.7683,11.3808,2.36873,0.18723705943718033,0.10168632681321076,0.543088676562598
20.8683,11.3808,2.36589,0.37149918192957904,0.0760337978416351,0.204667470455017
20.9683,11.3808,2.36306,0.7955604136805141,0.053684177799933265,0.06747969968939665
21.0683,11.3808,2.36023,0.8827046411225433,0.0912673960005034,0.10339516951495559
21.1683,11.3808,2.3574,0.9062501521902323,0.15837909386144858,0.17476310870533568
21.2683,11.3808,2.35457,0.9742800082237242,0.06810860392318958,0.0699066011293437
21.2683,11.4808,2.35647,1.0660318300810872,0.21182587939419165,0.19870502307429153
21.1683,11.4808,2.3593,0.8732540909647917,0.09097818779140539,0.10418295056698852
21.0683,11.4808,2.36213,0.7951921441548656,0.0504376514501364,0.06342825670610944
20.9683,11.4808,2.36497,0.7977698999901224,0.04469272973910373,0.056022080727358974
20.8683,11.4808,2.3678,0.8767570256066461,0.07444211966373757,0.08490621402460909
20.7683,11.4808,2.37063,0.6866403255726079,0.052630276839503734,0.07664897454954153
20.6683,11.4808,2.37346,0.29214855979846105,0.15779821344951173,0.5401300405463884
20.5683,11.4808,2.37629,7.074207736934641,2.6850420881547303,0.37955375188320367
20.4683,11.5808,2.38103,3.1994331954932584,2.7432204588676288,0.857408263042262
20.5683,11.5808,2.37819,2.2791260400265805,1.6764724570281517,0.7355768955228995
20.6683,11.5808,2.37536,0.7860757517444531,0.11717933986949217,0.14906876291432308
20.7683,11.5808,2.37253,0.8561923785795058,0.07256706528775497,0.08475556090343826
20.8683,11.5808,2.3697,0.735245882659913,0.06690774915173613,0.09100050844172386
20.9683,11.5808,2.36687,0.810130629313905,0.0575937093812316,0.07109187987375244
21.0683,11.5808,2.36404,0.8543087431380465,0.0406430074047646,0.047574144278887655
21.1683,11.5808,2.36121,1.3717612461399886,0.13082862156796826,0.09537273482255612
21.0683,11.6808,2.36594,1.2570614555852506,0.1071810255543004,0.08526315485856663
20.9683,11.6808,2.36877,0.7691073951121172,0.029048251469722803,0.03776878450829129
20.8683,11.6808,2.3716,0.8014899270742586,0.0614447496316214,0.0766631588944829
20.7683,11.6808,2.37443,0.7927517868557545,0.07516685529451302,0.09481764221893836
20.6683,11.6808,2.37726,1.0276062372383055,0.4169601951000604,0.4057587235171344
20.5683,11.6808,2.3801,0.8845389324480004,0.2834004101637873,0.32039337079201724
20.4683,11.6808,2.38293,0.8052183053427528,0.8097939056593974,1.005682434547606
20.3683,11.6808,2.38576,10.245891096751793,3.193441022236856,0.3116801644758119
20.2683,11.7808,2.39049,1.8674465324018592,1.7184945066205821,0.920237595456241
20.3683,11.7808,2.38766,0.8307688344948951,0.05073171270160968,0.06106597960244188
20.4683,11.7808,2.38483,0.7613481234845285,0.07356413017688623,0.09662351282905755
20.5683,11.7808,2.382,0.7524114795497705,0.07330773057232697,0.09743037229601148
20.6683,11.7808,2.37917,0.7927129737219267,0.20953226762596755,0.2643229952982562
20.7683,11.7808,2.37634,0.7637202896364677,0.07466036341164684,0.09775877952278224
20.8683,11.7808,2.3735,0.7229279287156348,0.06767181886730896,0.09360797415523256
20.9683,11.7808,2.37067,1.2647444446009586,0.11347138128675133,0.08971882167274738
20.7683,11.8808,2.37824,0.9402794501396319,0.0949598541209447,0.10099109802606354
20.6683,11.8808,2.38107,0.7363458418212977,0.05886984678314605,0.07994863750100874
20.5683,11.8808,2.3839,0.8196610873458564,0.08584097494003241,0.10472740046498238
20.4683,11.8808,2.38673,0.7802004647347819,0.10219755751405114,0.13098884470517683
20.3683,11.8808,2.38956,0.6950480623144454,0.04178782767714852,0.06012221304235989
20.2683,11.8808,2.3924,0.7590948410412729,0.06296363697357792,0.08294567894468736
20.1683,11.8808,2.39523,0.35563137440536413,0.11858012140337677,0.33343548949146984
19.9683,11.9808,2.40279,1.7819557970637152,0.7357005748490378,0.4128612932269791
20.0683,11.9808,2.39996,0.7172272566456565,0.0613402906787653,0.0855242046511769
20.1683,11.9808,2.39713,0.674808626727374,0.05837010470999838,0.08649875297693874
20.2683,11.9808,2.3943,0.7196032548987457,0.05205405987787243,0.07233716568610696
20.3683,11.9808,2.39147,0.7691434072436434,0.07953453496641785,0.10340663940869418
20.4683,11.9808,2.38863,0.8820083008701932,0.0726868922683338,0.08241066687991552
20.5683,11.9808,2.3858,0.789438227403191,0.06301586200110841,0.07982367690553224
20.6683,11.9808,2.38297,0.7159370506597215,0.09106197537026524,0.12719271238491356
20.5683,12.0808,2.38771,0.8415052238857765,0.057559991580521094,0.06840122906751453
20.4683,12.0808,2.39054,0.7732278897944462,0.054651666577538914,0.0706798956670684
20.3683,12.0808,2.39337,0.8554537253640054,0.06019587188645811,0.07036718656037658
20.2683,12.0808,2.3962,0.7202030188909795,0.05268020346773465,0.07314632414184465
20.1683,12.0808,2.39903,0.7319157062901006,0.03632486655195947,0.049629849776118645
20.0683,12.0808,2.40186,0.8030854345188135,0.06849622574974404,0.085291331165513
19.9683,12.0808,2.40469,0.8161532281288814,0.052751792629723994,0.06463466762321474
19.8683,12.0808,2.40753,3.5240819707197657,1.7628366771578023,0.5002257869721903
19.7683,12.1808,2.41226,0.8657788677262298,0.6659304506563622,0.7691692133873356
19.8683,12.1808,2.40943,0.7449683233358344,0.06997673466916031,0.09393249682861286
19.9683,12.1808,2.4066,0.6626950382742679,0.056360973253030223,0.08504812922668097
20.0683,12.1808,2.40377,0.7638247113440293,0.04148120900012897,0.05430723618137263
20.1683,12.1808,2.40093,0.715892626928709,0.04771377121021528,0.06664934016001085
20.2683,12.1808,2.3981,0.841877044071891,0.08166994426917007,0.09700934933937451
20.3683,12.1808,2.39527,0.8565599982225915,0.08367369086865147,0.09768573251410165
20.4683,12.1808,2.39244,0.8154913506441467,0.05111606804605957,0.0626813123225447
20.3683,12.2808,2.39717,0.7593515807412502,0.035004297111434136,0.04609761538556918
20.2683,12.2808,2.4,0.9860902580380226,0.053835091182595565,0.05459448640097988
20.1683,12.2808,2.40284,0.7643533169830997,0.053371038617071175,0.06982508930258392
20.0683,12.2808,2.40567,0.7806360373956405,0.048955349703657815,0.06271213133713728
19.9683,12.2808,2.4085,0.6896623305636914,0.07699716582292218,0.11164473164713666
19.8683,12.2808,2.41133,0.7079792874342732,0.03736391036921287,0.05277542864936092
19.7683,12.2808,2.41416,0.7161059500638322,0.05703260479824967,0.07964269085205325
19.6683,12.2808,2.41699,0.3027086339465427,0.07457306924537223,0.2463526337955117
19.5683,12.3808,2.42173,0.8954934650769308,0.12107570298151835,0.13520556844166012
19.6683,12.3808,2.4189,0.8905777683665054,0.21653573672724233,0.2431407389883664
19.7683,12.3808,2.41606,0.7269760915894647,0.038457846784495396,0.05290111632201128
19.8683,12.3808,2.41323,0.7005466085900152,0.06024253677309425,0.08599361703333908
19.9683,12.3808,2.4104,0.7810723583478706,0.04306845580359057,0.0551401612709599
20.0683,12.3808,2.40757,0.7896303803692566,0.0715186168958839,0.09057227112062165
20.1683,12.3808,2.40474,0.8604156226188666,0.08115870022036611,0.09432499606799506
20.2683,12.3808,2.40191,1.1079900523120654,0.055969744169132175,0.050514663062487766
20.1683,12.4808,2.40664,1.2962617172110291,0.08587851044299896,0.06625090388981848
20.0683,12.4808,2.40947,0.8627898627016585,0.04541799766483939,0.052640856862436664
19.9683,12.4808,2.4123,0.8100024764584,0.10459132924880876,0.1291247030578435
19.8683,12.4808,2.41514,0.7334200546140448,0.07362895398694021,0.10039124717647206
19.7683,12.4808,2.41797,0.7155274601166081,0.058510793725171234,0.0817729535015132
19.6683,12.4808,2.4208,0.7651582845911526,0.1264200693394807,0.1652208071001032
19.5683,12.4808,2.42363,0.7211916004436648,0.06683645975401521,0.09267503907824018
19.4683,12.4808,2.42646,0.7564393933820297,0.08299079304085363,0.10971241551792138
19.3683,12.4808,2.42929,1.0808490559630999,0.1686267478574451,0.1560132258312321
19.2683,12.5808,2.43403,1.0447995486982957,0.2810899767587779,0.2690372302600865
19.3683,12.5808,2.4312,0.7771333174436978,0.09622829867136765,0.12382469842870845
19.4683,12.5808,2.42836,0.7612801233401323,0.04294419169916356,0.05641049908244685
19.5683,12.5808,2.42553,0.7117056562998558,0.06602162311337174,0.0927653483275894
19.6683,12.5808,2.4227,0.778096728792698,0.06011463036644354,0.07725855686312671
19.7683,12.5808,2.41987,0.7454730452555369,0.08489005276062232,0.11387407405390934
19.8683,12.5808,2.41704,0.8762273281751707,0.06514145621993152,0.07434310038651155
19.9683,12.5808,2.41421,0.7677277052337701,0.05189416264986159,0.06759448994231622
20.0683,12.5808,2.41137,1.1115328615796478,0.07539233959036098,0.06782736003253889
19.9683,12.6808,2.41611,0.974987468958437,0.11931820814953535,0.12237922224477513
19.8683,12.6808,2.41894,0.8565699436423347,0.08323319045196674,0.09717033742514924
19.7683,12.6808,2.42177,0.7790944991482412,0.089971620072316,0.1154822940871474
19.6683,12.6808,2.4246,0.7562637004663085,0.07033473258511923,0.09300292020065379
19.5683,12.6808,2.42743,0.7987607246489923,0.16724256945485752,0.2093775573759597
19.4683,12.6808,2.43027,0.6853860369232911,0.050875333463021546,0.07422872763997605
19.3683,12.6808,2.4331,0.7331831040904616,0.047200447407936254,0.06437743470164933
19.2683,12.6808,2.43593,0.6992129927023025,0.059521577279644584,0.08512653211664008
19.1683,12.6808,2.43876,0.9661768028652664,0.0659476222937443,0.06825626748455553
19.0683,12.7808,2.44349,0.7896732972532695,0.07152554437045842,0.0905761213140252
19.1683,12.7808,2.44066,0.7509278070868515,0.09788245221987864,0.13034868504817224
19.2683,12.7808,2.43783,0.7737276551944522,0.044747374571340356,0.0578334951205725
19.3683,12.7808,2.435,0.6947358138521655,0.024032990178556285,0.034592991608275316
19.4683,12.7808,2.43217,0.7240543012183752,0.08076984176410364,0.11155218832094667
19.5683,12.7808,2.42934,0.714807658655749,0.04882558064263087,0.06830590026756449
19.6683,12.7808,2.42651,0.7119471564119169,0.04857271103903439,0.06822516334475152
19.7683,12.7808,2.42367,0.7651171168838509,0.05282555821774309,0.06904244729602921
19.6683,12.8808,2.42841,0.8922151780665011,0.03754660587487591,0.042082455889443954
19.5683,12.8808,2.43124,0.6781741306018235,0.0706258972376923,0.10414124345176312
19.4683,12.8808,2.43407,0.7171492044913006,0.06718597675775581,0.09368479576772759
19.3683,12.8808,2.4369,0.7304881283511622,0.055652732176325694,0.07618567642152313
19.2683,12.8808,2.43973,0.7354778912212584,0.0811660234173532,0.11035820979278835
19.1683,12.8808,2.44257,0.7390279499864543,0.03895750275689782,0.05271451879135543
19.0683,12.8808,2.4454,0.6974176757277532,0.06354018763874238,0.0911077964469977
18.9683,12.8808,2.44823,0.8175761885420911,0.08734113565842876,0.1068293534993677
18.8683,12.8808,2.45106,1.417677053756826,0.20406707052147174,0.1439446804762034
18.7683,12.9808,2.45579,0.9955950368541453,0.08787168269458848,0.08826046679806991
18.8683,12.9808,2.45296,0.7610213768105554,0.05828687166920851,0.07659032117269701
18.9683,12.9808,2.45013,0.7179256782190981,0.04324525532899965,0.06023639582898715
19.0683,12.9808,2.4473,0.7298687400206595,0.05119399378267927,0.0701413705993631
19.1683,12.9808,2.44447,0.7136193613872133,0.057005188792736056,0.07988178555290734
19.2683,12.9808,2.44164,0.7555818216955799,0.09294401442734276,0.1230098604261941
19.3683,12.9808,2.4388,0.7138676204234489,0.04265150883167103,0.05974708420921402
19.4683,12.9808,2.43597,0.7075202568962867,0.06301119758233888,0.08905921345454212
19.5683,12.9808,2.43314,0.8361122296115779,0.04503006702729757,0.05385648652480136
19.4683,13.0808,2.43788,0.7098000815832226,0.06260865899136207,0.08820604648524732
19.3683,13.0808,2.44071,0.7316469800878147,0.04887713085795291,0.06680425422119081
19.2683,13.0808,2.44354,0.7297658686306946,0.0831954975074861,0.11400299888454776
19.1683,13.0808,2.44637,0.6924059845960289,0.06057900856049098,0.08749059064796307
19.0683,13.0808,2.4492,0.7022658635561343,0.045013458727486355,0.06409746089543236
18.9683,13.0808,2.45203,0.7866021509059848,0.17157690475474652,0.21812412355741637
18.8683,13.0808,2.45486,0.7382103736728952,0.0495357185731587,0.06710244171549427
18.7683,13.0808,2.4577,0.7492844997081516,0.07809593580783791,0.10422734734037138
18.6683,13.0808,2.46053,0.7980160220564585,0.037079912932677844,0.04646512339078637
18.5683,13.0808,2.46336,1.2845713665066987,0.5703475111455506,0.44399830637403237
18.4683,13.1808,2.46809,1.240739815059966,0.19485575459171808,0.15704803878023416
18.5683,13.1808,2.46526,0.7858121433739644,0.05933484564164557,0.07550767208417697
18.6683,13.1808,2.46243,0.7413521636582115,0.08500021718717968,0.11465565402513299
18.7683,13.1808,2.4596,0.7314903244618078,0.07791484716094943,0.10651521223917088
18.8683,13.1808,2.45677,0.8036929321095361,0.06556383014627572,0.08157820919761424
18.9683,13.1808,2.45394,0.743525645627237,0.0537724108722204,0.0723208556267862
19.0683,13.1808,2.4511,0.8037822987822288,0.06804353941733182,0.08465418997211216
19.1683,13.1808,2.44827,0.7229061303035608,0.0406257752495922,0.05619785688154662
19.2683,13.1808,2.44544,0.7152489385937496,0.08317846360057012,0.11629302626314585
19.1683,13.2808,2.45017,0.8083707629245094,0.07527745122983397,0.09312243178797876
19.0683,13.2808,2.45301,0.7323972502525173,0.060964596126106343,0.08323979384833416
18.9683,13.2808,2.45584,0.7755046643621228,0.06610570775585996,0.08524217943967365
18.8683,13.2808,2.45867,0.7526404284401341,0.04897440736983362,0.0650701258120485
18.7683,13.2808,2.4615,0.7225084906648415,0.04184692753357435,0.05791894223286904
18.6683,13.2808,2.46433,0.7425939620149331,0.06783001062612401,0.09134199050323007
18.5683,13.2808,2.46716,0.7065840196031254,0.04809773309502583,0.06807079096133734
18.4683,13.2808,2.46999,0.7530668801730593,0.04783503002811617,0.0635202945283205
18.3683,13.2808,2.47283,1.0166181290748704,0.08817571658354091,0.0867343538952836
18.1683,13.3808,2.48039,1.515856404525969,0.21287388553002773,0.14043143195782887
18.2683,13.3808,2.47756,0.8575452388273987,0.07998930459823392,0.09327706688408734
18.3683,13.3808,2.47473,0.713997348985215,0.03378711376974668,0.04732106333135183
18.4683,13.3808,2.4719,0.7787954432830528,0.061326871902866606,0.07874580216383904
18.5683,13.3808,2.46907,0.7004476467313557,0.039637764358391205,0.05658918913263701
18.6683,13.3808,2.46623,0.7617001128346739,0.05749385634363646,0.07548096078084136
18.7683,13.3808,2.4634,0.8051802446188929,0.06824352641164542,0.08475558965551419
18.8683,13.3808,2.46057,0.7540533582577211,0.04635064021291572,0.06146864768298525
18.9683,13.3808,2.45774,0.7457972695591927,0.0537534294287713,0.0720751223191559
19.0683,13.3808,2.45491,0.9931907258488678,0.051503387765672884,0.051856492841949944
18.9683,13.4808,2.45964,0.7826936243893727,0.11011003420165902,0.14068088811578427
18.8683,13.4808,2.46247,0.7350393549376043,0.06334544009093925,0.086179657817528
18.7683,13.4808,2.46531,0.7767629408658734,0.08093014059023074,0.1041889826772841
18.6683,13.4808,2.46814,0.7185767234883663,0.04689681913547191,0.06526348210641861
18.5683,13.4808,2.47097,0.7351112948364145,0.04872920433035718,0.06628819972246647
18.4683,13.4808,2.4738,0.674209588348782,0.03938262684214636,0.05841303286504573
18.3683,13.4808,2.47663,0.6873887523793272,0.053659986991128575,0.07806352199594467
18.2683,13.4808,2.47946,0.7596055466024414,0.051396892320677054,0.06766260798195159
18.1683,13.4808,2.48229,0.8672550637228934,0.05479548148312837,0.06318265960639775
18.0683,13.4808,2.48513,1.1237411396879282,0.08410294043808146,0.07484191640562124
17.9683,13.5808,2.48986,1.0580652796055492,0.0927163503581741,0.08762819472985553
18.0683,13.5808,2.48703,0.8607427583878001,0.045503882171105924,0.05286583212891179
18.1683,13.5808,2.4842,0.7243530719837007,0.04601664298514295,0.06352791858688826
18.2683,13.5808,2.48136,0.746858961872,0.041310485023423334,0.055312297411386366
18.3683,13.5808,2.47853,0.7273390480085891,0.06921578045661356,0.0951630201157524
18.4683,13.5808,2.4757,0.7189521625089029,0.04515672930161297,0.06280908752542182
18.5683,13.5808,2.47287,0.7679384677245856,0.05323746266018863,0.06932516718159999
18.6683,13.5808,2.47004,0.8361313257765743,0.04605384429272281,0.05507967812346864
18.7683,13.5808,2.46721,0.7088526238530235,0.045674053798022266,0.06443377968999733
18.8683,13.5808,2.46438,0.9002767130896215,0.07912460077938042,0.08788920076343645
18.7683,13.6808,2.46911,1.1039318017146922,0.08838971777295332,0.08006809626795892
18.6683,13.6808,2.47194,0.8172770333550036,0.07697643503607567,0.09418646541440145
18.5683,13.6808,2.47477,0.7846851918663174,0.07179122493675309,0.0914904801070641
18.4683,13.6808,2.4776,0.7342301767151245,0.0657459213033986,0.08954401955738125
18.3683,13.6808,2.48044,0.7403043618379945,0.06396586485725043,0.08640481963180502
18.2683,13.6808,2.48327,0.7682287055437909,0.07729565704180506,0.10061542413608629
18.1683,13.6808,2.4861,0.7712055786933179,0.061821452819674154,0.08016209234951403
18.0683,13.6808,2.48893,0.743697266537063,0.03858690204527155,0.05188522774185634
17.9683,13.6808,2.49176,0.8280623599017373,0.08482733897760218,0.10244076181372172
17.8683,13.6808,2.49459,1.1704393857451219,0.05225646265441265,0.044646876455840805
17.7683,13.7808,2.49933,1.1093883433609926,0.07390888910547891,0.06662129591299402
17.8683,13.7808,2.4965,0.9022927645307843,0.06024978468094309,0.06677409711056981
17.9683,13.7808,2.49366,0.7407948256605387,0.033286235898111284,0.044933137685500446
18.0683,13.7808,2.49083,0.7907111125101628,0.0563859978243582,0.07131049119236134
18.1683,13.7808,2.488,0.732977308658828,0.09618716812204428,0.13122802982543025
18.2683,13.7808,2.48517,0.7581770159743002,0.0546903560218887,0.07213401998424934
18.3683,13.7808,2.48234,0.7438268301386232,0.05624801173948432,0.07561976720979757
18.4683,13.7808,2.47951,0.7419818445501107,0.06930459758803263,0.09340470807618535
18.5683,13.7808,2.47668,0.8728123400706054,0.08308170072991951,0.09518850377756882
18.6683,13.7808,2.47384,0.995403385823543,0.18278254226553575,0.18362660291165409
18.5683,13.8808,2.47858,1.9853713911784237,0.5714043729624665,0.2878072966606553
18.4683,13.8808,2.48141,0.8239143480565092,0.04955711650304932,0.06014838389445111
18.3683,13.8808,2.48424,0.7496922884468138,0.041167643902386655,0.05491272157497623
18.2683,13.8808,2.48707,0.7659331375829992,0.046070212838964605,0.06014913127318803
18.1683,13.8808,2.4899,0.7447561721818137,0.046375167705214305,0.062268926982310346
18.0683,13.8808,2.49273,0.8154946427003089,0.07024536507466904,0.08613835259796297
17.9683,13.8808,2.49557,0.7844996219495515,0.08467581254844568,0.10793607820742952
17.8683,13.8808,2.4984,0.7848400319730167,0.059281077306711595,0.0755326880532385
17.7683,13.8808,2.50123,0.9555118246083814,0.04810785103604832,0.050347729663905966
17.6683,13.8808,2.50406,1.2497591097323177,0.08941287801711614,0.0715440898336538
17.5683,13.9808,2.50879,1.0735001496256957,0.15876604562630972,0.1478956902629848
17.6683,13.9808,2.50596,0.9087201583051272,0.07399514447155324,0.08142786730907689
17.7683,13.9808,2.50313,0.8096633861059888,0.05113856596560885,0.06316027974484024
17.8683,13.9808,2.5003,0.7968496074927185,0.08682134105236394,0.10895574301096371
17.9683,13.9808,2.49747,0.8444175875484381,0.08216926426791239,0.0973088025161472
18.0683,13.9808,2.49464,0.7047004564017902,0.05122091216901678,0.07268465871379086
18.1683,13.9808,2.49181,0.7653430656516356,0.05603496373246488,0.07321548498614157
18.2683,13.9808,2.48897,0.7434997996219991,0.049113087598026475,0.06605662519747274
18.3683,13.9808,2.48614,0.7756130021793891,0.08134483347917534,0.10487811995235397
18.4683,13.9808,2.48331,1.1002705961858148,0.16032847029713063,0.14571730886285922
18.3683,14.0808,2.48805,1.2981877265281168,0.17506420583462462,0.1348527660963316
18.2683,14.0808,2.49088,0.914002905290665,0.08353531621476491,0.09139502263201185
18.1683,14.0808,2.49371,0.8707948225280429,0.09237158362103635,0.10607732295980853
18.0683,14.0808,2.49654,0.7920658785854056,0.06271506925182958,0.07917910737909314
17.9683,14.0808,2.49937,0.9045346316832479,0.05131788802842167,0.056734022370071385
17.8683,14.0808,2.5022,0.8289839973670501,0.07696897604794946,0.09284736049478869
17.7683,14.0808,2.50503,0.7963433252623158,0.06698326692950006,0.08411355354480525
17.6683,14.0808,2.50787,0.8894625255132513,0.08102390489701196,0.09109310687401732
17.5683,14.0808,2.5107,0.9424717814818561,0.059008878402973045,0.06261076412303072
17.4683,14.0808,2.51353,1.2335793413581828,0.24889316757951452,0.201765025754631
17.4683,14.1808,2.51543,1.0689346748016695,0.10698546032085199,0.10008606030176924
17.5683,14.1808,2.5126,0.9743941545288537,0.07211289697576609,0.07400793266317844
17.6683,14.1808,2.50977,0.8419358892558735,0.05864666954983685,0.06965693029390922
17.7683,14.1808,2.50694,0.8179341159595042,0.03108420913040032,0.038003316555558976
17.8683,14.1808,2.5041,0.800999790111064,0.04270774586708835,0.05331804876149422
17.9683,14.1808,2.50127,0.7829489754070214,0.06876296677562282,0.08782560413962599
18.0683,14.1808,2.49844,0.9451002379031553,0.1570006721150803,0.16612065664421954
17.9683,14.2808,2.50318,1.13552309518691,0.259790520811326,0.22878488505648914
17.8683,14.2808,2.50601,0.7747814891481868,0.06252781215192171,0.0807038023335667
17.7683,14.2808,2.50884,0.8142318500368981,0.04817503547773887,0.05916623806297401
17.6683,14.2808,2.51167,0.8886514307832261,0.05671368347298525,0.06381994279016667
17.5683,14.2808,2.5145,1.011571956256778,0.09601838149485367,0.09491997173405262
17.4683,14.2808,2.51733,0.9916263251948078,0.11236416564329317,0.11331301195661472
17.3683,14.2808,2.52016,1.2345929315628088,0.17899450260685035,0.14498260765211918
17.3683,14.3808,2.52207,1.315715021211624,0.18234867343855005,0.13859283393346658
17.4683,14.3808,2.51924,1.6831235915682374,0.4783989312143548,0.2842328000218987
17.5683,14.3808,2.5164,1.4074959068054238,0.2785227098745211,0.19788527165715222
17.6683,14.3808,2.51357,0.8677656530603473,0.05559346213026139,0.06406506403451213
17.7683,14.3808,2.51074,0.8877923507278267,0.10911240098608103,0.122903064997833
17.5683,14.4808,2.51831,0.9544325180932189,0.13376507019192557,0.14015141736700634
17.4683,14.4808,2.52114,1.1562408753194984,0.5965670116518672,0.5159539196251134
17.3683,14.4808,2.52397,1.5736936426906047,0.27833772381796934,0.17686906540594813
17.2683,14.4808,2.5268,1.0113750367014787,0.18242847087974967,0.180376679530005
17.2683,14.5808,2.5287,0.9691498523665654,0.15820259951653876,0.16323853233865135
17.3683,14.5808,2.52587,0.9971750141898026,0.14551934594924223,0.14593160065033883
17.4683,14.5808,2.52304,1.0569395436001199,0.16480600550913313,0.15592756133219807
