-1.5041,-5.2316,5.72726,1.0036050849126412,0.12734968292209367,0.12689222567378564
-1.4041,-5.1316,5.73339,1.3903019502233616,0.30155981439329244,0.21690238897014047
-1.5041,-5.1316,5.73078,1.0066231770118605,0.13341705694343586,0.13253922618738181
-1.4041,-5.0316,5.73691,0.9872673354005401,0.06928831670463292,0.07018191954717336
-1.3041,-4.9316,5.74304,0.993500909159726,0.08189675123972917,0.08243248746394712
-1.4041,-4.9316,5.74042,0.963817680583178,0.08708086796670494,0.09034993829332416
-1.4041,-4.8316,5.74393,1.2393760152873878,0.30360955655011135,0.24496968862166502
-1.3041,-4.8316,5.74655,1.104784546977644,0.2588146180171268,0.2342670511867361
-1.2041,-4.8316,5.74917,0.876144414288577,0.08060696589084144,0.09200191723677623
-1.2041,-4.7316,5.75268,0.9051952540329505,0.11603409148507259,0.1281868093851592
-1.3041,-4.7316,5.75006,1.114282426145425,0.0951365411792043,0.08537919915716954
-1.4041,-4.7316,5.74744,1.0225588818612792,0.3770346076442324,0.3687167695985854
-1.4041,-4.6316,5.75095,0.9634001238106823,0.14624199341952834,0.1517977731215928
-1.3041,-4.6316,5.75357,0.970122869714603,0.07190053059247496,0.07411487022631176
-1.2041,-4.6316,5.75619,0.922897304730383,0.031084787011300914,0.033681739942216085
-1.1041,-4.6316,5.75881,1.1608739722721013,0.08355725193311792,0.07197788384347775
-1.1041,-4.5316,5.76232,0.9814659021133444,0.1281371102288973,0.13055686392465154
-1.2041,-4.5316,5.7597,0.890366488581044,0.13116315744196907,0.147313672655179
-1.3041,-4.5316,5.75708,0.9478325087342926,0.08075401842093931,0.08519861650322147
-1.4041,-4.5316,5.75446,0.8581940609595164,0.07939173512796958,0.09251023601725289
-1.4041,-4.4316,5.75798,0.8872682711602528,0.06842344239531592,0.07711697196817456
-1.3041,-4.4316,5.7606,0.8923952843146375,0.07729111158976547,0.08661084717533586
-1.2041,-4.4316,5.76321,0.972504156132102,0.07329002407402296,0.07536217054898373
-1.1041,-4.4316,5.76583,1.0406529151835442,0.08055581939705098,0.07740892109339166
-1.0041,-4.4316,5.76845,1.143739714285037,0.1259048174232924,0.11008170464903089
-1.0041,-4.3316,5.77196,1.2942390402129027,0.1454558216707384,0.112387138041216
-1.1041,-4.3316,5.76935,1.0030255609321823,0.07043166469590312,0.07021921219080998
-1.2041,-4.3316,5.76673,0.9890762212272837,0.08658195215809518,0.08753820009004055
-1.3041,-4.3316,5.76411,0.9195336858380884,0.08135326442941428,0.08847230469351068
-1.4041,-4.3316,5.76149,0.8977929148913961,0.06876638182922915,0.07659492594408328
-1.3041,-4.2316,5.76762,0.8926072014722705,0.0705280224461284,0.0790135037335562
-1.2041,-4.2316,5.77024,0.9447624989921014,0.05262672580011213,0.05570365658697902
-1.1041,-4.2316,5.77286,0.9466079366546317,0.05653265412884071,0.05972129742396883
-1.0041,-4.2316,5.77548,1.0161633587159145,0.07060018061307953,0.06947719577518933
-0.9041,-4.1316,5.78161,1.4529039413136164,0.3303830184950848,0.22739494959066256
-1.0041,-4.1316,5.77899,1.0177999195996161,0.08527401496348835,0.08378268982083786
-1.1041,-4.1316,5.77637,0.9786963518497528,0.09985198613880471,0.10202550152565988
-1.2041,-4.1316,5.77375,0.8664021004295666,0.07041350956518,0.08127116673686344
-1.3041,-4.1316,5.77113,0.8990718409030896,0.09228599607256137,0.10264585306093334
-1.3041,-4.0316,5.77464,0.9072078222149109,0.08112781900616983,0.08942583718921158
-1.2041,-4.0316,5.77726,0.8946708612480071,0.09144761801110016,0.1022136988831141
-1.1041,-4.0316,5.77988,0.8987329802865702,0.10164757812215316,0.11310097698845077
-1.0041,-4.0316,5.7825,0.9879357062844871,0.08615913491515899,0.08721127738078585
-0.9041,-4.0316,5.78512,1.6726382082664562,0.5445126466276948,0.32554119829179007
-0.8041,-3.9316,5.79125,1.3553970900225005,0.15404450580723053,0.11365267561897546
-0.9041,-3.9316,5.78863,1.1153317332271118,0.10092269393156252,0.09048670536751591
-1.0041,-3.9316,5.78601,1.0486202283242032,0.03791286101979142,0.036154996819372676
-1.1041,-3.9316,5.78339,0.8735953066086962,0.06639501978799624,0.07600203353397378
-1.2041,-3.9316,5.78077,0.8926976707414109,0.09133735935410355,0.1023161170323714
-1.3041,-3.9316,5.77815,0.9923787594267315,0.12913670551306453,0.13012844570319407
-1.2041,-3.8316,5.78429,0.915404400758977,0.09509222169952568,0.10388001370834916
-1.1041,-3.8316,5.7869,0.9295467257910648,0.0682200368968039,0.07339064837084672
-1.0041,-3.8316,5.78952,1.0333221754585462,0.08671021261683706,0.08391401508281636
-0.9041,-3.8316,5.79214,1.057735906773726,0.05337458956276323,0.0504611682566065
-0.8041,-3.8316,5.79476,1.0521292735910281,0.09275441309787186,0.08815876092991051
-0.7041,-3.8316,5.79738,1.1135154265332252,0.1332454233939364,0.1196619464974791
-0.7041,-3.7316,5.80089,1.6938059034495319,0.10253700555392631,0.06053645541387232
-0.8041,-3.7316,5.79827,0.9997608851778248,0.05163201103663865,0.05164435996858889
-0.9041,-3.7316,5.79565,0.9715788977795597,0.043786182848867664,0.04506703773510965
-1.0041,-3.7316,5.79304,0.9401765768782353,0.08488558353215166,0.09028685208687709
-1.1041,-3.7316,5.79042,0.8993029460725255,0.06162025260696065,0.06852001639277538
-1.2041,-3.7316,5.7878,0.8840287087936322,0.08939951735485523,0.10112739152651734
-1.1041,-3.6316,5.79393,1.0059688953318864,0.08053805872886517,0.08006018784735316
-1.0041,-3.6316,5.79655,0.8975886413097953,0.07717212733584611,0.08597716569054797
-0.9041,-3.6316,5.79917,1.046804935747428,0.07200909836674252,0.06878941425254877
-0.8041,-3.6316,5.80179,0.9672245304403446,0.07261699463888256,0.07507770156100414
-0.7041,-3.6316,5.8044,1.200050018963831,0.08845254932899933,0.07370738546829293
-0.6041,-3.6316,5.80702,1.1553842826453349,0.15598153423719308,0.13500402989736213
-0.6041,-3.5316,5.81054,2.3646410451483586,0.39055696814371876,0.1651654355510077
-0.7041,-3.5316,5.80792,1.062227880993679,0.09768051893840203,0.0919581576478911
-0.8041,-3.5316,5.8053,0.9879261193675891,0.06673856566897879,0.06755420710174238
-0.9041,-3.5316,5.80268,1.0276182721331422,0.0673280985893585,0.06551858838554712
-1.0041,-3.5316,5.80006,0.9388265597432124,0.10257389541559131,0.10925755598951876
-1.1041,-3.5316,5.79744,0.8759431885990875,0.05941556834638324,0.06783039028068438
-1.0041,-3.4316,5.80357,0.952843058348623,0.11530647728978016,0.12101308424245477
-0.9041,-3.4316,5.80619,0.9774247577172634,0.09793277720203063,0.1001946967567598
-0.8041,-3.4316,5.80881,0.9902076081264083,0.03929419640785987,0.03968278579702009
-0.7041,-3.4316,5.81143,0.9492794267768119,0.07720699398982378,0.08133221031869699
-0.6041,-3.4316,5.81405,1.5099004958254394,0.13135859759293403,0.08699818163919623
-0.5041,-3.4316,5.81667,1.1257858058053922,0.2735085387124085,0.24294900264508065
-0.5041,-3.3316,5.82018,2.159232926909944,0.3949726610978958,0.1829226741475905
-0.6041,-3.3316,5.81756,1.2947155935304708,0.12556556460858395,0.09698312527941975
-0.7041,-3.3316,5.81494,1.0291319905471374,0.051955611477536336,0.05048488624856969
-0.8041,-3.3316,5.81232,0.9760322708298895,0.06853405893833342,0.07021700100147413
-0.9041,-3.3316,5.8097,0.9710815469120337,0.059193034524900885,0.060955781430643265
-1.0041,-3.3316,5.80708,0.9173798680530847,0.07775096916185577,0.08475329780984105
-1.0041,-3.2316,5.81059,0.8683142386046467,0.05230030171103922,0.06023199826261531
-0.9041,-3.2316,5.81321,0.9370429363985202,0.08511018366677212,0.09082847792854513
-0.8041,-3.2316,5.81583,0.9990707851718609,0.07270327864829813,0.07277089844619133
-0.7041,-3.2316,5.81845,0.9941852575749779,0.06736838663027837,0.0677624075764347
-0.6041,-3.2316,5.82107,0.9622149284399549,0.0901095088302409,0.09364800541635329
-0.5041,-3.2316,5.82369,1.4112594567648684,0.2281947371381895,0.16169580727649946
-0.4041,-3.1316,5.82982,1.6764391100396676,0.3255343819142215,0.19418204930003022
-0.5041,-3.1316,5.8272,1.5875504532004607,0.29011099699157344,0.18274127691924194
-0.6041,-3.1316,5.82458,1.0167302996371883,0.046842520848000294,0.046071727049656785
-0.7041,-3.1316,5.82196,0.987421661417587,0.07206787631154242,0.07298591789861945
-0.8041,-3.1316,5.81934,0.9880876608094574,0.10269423934542711,0.10393231635065489
-0.9041,-3.1316,5.81673,0.938520150397669,0.09900821626691973,0.10549396965527917
-0.9041,-3.0316,5.82024,0.8711821553539938,0.05011564086296488,0.057526018588616556
-0.8041,-3.0316,5.82286,0.9310667385467731,0.07637938926882727,0.08203427972095931
-0.7041,-3.0316,5.82548,1.0150765592895195,0.0931524951513732,0.09176893535653433
-0.6041,-3.0316,5.82809,1.0448714782271291,0.06350291702485403,0.06077581630671143
-0.5041,-3.0316,5.83071,1.1014443494457151,0.05755821709920412,0.05225703607101839
-0.4041,-3.0316,5.83333,2.5836135712822177,0.6091700003747288,0.23578216461852874
-0.3041,-2.9316,5.83946,1.1820400123814994,0.3409704094153108,0.2884592787416267
-0.4041,-2.9316,5.83684,1.360039522090325,0.15608236906353185,0.11476311278339886
-0.5041,-2.9316,5.83423,0.9989227350214618,0.08237810163351754,0.08246694038027641
-0.6041,-2.9316,5.83161,1.0397291978774739,0.08899663112056491,0.08559597181866643
-0.7041,-2.9316,5.82899,0.9968076511788324,0.07746822575872013,0.07771632337202228
-0.8041,-2.9316,5.82637,0.9429069750367581,0.04305684388791184,0.04566393613350173
-0.8041,-2.8316,5.82988,0.9305755490185683,0.0684759565681099,0.07358452157949785
-0.7041,-2.8316,5.8325,0.9715094654415886,0.09570095226318606,0.0985074831151401
-0.6041,-2.8316,5.83512,0.9815842042001923,0.10260939785805971,0.10453448356136415
-0.5041,-2.8316,5.83774,1.061412316976392,0.08282900508168914,0.07803659685958914
-0.4041,-2.8316,5.84036,1.0805116128196208,0.08712454789655164,0.08063268072538161
-0.3041,-2.8316,5.84298,2.962818453359984,0.9146887461448687,0.30872250883531727
-0.3041,-2.7316,5.84649,1.2325843814913746,0.11144459668774391,0.09041538929196936
-0.4041,-2.7316,5.84387,1.052667815264571,0.07328285170125608,0.06961631260934639
-0.5041,-2.7316,5.84125,1.0496513409586905,0.06759699500843665,0.06439947473100685
-0.6041,-2.7316,5.83863,1.014081225735946,0.06113374609460835,0.060284861353430495
-0.7041,-2.7316,5.83601,0.9538182148229775,0.06055042444038487,0.06348214313733004
-0.8041,-2.7316,5.83339,1.079507133735958,0.13125024285875878,0.1215834882021835
-0.7041,-2.6316,5.83952,0.9394499657976588,0.057078930031771676,0.06075781798906945
-0.6041,-2.6316,5.84214,0.9753203325636542,0.04421065322575047,0.04532936692659902
-0.5041,-2.6316,5.84476,1.0008391874948885,0.06359911051568334,0.06354578368865893
-0.4041,-2.6316,5.84738,1.0309359844563863,0.061360825948660325,0.05951953067291172
-0.3041,-2.6316,5.85,1.0016994121141156,0.032599175089768916,0.032543869643456624
-0.2041,-2.6316,5.85262,1.635653391361179,0.1603598708019353,0.09804025207839723
-0.2041,-2.5316,5.85613,1.0735124483406666,0.0942032097844272,0.08775232176397912
-0.3041,-2.5316,5.85351,0.9908881703812613,0.06416307785073629,0.06475309703823433
-0.4041,-2.5316,5.85089,1.0075039374835504,0.08956417175182588,0.08889709351958558
-0.5041,-2.5316,5.84827,1.0291973241089436,0.06721896309897225,0.06531202668756349
-0.6041,-2.5316,5.84565,0.9806478870018467,0.06949544228728476,0.07086686588369091
-0.7041,-2.5316,5.84303,1.0535966501499643,0.08021475306910443,0.07613421422485257
-0.6041,-2.4316,5.84916,0.9542882053302968,0.09735262832334365,0.1020159609849187
-0.5041,-2.4316,5.85178,0.9658881968954166,0.05564016332272876,0.05760517987647933
-0.4041,-2.4316,5.8544,1.0517095279319129,0.07159207042779198,0.06807209455311392
-0.3041,-2.4316,5.85702,0.979159404759755,0.06579470268977797,0.06719508832774909
-0.2041,-2.4316,5.85964,1.157188254400281,0.054509549194454374,0.047105169783030885
-0.1041,-2.3316,5.86577,1.223226738628919,0.10018278410422136,0.08190042037219811
-0.2041,-2.3316,5.86315,1.0005740906388434,0.07873055088943028,0.07868537835030552
-0.3041,-2.3316,5.86053,1.0148912946889452,0.07387939309151817,0.07279537569997732
-0.4041,-2.3316,5.85791,1.0250025658235447,0.0888192674187943,0.08665272691042672
-0.5041,-2.3316,5.8553,0.9842397676732734,0.055191498554173705,0.056075257642398964
-0.5041,-2.2316,5.85881,0.9346301880269345,0.0912594766632607,0.09764233793465994
-0.4041,-2.2316,5.86143,1.0261953035875313,0.07982055627766901,0.07778300680057688
-0.3041,-2.2316,5.86405,1.0016194979631527,0.06269665525723014,0.06259528232500183
-0.2041,-2.2316,5.86666,0.9943882548213067,0.12223502804481398,0.1229248509846688
-0.1041,-2.2316,5.86928,0.9201801265289488,0.07706001793518717,0.08374449275042332
-0.0041,-2.2316,5.8719,1.583070941333072,0.3038372788875171,0.19192903549329374
-0.0041,-2.1316,5.87541,1.0618618112393565,0.05736596990954895,0.054023950482402244
-0.1041,-2.1316,5.8728,0.9921510322129923,0.04898842927689487,0.04937597975141567
-0.2041,-2.1316,5.87018,1.0072320575747489,0.044465296296186056,0.044146029667931005
-0.3041,-2.1316,5.86756,1.0378047714452694,0.07115919856306345,0.06856703738600624
-0.4041,-2.1316,5.86494,1.0024908365520648,0.05877558106408209,0.058629544451730804
-0.3041,-2.0316,5.87107,1.0635168466068776,0.10546150364858183,0.09916298362837783
-0.2041,-2.0316,5.87369,0.9781418069913453,0.06270533837711545,0.06410659265243968
-0.1041,-2.0316,5.87631,0.9649838058150321,0.07332258780871431,0.07598323139400825
-0.0041,-2.0316,5.87893,1.0052943244665493,0.05557190614689934,0.05527923991452761
0.0959,-2.0316,5.88155,1.9361211353206866,0.30907078257512627,0.15963401098037897
0.1959,-1.9316,5.88768,1.9796408228649913,0.9908925637482193,0.5005415893142535
0.0959,-1.9316,5.88506,1.0970335894246896,0.11785542823198934,0.1074310115643729
-0.0041,-1.9316,5.88244,0.9803004903148711,0.10300781890635027,0.10507780004604947
-0.1041,-1.9316,5.87982,1.0015320859485712,0.07794260287815466,0.07782337078530405
-0.2041,-1.9316,5.8772,0.9945741707548839,0.0909713162978277,0.09146760389803837
-0.3041,-1.9316,5.87458,0.9234983702982907,0.06461874352507416,0.06997169199573385
-0.2041,-1.8316,5.88071,1.038123407310191,0.0422498643060631,0.040698306201893436
-0.1041,-1.8316,5.88333,1.0471021655734325,0.10064143776533135,0.0961142485176853
-0.0041,-1.8316,5.88595,1.0683275225157514,0.11733324313610569,0.10982890608284945
0.0959,-1.8316,5.88857,1.0352076640371028,0.08752640976566886,0.08454961531518553
0.1959,-1.8316,5.89119,1.6934135896481095,0.23434979598422395,0.1383889897995455
0.2959,-1.7316,5.89732,2.976662184993935,1.0970480680741752,0.3685497378925484
0.1959,-1.7316,5.8947,2.032927312877433,0.37742001282616455,0.18565347144259634
0.0959,-1.7316,5.89208,1.109023483487304,0.15340969086793646,0.138328622569418
-0.0041,-1.7316,5.88946,1.0899625418007028,0.184280352236353,0.16907035349298108
-0.1041,-1.7316,5.88684,1.0554259367413612,0.08719599489229737,0.08261687708899398
-0.2041,-1.7316,5.88422,0.948580052539994,0.08082543499741056,0.08520676223475909
-0.1041,-1.6316,5.89035,1.0151549289261808,0.04198626723667352,0.04135946744708821
-0.0041,-1.6316,5.89297,1.0375472180062268,0.11118113126687974,0.10715765927311512
0.0959,-1.6316,5.89559,1.0373539099435045,0.09143527641479884,0.08814279826619491
0.1959,-1.6316,5.89821,1.272114029520792,0.2258792610292237,0.17756211769342162
0.2959,-1.6316,5.90083,1.6218803963160962,0.23392748395043625,0.14423226551216356
0.3959,-1.6316,5.90345,1.6528875516731225,0.6060590064361598,0.3666668103481579
0.3959,-1.5316,5.90696,2.001064245743689,1.0799407907323382,0.5396832175825428
0.2959,-1.5316,5.90434,1.039995247046488,0.05520243680500564,0.05307950873984916
0.1959,-1.5316,5.90172,1.0514951454194887,0.09623233694329637,0.09151952566067717
0.0959,-1.5316,5.8991,1.0036613814818527,0.07702260018286697,0.076741619837108
-0.0041,-1.5316,5.89649,0.9665452124661543,0.06273206461790841,0.06490339387005666
-0.0041,-1.4316,5.9,1.0211924421170901,0.06911688187409888,0.06768252390392636
0.0959,-1.4316,5.90262,1.0273683702500929,0.08997109054334529,0.08757432401918659
0.1959,-1.4316,5.90524,1.0130481825274658,0.088853197849143,0.08770875796594602
0.2959,-1.4316,5.90785,1.0764536502369055,0.11583371618981549,0.10760678470858717
0.3959,-1.4316,5.91047,1.1430950056739304,0.1419151537101774,0.12414992017790245
0.4959,-1.4316,5.91309,2.1931922392194565,0.46269274626243667,0.21096771089574262
0.4959,-1.3316,5.9166,4.137829447983465,0.8703576646538318,0.21034159952580764
0.3959,-1.3316,5.91399,1.0880367817186933,0.05626034778880741,0.051708130399725084
0.2959,-1.3316,5.91137,1.0365568058920342,0.08464276427656174,0.08165762242400246
0.1959,-1.3316,5.90875,1.01149902820313,0.102476614766087,0.10131162948137562
0.0959,-1.3316,5.90613,0.9656497545066823,0.04006044829896405,0.04148548488932157
0.0959,-1.2316,5.90964,0.9703893224846342,0.06968711039964452,0.07181355852227857
0.1959,-1.2316,5.91226,0.9962874568508479,0.0719102084313952,0.07217817301313342
0.2959,-1.2316,5.91488,1.0319423024612144,0.0817276977959095,0.0791979334513048
0.3959,-1.2316,5.9175,1.1838243747297637,0.046797080071738516,0.03953042450441272
0.4959,-1.2316,5.92012,1.3040054661813183,0.11987338970421578,0.09192706074711171
0.5959,-1.2316,5.92274,3.034352783748763,0.6876131326475274,0.22660948862973743
0.6959,-1.1316,5.92887,3.625792527828209,0.8830010610244631,0.24353325631496253
0.5959,-1.1316,5.92625,2.4443574748324206,1.2927344508522194,0.5288647279141715
0.4959,-1.1316,5.92363,1.126191836264064,0.10777543970384375,0.09569900636233443
0.3959,-1.1316,5.92101,1.1128057286193815,0.07297851560479653,0.06558064334853701
0.2959,-1.1316,5.91839,1.0021413254889928,0.05393119883843852,0.05381596134868792
0.1959,-1.1316,5.91577,0.9448946121278068,0.056734511470256974,0.06004321618735513
0.1959,-1.0316,5.91928,0.9192050882136804,0.0868801280685053,0.09451658741069649
0.2959,-1.0316,5.9219,1.0007448294558103,0.07222890797391139,0.07217514979636554
0.3959,-1.0316,5.92452,1.0630529710035583,0.09057829129681653,0.08520581172103543
0.4959,-1.0316,5.92714,1.1081955174519638,0.06877947047227236,0.06206438249309531
0.5959,-1.0316,5.92976,1.3021263187587802,0.15177562914323764,0.11655983521469256
0.6959,-1.0316,5.93238,2.253367896271027,0.5158893243698737,0.22894145479909878
0.7959,-0.9316,5.93851,2.9196924217878477,0.7547875016314288,0.2585161012163197
0.6959,-0.9316,5.93589,1.7868194208119188,0.5057382400699433,0.2830382489575467
0.5959,-0.9316,5.93327,1.1171205423893487,0.12283323282319773,0.10995521804699462
0.4959,-0.9316,5.93065,1.103487882001006,0.06747266594419979,0.06114490883384099
0.3959,-0.9316,5.92803,1.014841421904253,0.07706881385882287,0.07594173059492448
0.2959,-0.9316,5.92541,0.9339112846043147,0.038436327826727686,0.04115629445789663
0.2959,-0.8316,5.92893,0.9299396464543037,0.08227778688939422,0.08847648038569486
0.3959,-0.8316,5.93154,1.0154917165964639,0.04872452091703041,0.04798120961570833
0.4959,-0.8316,5.93416,1.0826554973677682,0.04727548896112447,0.04366623462039783
0.5959,-0.8316,5.93678,1.0348344969115542,0.07279406061235646,0.07034367411369556
0.6959,-0.8316,5.9394,1.5195859160604988,0.10280560080287975,0.0676536941520237
0.7959,-0.8316,5.94202,2.4798272168520556,0.5784505763639769,0.23326245168736962
0.8959,-0.7316,5.94815,2.8963954689944624,0.3345189483559384,0.1154949149509866
0.7959,-0.7316,5.94553,1.9611011442305384,0.8643850163816873,0.4407651379556148
0.6959,-0.7316,5.94291,1.1390051882277714,0.0643709191333915,0.056515035926701145
0.5959,-0.7316,5.94029,1.021761480018921,0.06674314400910597,0.06532164826557174
0.4959,-0.7316,5.93768,1.0106016059976244,0.09260810231965842,0.09163660711605491
0.3959,-0.7316,5.93506,0.9509440562976132,0.07973686370995392,0.08385021514346475
0.3959,-0.6316,5.93857,0.9672323098400722,0.07215047129718094,0.07459476959481504
0.4959,-0.6316,5.94119,1.0152578254409022,0.03939214156991188,0.03880013586972828
0.5959,-0.6316,5.94381,0.9719318581351176,0.06657857280775564,0.06850127635028083
0.6959,-0.6316,5.94643,1.0257580751318582,0.05516230274193399,0.05377710795485869
0.7959,-0.6316,5.94904,1.3108749506960504,0.06855653854294744,0.05229830542306509
0.8959,-0.6316,5.95166,2.1713934317142565,0.2957111884878725,0.13618498802145518
0.9959,-0.5316,5.95779,2.986652094256663,0.44734930302635206,0.14978286352354384
0.8959,-0.5316,5.95518,1.4921267468986221,0.12501143114258118,0.08378070522656121
0.7959,-0.5316,5.95256,1.0515522370990995,0.06117189140423841,0.05817294590423044
0.6959,-0.5316,5.94994,1.1209140108696798,0.09177349017795726,0.08187380056633717
0.5959,-0.5316,5.94732,1.0358701286920575,0.049402836966916795,0.04769211467589604
0.4959,-0.5316,5.9447,0.9512202128901308,0.07195471024440649,0.07564463966317914
0.5959,-0.4316,5.95083,1.0571902450832653,0.13264543325853306,0.12546978547658258
0.6959,-0.4316,5.95345,1.029601089965395,0.06624533658526653,0.06434077938621166
0.7959,-0.4316,5.95607,1.0054306041098555,0.13287185972927268,0.132154182681667
0.8959,-0.4316,5.95869,1.164721259981859,0.08621749268254722,0.07402414263811935
0.9959,-0.4316,5.96131,1.6435194229344852,0.1705310598959144,0.10375968638778431
1.0959,-0.4316,5.96393,2.3698398902532816,0.8954518882229472,0.3778533275204697
1.0959,-0.3316,5.96744,1.5228696845796468,0.21998781886366198,0.14445610224645358
0.9959,-0.3316,5.96482,1.0331540173094296,0.07381946970905484,0.07145059543135467
0.8959,-0.3316,5.9622,1.1019935222270678,0.04549900369853296,0.04128790485681077
0.7959,-0.3316,5.95958,1.0878067896581685,0.04469281734786315,0.041085253165139175
0.6959,-0.3316,5.95696,1.0731733331459687,0.09711360199566439,0.09049200068266641
0.5959,-0.3316,5.95434,1.009416295344771,0.09123592521446709,0.09038483491422637
0.6959,-0.2316,5.96047,1.0257185357918879,0.05038187835620776,0.04911861938549382
0.7959,-0.2316,5.96309,1.0392980639045295,0.06877950037381171,0.06617880159943205
0.8959,-0.2316,5.96571,1.0993504839836996,0.054856787893047855,0.049899271153512524
0.9959,-0.2316,5.96833,1.0502956267525785,0.03184130099973533,0.030316512978527606
1.0959,-0.2316,5.97095,1.382616562479533,0.10423452819490517,0.07538932414347392
1.1959,-0.2316,5.97357,3.0458434075668093,0.9922844236795018,0.32578313816605375
1.1959,-0.1316,5.97708,3.6088265947059215,0.8296088686565601,0.22988327282712342
1.0959,-0.1316,5.97446,1.140043376470472,0.057727343474526016,0.050636093911836516
0.9959,-0.1316,5.97184,1.066257079118693,0.04481217533141554,0.042027552462727574
0.8959,-0.1316,5.96922,1.049759589818847,0.07136172381404748,0.06797911112806515
0.7959,-0.1316,5.9666,1.12065918630179,0.05542729407018816,0.04945954554934756
0.6959,-0.1316,5.96398,0.9853973924787921,0.06108978090861977,0.06199507059273506
0.7959,-0.0316,5.97011,1.0654643444015188,0.08190322155563981,0.07687091734791521
0.8959,-0.0316,5.97273,1.0818469578045435,0.08663914380468997,0.08008447329787935
0.9959,-0.0316,5.97535,1.0866325877213572,0.06935646628284797,0.06382697064910123
1.0959,-0.0316,5.97797,1.0050547069482618,0.1406924553322574,0.13998487282294772
1.1959,-0.0316,5.98059,1.5563057671964895,0.10235706043678541,0.06576924830213166
1.2959,-0.0316,5.98321,1.0869291997084058,0.13126767503326442,0.120769296720044
1.2959,0.0684,5.98672,3.196693147537726,1.4470856696394496,0.4526820695173939
1.1959,0.0684,5.9841,1.2182997516754206,0.06542859675419595,0.053704842887981996
1.0959,0.0684,5.98148,1.0375428365979074,0.08797095127940312,0.08478777759948591
0.9959,0.0684,5.97886,1.0368068075445307,0.057160900318924804,0.055131679212541966
0.8959,0.0684,5.97625,1.056204563096943,0.03106990661202495,0.029416561618445896
0.7959,0.0684,5.97363,1.0504278293786329,0.08435926311617689,0.08030943274425481
0.7959,0.1684,5.97714,0.9956694434337399,0.07721998941421339,0.07755584940711525
0.8959,0.1684,5.97976,1.1018312723573451,0.07678862022437108,0.06969181411967316
0.9959,0.1684,5.98238,1.0195128522400074,0.05568777501941462,0.05462194507608321
1.0959,0.1684,5.985,1.0541396908091942,0.047491412881959724,0.04505229553163269
1.1959,0.1684,5.98761,1.162936516570343,0.045104383301177844,0.038784905846964694
1.2959,0.1684,5.99023,3.154253952235375,1.447273930551047,0.45883240616228266
1.2959,0.2684,5.99375,2.0939668142318952,1.3750996365752335,0.6566960026439792
1.1959,0.2684,5.99113,1.0996807350077211,0.05929809513954382,0.05392300988079734
1.0959,0.2684,5.98851,1.0827253207725929,0.042293456680915734,0.03906203712935861
0.9959,0.2684,5.98589,1.0314885802334028,0.0597341830719526,0.05791065865066202
0.8959,0.2684,5.98327,1.1246840852694624,0.07516833830739694,0.06683506888015349
0.8959,0.3684,5.98678,1.0993950195981315,0.07351269238060668,0.0668664957273303
0.9959,0.3684,5.9894,1.0367644368702404,0.07283657458503859,0.07025373555917475
1.0959,0.3684,5.99202,1.046337335816934,0.08336519076520439,0.07967334043386354
1.1959,0.3684,5.99464,1.0832197505876207,0.045309763556582054,0.04182878269344941
1.2959,0.3684,5.99726,1.5719452978264579,0.37440539028926884,0.2381796560013649
1.2959,0.4684,6.00077,1.8652610495844015,0.6342131334092245,0.3400130687072104
1.1959,0.4684,5.99815,1.0446060155252617,0.08867122447093431,0.08488484955387468
1.0959,0.4684,5.99553,1.0326568420436637,0.10352782366930878,0.10025384954059242
0.9959,0.4684,5.99291,1.0466073728774317,0.056132205875650154,0.05363253434888979
0.8959,0.4684,5.99029,1.0623535018306405,0.06749955136139224,0.06353775014162184
0.8959,0.5684,5.9938,0.4895495389408879,0.14615135817999692,0.2985425305397834
0.9959,0.5684,5.99642,1.0633306932061999,0.06193677667966949,0.058247896985758114
1.0959,0.5684,5.99904,1.0852643302164189,0.0740522462975943,0.06823429484946503
1.1959,0.5684,6.00166,1.0373264144391974,0.08641659277886882,0.08330703968970811
1.2959,0.5684,6.00428,3.7904272230527774,1.5828734858677795,0.41759764604923527
1.2959,0.6684,6.00779,1.5623011251471894,0.1259235530895826,0.08060133290739258
1.1959,0.6684,6.00517,1.0264024165253387,0.09753311469211685,0.09502424499573366
1.0959,0.6684,6.00255,1.076648727100198,0.0842458154298639,0.07824819117816463
0.9959,0.6684,5.99994,1.1430809382008829,0.08145110753471906,0.0712557657228687
0.9959,0.7684,6.00345,1.1466447839982379,0.0651434558968704,0.05681223758740833
1.0959,0.7684,6.00607,1.0178437849621704,0.061554293633430804,0.06047518739402486
1.1959,0.7684,6.00869,0.9985197285536639,0.05617755091721677,0.05626083222070018
1.2959,0.7684,6.0113,1.0809439248891457,0.05420579237243594,0.05014672003267415
1.3959,0.8684,6.01744,1.1999582280532723,0.2955337428252793,0.24628669224988972
1.2959,0.8684,6.01482,1.1332929426499614,0.06306255950902614,0.05564541799895792
1.1959,0.8684,6.0122,0.9651091945140831,0.05640636910189005,0.05844558255430335
1.0959,0.8684,6.00958,1.0647572145807787,0.09152983739771754,0.08596310609057964
0.9959,0.8684,6.00696,0.3797330871490501,0.1354558503406592,0.35671332028934066
0.9959,0.9684,6.01047,0.19177776593335363,0.12285136701943565,0.6405923357253458
1.0959,0.9684,6.01309,1.0527080837348255,0.050418456970533376,0.04789405320386393
1.1959,0.9684,6.01571,1.1682215410999157,0.09821902516471677,0.08407568402842547
1.2959,0.9684,6.01833,1.326463398592089,0.20758868177390535,0.15649785888871146
1.3959,0.9684,6.02095,1.316349838046503,0.05910494453949483,0.04490063570578478
1.3959,1.0684,6.02446,1.054148802984042,0.10821679575190565,0.1026579885549079
1.2959,1.0684,6.02184,1.0436710006480563,0.0682706717106744,0.0654139778419468
1.1959,1.0684,6.01922,1.0697611138970156,0.10892181121937632,0.10181881712131674
1.0959,1.0684,6.0166,1.0147701134746607,0.09209554393799507,0.09075508109186617
1.0959,1.1684,6.02011,0.316399593140247,0.15374401951097202,0.4859172478228301
1.1959,1.1684,6.02273,1.0802570408464682,0.12066310273566787,0.11169851079250419
1.2959,1.1684,6.02535,1.0750486446569771,0.08172035196196578,0.07601549229248211
1.3959,1.1684,6.02797,1.0595900170737091,0.060762210867913245,0.05734502013875277
1.4959,1.1684,6.03059,1.4453550019230292,0.18193627213448035,0.1258765299130083
1.4959,1.2684,6.0341,1.3649144491556782,0.114914186980628,0.0841914942373954
1.3959,1.2684,6.03148,1.104212280575035,0.09420884777677539,0.0853176960934674
1.2959,1.2684,6.02886,1.0520969047717355,0.0562356942226713,0.053451059467637424
1.1959,1.2684,6.02624,1.0822935637471298,0.11842861818942603,0.10942374800733458
1.0959,1.2684,6.02362,0.26440453931129193,0.2068071970804779,0.7821620522066649
1.0959,1.3684,6.02714,0.2298483216423644,0.11495722149573462,0.5001438369195659
1.1959,1.3684,6.02976,0.9769255892958455,0.08422529668315454,0.0862146489006015
1.2959,1.3684,6.03237,1.071416689891751,0.06282772175780792,0.05863985725680232
1.3959,1.3684,6.03499,1.06291258114357,0.07841574535590246,0.07377440698983566
1.4959,1.3684,6.03761,1.1143622915743843,0.05216006315434311,0.046807096353422686
1.5959,1.3684,6.04023,1.929433242182072,0.294628650309038,0.15270217381339968
1.5959,1.4684,6.04374,1.4272439437472892,0.10225138764262341,0.07164254442317554
1.4959,1.4684,6.04112,1.0475578094512974,0.06296909777901233,0.06011037979087288
1.3959,1.4684,6.03851,1.1309347408282613,0.07509521588124426,0.06640101605354069
1.2959,1.4684,6.03589,1.0533845934263164,0.04812511780580519,0.04568617967846851
1.1959,1.4684,6.03327,0.3440861575543673,0.10248098112683335,0.29783523363807757
1.0959,1.4684,6.03065,0.2608889163441816,0.1846812915439597,0.7078924399391354
1.1959,1.5684,6.03678,0.24045079980918954,0.13853317770182644,0.576139392390293
1.2959,1.5684,6.0394,1.1251311884211674,0.056057081655877625,0.049822707105417044
1.3959,1.5684,6.04202,1.06878718921555,0.08890503174788389,0.08318310010165529
1.4959,1.5684,6.04464,1.1237018979711537,0.06848411274989795,0.06094508950598568
1.5959,1.5684,6.04726,1.4909452848647393,0.13527635476734998,0.09073193774486664
1.6959,1.6684,6.05339,1.6099922068535837,0.24730513102589868,0.1536064149709199
1.5959,1.6684,6.05077,1.0686637023433432,0.09394235725382218,0.08790637975990703
1.4959,1.6684,6.04815,1.1013175625807228,0.05828865219624557,0.05292628954327895
1.3959,1.6684,6.04553,1.033552873885597,0.05914892698496984,0.05722873834465964
1.2959,1.6684,6.04291,1.0162148237483033,0.06095128208375212,0.05997873742771594
1.1959,1.6684,6.04029,0.2101313788020062,0.1580631698250805,0.7522111677286126
1.1959,1.7684,6.0438,0.1615680255782108,0.21327666704511408,1.3200425411021224
1.2959,1.7684,6.04642,0.3611441524783367,0.15529658617655112,0.43001273898756154
1.3959,1.7684,6.04904,0.9886981455731023,0.06828698457362602,0.06906757626620533
1.4959,1.7684,6.05166,1.0515910698644197,0.06125177153192178,0.05824675892295176
1.5959,1.7684,6.05428,1.118386864982003,0.08642339547998797,0.07727504514404207
1.6959,1.7684,6.0569,1.1071031441090766,0.0811700727156317,0.07331753427631353
1.6959,1.8684,6.06041,1.0835027974112659,0.0516288700734568,0.04764996472257376
1.5959,1.8684,6.05779,1.0340007616641453,0.08973593820037461,0.08678517611142902
1.4959,1.8684,6.05517,1.017966924714883,0.07060215273966126,0.06935603802592687
1.3959,1.8684,6.05255,1.0602847866265326,0.07523903300155405,0.07096115491851882
1.2959,1.8684,6.04993,0.24062766326367932,0.1346163740577867,0.5594384794830275
1.1959,1.8684,6.04731,0.16544441788551362,0.1310941018353031,0.7923754908794766
1.1959,1.9684,6.05083,0.2517893785513357,0.1466152674516894,0.5822932972599436
1.2959,1.9684,6.05345,0.21160215117303993,0.15923176313834125,0.7525054081710529
1.3959,1.9684,6.05606,0.8568524666288369,0.08145168696313461,0.09505917311949232
1.4959,1.9684,6.05868,1.0525485578840144,0.12358436365589348,0.11741440594849199
1.5959,1.9684,6.0613,1.037590185864086,0.12209032024033052,0.11766718874529057
1.6959,1.9684,6.06392,1.0119905428380378,0.07915458518421246,0.0782167242020172
1.7959,1.9684,6.06654,3.9254909231090833,0.9895857180424196,0.25209221914558494
1.7959,2.0684,6.07005,3.400368768775767,0.9511685653951422,0.2797251210307966
1.6959,2.0684,6.06743,1.0786355619334977,0.11210379219228019,0.10393111088543161
1.5959,2.0684,6.06481,1.0276700298547394,0.06066008166995954,0.05902680812685936
1.4959,2.0684,6.0622,1.0276244490532256,0.0581048975143277,0.0565429302191682
1.3959,2.0684,6.05958,0.3430440941261178,0.17101793015964337,0.49853046033426185
1.2959,2.0684,6.05696,0.32016095251808224,0.1406663305135773,0.4393612943965509
1.2959,2.1684,6.06047,0.356154476251988,0.2217042839746981,0.6224947284330548
1.3959,2.1684,6.06309,0.3718731881728793,0.2739533504837945,0.7366848678438117
1.4959,2.1684,6.06571,1.0712626481741716,0.07385245127214539,0.06893963062934877
1.5959,2.1684,6.06833,1.0189442916734452,0.060179800034192044,0.05906093250236164
1.6959,2.1684,6.07095,1.1404879162339676,0.06783131840663342,0.05947570109345905
1.7959,2.1684,6.07356,2.3762741439057535,0.2563768315783213,0.10789025846863298
1.7959,2.2684,6.07708,1.5708036934745482,0.1477370347244273,0.09405187633448935
1.6959,2.2684,6.07446,1.3466617712345927,0.10725556309844993,0.07964550965170725
1.5959,2.2684,6.07184,1.0421781370437948,0.09022682424855351,0.08657524183388426
1.4959,2.2684,6.06922,1.1307665274722958,0.04977909837642566,0.0440224371406725
1.3959,2.2684,6.0666,0.3560963278116692,0.2204237160936705,0.6190002504329315
1.2959,2.2684,6.06398,0.21411528244740227,0.1420201844072444,0.6632884060582265
1.2959,2.3684,6.06749,0.26018786507700986,0.1431315382626702,0.5501084311534146
1.3959,2.3684,6.07011,0.3086787102824936,0.16429511598174684,0.5322528263494065
1.4959,2.3684,6.07273,1.0302219099626928,0.07285868722006617,0.07072135286144766
1.5959,2.3684,6.07535,1.0833290048879252,0.08465424086742829,0.07814268840349763
1.6959,2.3684,6.07797,1.131410615471873,0.07060447811013647,0.06240393818533312
1.7959,2.3684,6.08059,1.1352302182646308,0.1358110835867459,0.11963307653521896
1.8959,2.4684,6.08672,2.5122459985963066,0.3901036934911276,0.15528084976912862
1.7959,2.4684,6.0841,1.101879862918284,0.14248914878216412,0.12931459551750715
1.6959,2.4684,6.08148,1.0479347034353617,0.06198345500036694,0.05914820341112044
1.5959,2.4684,6.07886,1.0495822710647782,0.09619854827668377,0.09165412843634682
1.4959,2.4684,6.07624,0.677842368036614,0.1180267600837362,0.17412124949581334
1.3959,2.4684,6.07362,0.2589278215412012,0.15857674541271422,0.612436100797616
1.2959,2.4684,6.071,0.4782194651411554,0.21574921673291678,0.4511510560726222
1.2959,2.5684,6.07452,0.541900406686643,0.1563828935324877,0.2885823513007935
1.3959,2.5684,6.07714,0.22096609934306571,0.16002976656958232,0.7242276849043917
1.4959,2.5684,6.07975,0.3655979624389242,0.16228326951867106,0.44388450208001823
1.5959,2.5684,6.08237,1.084063701802631,0.10334997613702714,0.09533570394910562
1.6959,2.5684,6.08499,1.1101678869311484,0.07378186991518691,0.066460101020525
1.7959,2.5684,6.08761,1.032930839389851,0.13316444221722878,0.12891903033497246
1.8959,2.5684,6.09023,1.8623327856876242,0.4644123537180655,0.24937130317801487
1.8959,2.6684,6.09374,1.5410029985873608,0.6931991683175978,0.449836352656714
1.7959,2.6684,6.09112,1.1215841375580375,0.14126530798920897,0.1259515922691079
1.6959,2.6684,6.0885,1.0452480998425822,0.08919317119762879,0.08533205772970223
1.5959,2.6684,6.08589,1.1082090526732111,0.09110199200203642,0.08220650407274789
1.4959,2.6684,6.08327,0.32749559319942784,0.19489173531032086,0.5950972756804147
1.3959,2.6684,6.08065,0.22459807167741408,0.17227099445678445,0.7670190272346327
1.3959,2.7684,6.08416,0.3717350050853453,0.3350748362876134,0.9013809076459851
1.4959,2.7684,6.08678,0.23194012888569054,0.1596681929642725,0.6884026223981424
1.5959,2.7684,6.0894,0.45059899110560214,0.10168808573388631,0.22567313229970093
1.6959,2.7684,6.09202,1.0448859697606987,0.07242916738123766,0.06931777196494034
1.7959,2.7684,6.09464,1.2640678822832743,0.20640818333011318,0.1632888440747976
1.8959,2.7684,6.09725,1.1614999103184875,0.14621150330198318,0.12588163115905143
1.8959,2.8684,6.10077,1.0735542218416483,0.07681616861390823,0.07155313355494287
1.7959,2.8684,6.09815,1.1382906383715563,0.14720629888480813,0.1293222433028195
1.6959,2.8684,6.09553,1.0915447496194042,0.09230748371588458,0.0845659179324256
1.5959,2.8684,6.09291,0.2611783798630316,0.1368746495876727,0.5240657732062399
1.4959,2.8684,6.09029,0.2593397760140658,0.19156330251433962,0.7386576230556696
1.3959,2.8684,6.08767,0.32204489102555806,0.3841961012713471,1.1929892756499485
1.4959,2.9684,6.0938,0.2074495214119388,0.1581366582152609,0.7622898194170531
1.5959,2.9684,6.09642,0.22061359382349216,0.1480702212806305,0.6711745124785831
1.6959,2.9684,6.09904,1.0374528462750319,0.0843164763521238,0.08127258665766025
1.7959,2.9684,6.10166,1.2495288653852297,0.2718080815277756,0.21752845336948431
1.8959,2.9684,6.10428,2.0167314645927314,0.8201981445845369,0.40669675610489453
1.8959,3.0684,6.10779,1.568210608572874,0.23343414860425377,0.1488538257094734
1.7959,3.0684,6.10517,1.182919366126821,0.1293659988700757,0.10936163746617227
1.6959,3.0684,6.10255,0.6263615223126238,0.10928124013672837,0.174469912732259
1.5959,3.0684,6.09993,0.19463113512848434,0.0896417298350954,0.4605724041835293
1.4959,3.0684,6.09731,0.15839560994279983,0.10822995541716136,0.6832888579187618
1.4959,3.1684,6.10082,0.2014005199094561,0.13156130043334002,0.6532321788071164
1.5959,3.1684,6.10344,0.26314707336486964,0.1715289278309396,0.6518367300749119
1.6959,3.1684,6.10606,0.36433512337132096,0.19676563391136262,0.5400677049487325
1.7959,3.1684,6.10868,1.0073649511154525,0.08347768036123168,0.08286736625966297
1.8959,3.1684,6.1113,1.2001002311805697,0.17359208203453785,0.14464798649673688
1.9959,3.1684,6.11392,1.852569125223729,0.39755746869832553,0.2145979133978678
1.9959,3.2684,6.11743,1.4639484809033938,0.11199770934488255,0.07650385980507281
1.8959,3.2684,6.11481,1.1025940824531528,0.06435837781709595,0.05836996483230303
1.7959,3.2684,6.11219,0.9325209404075135,0.07554159787234441,0.08100793730093887
1.6959,3.2684,6.10957,0.2874738748673705,0.13346739449585848,0.464276604465137
1.5959,3.2684,6.10696,0.17174449594726163,0.08582365521028151,0.49971706363524904
1.5959,3.3684,6.11047,0.2761369956815022,0.1747901005375492,0.6329832773988495
1.6959,3.3684,6.11309,0.31701018619870525,0.16609449193184225,0.5239405519535342
1.7959,3.3684,6.11571,0.8638840467766981,0.11551633191888659,0.13371740379961658
1.8959,3.3684,6.11832,1.2028125828862208,0.08754034103168974,0.07277970174009275
1.9959,3.3684,6.12094,1.1541717549566912,0.14102268216964986,0.12218517873446101
2.0959,3.4684,6.12707,2.0798325172437453,0.35781351826064217,0.17203958265583186
1.9959,3.4684,6.12446,1.2011704709492008,0.08663901827646436,0.07212882798225935
1.8959,3.4684,6.12184,1.1270503671541205,0.10607285961084804,0.09411545632932918
1.7959,3.4684,6.11922,0.43483623577208447,0.1506565459490779,0.34646732161494287
1.6959,3.4684,6.1166,0.3194852438860116,0.18623274650567415,0.5829150174213357
1.5959,3.4684,6.11398,0.21534488790906225,0.12098963266335505,0.5618412112687237
1.5959,3.5684,6.11749,0.26048942016717314,0.11469332863112215,0.44029937399191077
1.6959,3.5684,6.12011,0.2952168946165007,0.1703512791383418,0.5770377042941102
1.7959,3.5684,6.12273,0.2896813751317123,0.1482699675215297,0.511838109903042
1.8959,3.5684,6.12535,1.0487658236275987,0.08231042411595883,0.0784831296573467
1.9959,3.5684,6.12797,1.2433977273378685,0.09859197836748294,0.07929239068063099
2.0959,3.5684,6.13059,1.5881607598765923,0.23086201547240745,0.14536438709790722
2.0959,3.6684,6.1341,1.7890569898899813,0.3049428989456173,0.170448957561922
1.9959,3.6684,6.13148,1.1467311282366925,0.08554322518230915,0.07459745626147553
1.8959,3.6684,6.12886,0.891867116474692,0.07510486731933859,0.08421082685076191
1.7959,3.6684,6.12624,0.24643594010393963,0.12473762692130234,0.5061665391366681
1.6959,3.6684,6.12362,0.3278989773251342,0.21170739955335668,0.6456482459334857
1.5959,3.6684,6.121,0.36827899515049056,0.23297599105579042,0.6326073279324252
1.6959,3.7684,6.12713,0.2784114315099804,0.1888270613346556,0.6782302734860461
1.7959,3.7684,6.12975,0.24990233509211665,0.11227470201673516,0.4492743214077992
1.8959,3.7684,6.13237,0.44767968055560986,0.10660265630618149,0.23812261520084677
1.9959,3.7684,6.13499,1.1569732624323128,0.0939706892336244,0.08122114165029982
2.0959,3.7684,6.13761,1.467415455442611,0.14867345626392695,0.1013165397110276
2.0959,3.8684,6.14112,1.2915455674474472,0.07486899772967723,0.05796852981164649
1.9959,3.8684,6.1385,1.0360500852167367,0.08058312945544811,0.07777918327045985
1.8959,3.8684,6.13588,0.30352942042785724,0.08306762734354087,0.27367240785571345
1.7959,3.8684,6.13326,0.2744259406247261,0.14861866396110313,0.5415620098551005
1.6959,3.8684,6.13065,0.26260481013407244,0.20274322069496734,0.772046866131116
1.6959,3.9684,6.13416,0.2627352010548851,0.1945641357001965,0.7405331867181065
1.7959,3.9684,6.13678,0.275346430540777,0.1500559257450487,0.5449713855027671
1.8959,3.9684,6.1394,0.2901442717393449,0.184364267020753,0.6354227361289393
1.9959,3.9684,6.14201,0.5815909137101405,0.09944367394522466,0.17098560448760117
2.0959,3.9684,6.14463,1.1679914363657062,0.13914463389233542,0.11913155316043625
2.0959,4.0684,6.14815,0.9772521625049915,0.04857673972934096,0.049707477346301446
1.9959,4.0684,6.14553,0.3209372202484746,0.0890101613918338,0.2773444642005709
1.8959,4.0684,6.14291,0.26355897544023843,0.1009218988067008,0.3829196051400825
1.7959,4.0684,6.14029,0.28870793586390675,0.10848086153170831,0.375746032775645
1.6959,4.0684,6.13767,0.4480348125241275,0.2078922839807718,0.464009220197764
1.6959,4.1684,6.14118,0.41021292120217384,0.37674884493331273,0.9184226665245186
1.7959,4.1684,6.1438,0.19202977291042195,0.05366651279784767,0.2794697508853589
1.8959,4.1684,6.14642,0.29392117256079586,0.14105691040177515,0.47991408435402305
1.9959,4.1684,6.14904,0.30473163076305765,0.10916526659275001,0.35823411675183414
2.0959,4.1684,6.15166,1.0432469285464872,0.07745972775147064,0.07424869954747154
2.1959,4.2684,6.15779,1.7210029988009796,0.5586765981795815,0.32462267559603947
2.0959,4.2684,6.15517,1.1212545599895916,0.07850677676805998,0.07001690746193152
1.9959,4.2684,6.15255,0.24024416048697333,0.11926684644585916,0.4964401474071463
1.8959,4.2684,6.14993,0.2899334479339178,0.15245531062274129,0.525828640017723
1.7959,4.2684,6.14731,0.11194582770377541,0.04156307750279743,0.37127848670500924
1.7959,4.3684,6.15082,0.15747244941434252,0.0902785345288456,0.5732973282920375
1.8959,4.3684,6.15344,0.25617857249842635,0.11424105265078575,0.4459430448715125
1.9959,4.3684,6.15606,0.27405237816631545,0.12174300883552062,0.4442326304559119
2.0959,4.3684,6.15868,1.0781477135066424,0.0800104255484954,0.0742110051768917
2.1959,4.3684,6.1613,2.354473368513562,0.4747019437104578,0.201617036768672
2.1959,4.4684,6.16481,2.6079872686352816,0.7018135715584964,0.2691016095050741
2.0959,4.4684,6.16219,1.0163939025783832,0.12480656362999615,0.12279349897061312
1.9959,4.4684,6.15957,0.28675751727501775,0.1305729813726316,0.4553428367403678
1.8959,4.4684,6.15695,0.22117062562034112,0.08937788359901742,0.40411281266818155
1.7959,4.4684,6.15433,0.11512969429640763,0.07840664113649244,0.6810288311426442
1.7959,4.5684,6.15785,0.17845646562741468,0.06964957747050576,0.3902888988954969
1.8959,4.5684,6.16047,0.20391462150841994,0.1246575100875816,0.6113220776688361
1.9959,4.5684,6.16308,0.24206047962185306,0.11771834267984953,0.4863178940393291
2.0959,4.5684,6.1657,0.9052409144058535,0.11165790019710699,0.12334606006003675
2.1959,4.5684,6.16832,1.6587950403940224,0.3308938073544867,0.19947841613746792
2.1959,4.6684,6.17183,1.2058133423035824,0.12620438745642473,0.10466328662056784
2.0959,4.6684,6.16922,0.7794788585902023,0.1885122730782684,0.24184398460686862
1.9959,4.6684,6.1666,0.2188053040700264,0.09235669219508379,0.42209530791596334
1.8959,4.6684,6.16398,0.1895051362487518,0.09957215413842173,0.5254324822506101
1.7959,4.6684,6.16136,0.2541743477471383,0.17172672582285037,0.6756257165404048
1.7959,4.7684,6.16487,0.18547246863891118,0.09321179538017292,0.5025640520353626
1.8959,4.7684,6.16749,0.19894043850693416,0.18126926942041025,0.9111735692393783
1.9959,4.7684,6.17011,0.22816745062704932,0.13004730427545233,0.569964313130802
2.0959,4.7684,6.17273,0.3065793047293413,0.0676513852326528,0.22066520534508274
2.1959,4.7684,6.17535,1.2503580714828508,0.11148165550903436,0.08915978394638881
2.1959,4.8684,6.17886,1.0623934361164928,0.09942892898579293,0.09358955506092793
2.0959,4.8684,6.17624,0.2551171177350112,0.12301923173788613,0.48220688925180455
1.9959,4.8684,6.17362,0.26940976762829594,0.14024980894497485,0.5205817523976235
1.8959,4.8684,6.171,0.10017884568355015,0.03901983965506473,0.3895017894129317
1.8959,4.9684,6.17451,0.1482953644590425,0.05749075606087302,0.38767736449881623
1.9959,4.9684,6.17713,0.2308155548452746,0.09095577984235988,0.3940626094429874
2.0959,4.9684,6.17975,0.23655175611726306,0.10945092208777157,0.4626933398605366
2.1959,4.9684,6.18237,0.30417326904964204,0.07930097302281823,0.26070986865672297
2.1959,5.0684,6.18588,0.3269764187381956,0.1939301805671759,0.5931014270556693
2.0959,5.0684,6.18326,0.23079216598874197,0.08351433637490825,0.3618594938745974
1.9959,5.0684,6.18064,0.2142399489545686,0.12714856656395615,0.5934867291763549
1.8959,5.0684,6.17802,0.2316651822815865,0.12881974492936635,0.5560600158412555
1.9959,5.1684,6.18416,0.21606066497014798,0.11072462777691854,0.5124700870110569
2.0959,5.1684,6.18677,0.32262391936379065,0.11826919754552959,0.36658533495828394
2.1959,5.1684,6.18939,0.272995292091175,0.13208254067498496,0.4838271739531391
2.2959,5.2684,6.19552,0.4467534601356009,0.17417380701233148,0.38986560274086146
2.1959,5.2684,6.19291,0.22063194469469968,0.11329833419260961,0.5135173619096121
2.0959,5.2684,6.19029,0.298344771939341,0.19144879205255974,0.6417031906008556
1.9959,5.2684,6.18767,0.25219926476409815,0.10603137587676473,0.4204269825129912
1.9959,5.3684,6.19118,0.224678727221661,0.15372540457754702,0.684200976561018
2.0959,5.3684,6.1938,0.2538250870197436,0.11872434849978836,0.4677407969944022
2.1959,5.3684,6.19642,0.24702122337770022,0.12149756633418177,0.4918507190307678
2.2959,5.3684,6.19904,0.4635200470506561,0.22805588431007928,0.49200867526913256
2.2959,5.4684,6.20255,0.3840251938326587,0.141533606168301,0.3685529190305548
2.1959,5.4684,6.19993,0.21950984866988787,0.11914944340263159,0.5427977110121182
2.0959,5.4684,6.19731,0.22574335579736937,0.11584492281955043,0.5131709077787192
1.9959,5.4684,6.19469,0.19618569317445103,0.11667753810471794,0.5947301060376847
1.9959,5.5684,6.1982,0.2813043559631131,0.157019155307014,0.5581824524878798
2.0959,5.5684,6.20082,0.250580127241468,0.20162680123794813,0.8046400305466096
2.1959,5.5684,6.20344,0.2928752233361581,0.11103026043724774,0.37910431334032224
2.2959,5.5684,6.20606,0.3622344853031175,0.11744362140245,0.32421988012591696
2.3959,5.6684,6.21219,0.40179324257116733,0.11013338224017187,0.2741046154370418
2.2959,5.6684,6.20957,0.41882130972166526,0.22481775780730026,0.5367868171672227
2.1959,5.6684,6.20695,0.3237543343499717,0.14791512488351277,0.4568745780052464
2.0959,5.6684,6.20433,0.20288594370307367,0.13218165017812453,0.6515071855917932
1.9959,5.6684,6.20171,0.24177526189625884,0.08829158009853173,0.36518037207800014
2.0959,5.7684,6.20785,0.27416563815993883,0.15627895297484556,0.5700165565010659
2.1959,5.7684,6.21046,0.379161037936589,0.1954055052249911,0.5153628291777985
2.2959,5.7684,6.21308,0.3187897856942979,0.1980892491025075,0.6213789085841801
2.3959,5.7684,6.2157,0.32470307013912253,0.20291535767460003,0.6249258979524239
2.3959,5.8684,6.21921,0.5887025444562868,0.3129538588310977,0.531599297095166
2.2959,5.8684,6.2166,0.3199296265431434,0.2186846208367654,0.6835397621647746
2.1959,5.8684,6.21398,0.28960422035725547,0.16526431357964458,0.5706557500293838
2.0959,5.8684,6.21136,0.23386598946153692,0.13294001477215012,0.5684452667882017
2.0959,5.9684,6.21487,0.22203205965390485,0.12493013939823283,0.562667119302362
2.1959,5.9684,6.21749,0.25064098640571997,0.1370583575742741,0.5468313843627063
2.2959,5.9684,6.22011,0.26746723958949975,0.12980986581359558,0.48532996419607743
2.3959,5.9684,6.22273,0.2919067792840948,0.11576691966953334,0.39658866420798183
2.4959,6.0684,6.22886,0.8707849574159197,0.14757904551220435,0.16947817512850655
2.3959,6.0684,6.22624,0.3059398380014483,0.12613639620575845,0.4122915048584203
2.2959,6.0684,6.22362,0.34776539822064495,0.1480093529057735,0.4256011485417153
2.1959,6.0684,6.221,0.30089501921015455,0.16005134701142182,0.5319175685644597
2.0959,6.0684,6.21838,0.185018962465772,0.07935851758578512,0.4289209956004711
2.0959,6.1684,6.22189,0.39492229688129,0.2080808327475785,0.5268905665514391
2.1959,6.1684,6.22451,0.26276321646452294,0.12007681372307892,0.4569772563249587
2.2959,6.1684,6.22713,0.3667083178957081,0.18572328915969194,0.5064605303349341
2.3959,6.1684,6.22975,0.3522056541791002,0.17915509349974865,0.5086661482403302
2.4959,6.1684,6.23237,0.2863392437811119,0.1100065415512709,0.38418255248087435
2.4959,6.2684,6.23588,0.4657946622856354,0.13626919841602703,0.2925520823861734
2.3959,6.2684,6.23326,0.33230491250524696,0.1707300203887989,0.5137751924931387
2.2959,6.2684,6.23064,0.3156309549145167,0.20417165559854306,0.6468682884853277
2.1959,6.2684,6.22802,0.2714200822192487,0.16013422374673847,0.589986645193721
2.0959,6.2684,6.2254,0.25856988638090705,0.10937088933008804,0.42298386274173666
2.0959,6.3684,6.22892,0.19001040349014586,0.09475414398600211,0.49867871572051137
2.1959,6.3684,6.23153,0.2679505595565754,0.17361804339738932,0.6479480531210886
2.2959,6.3684,6.23415,0.26097244123869684,0.10191344164119392,0.3905141905308669
2.3959,6.3684,6.23677,0.25680963264626955,0.10074653510480899,0.3923004525440742
2.4959,6.3684,6.23939,0.6874009414855038,0.25453025345240876,0.3702791749198912
2.4959,6.4684,6.2429,0.377431903391703,0.1172879761587414,0.3107526817546704
2.3959,6.4684,6.24028,0.26037052836638386,0.13153803633902045,0.505195565582311
2.2959,6.4684,6.23767,0.2541289054311675,0.10694784100023542,0.4208409146483455
2.1959,6.4684,6.23505,0.2590992623380567,0.18251314142405878,0.7044139754667728
2.0959,6.4684,6.23243,0.20027334825424528,0.11078479253736565,0.5531679252534656
2.0959,6.5684,6.23594,0.18819293348093397,0.09988787908713363,0.5307738034555552
2.1959,6.5684,6.23856,0.25977621052011873,0.1272630073060038,0.4898947715466337
2.2959,6.5684,6.24118,0.2876804471083044,0.13591001556158416,0.47243396945367466
2.3959,6.5684,6.2438,0.22727918745043865,0.07872300165706196,0.34637136176064776
2.4959,6.5684,6.24642,0.4256366568133087,0.18904419589691565,0.44414453706188556
2.4959,6.6684,6.24993,0.5981787820896187,0.1266992338793159,0.21180830492970226
2.3959,6.6684,6.24731,0.27693724860351676,0.13607886408154216,0.49137075192208046
2.2959,6.6684,6.24469,0.2858957806614921,0.09425657611254959,0.3296885875491523
2.1959,6.6684,6.24207,0.26845580902866234,0.16863310423978178,0.6281596395694953
2.0959,6.6684,6.23945,0.1988952617381115,0.10852572701637533,0.5456425963493935
2.0959,6.7684,6.24296,0.1675796422771465,0.1047657106470813,0.6251696758835283
2.1959,6.7684,6.24558,0.24976082862791826,0.12196707665288249,0.4883354900883325
2.2959,6.7684,6.2482,0.23263893932286944,0.10109860899801137,0.43457303103373
2.3959,6.7684,6.25082,0.2923966073379442,0.11347888416635667,0.3880991821331251
2.4959,6.7684,6.25344,1.3577759846875583,0.2666214769723473,0.19636632255924036
2.4959,6.8684,6.25695,2.1974318366472287,1.1680569052436296,0.5315554665967767
2.3959,6.8684,6.25433,0.2927166376426694,0.13126474878241143,0.44843624140917954
2.2959,6.8684,6.25171,0.217873956957565,0.10629392164465362,0.48786887211745245
2.1959,6.8684,6.24909,0.24478318092581608,0.07246514280922185,0.296038079639071
2.0959,6.8684,6.24647,0.20919047076251882,0.0994479595881975,0.4753943103894761
2.0959,6.9684,6.24999,0.19802800641349744,0.14666007073129628,0.7406026722556555
2.1959,6.9684,6.25261,0.30259774632297387,0.12367612605162613,0.40871463041110023
2.2959,6.9684,6.25522,0.2726422431199249,0.13382019407883852,0.49082707267771464
2.3959,6.9684,6.25784,0.26848343246497924,0.10938866319205534,0.4074317070060698
2.4959,6.9684,6.26046,1.0665286180155882,0.14316384637017504,0.1342334785507674
2.4959,7.0684,6.26397,1.4504937728162057,0.5647826198187715,0.3893726608161978
2.3959,7.0684,6.26136,0.3216221531511636,0.16052744380408357,0.4991181180502671
2.2959,7.0684,6.25874,0.2752988943713728,0.1436943114709761,0.5219574593610076
2.1959,7.0684,6.25612,0.32181807928414596,0.12658718097039112,0.3933501226903485
2.0959,7.0684,6.2535,0.32606606921133313,0.16638887475857,0.5102919023773934
1.9959,7.1684,6.25439,0.1958707492887391,0.11192190454158348,0.5714069351753791
2.0959,7.1684,6.25701,0.28165250830620703,0.11561991377726971,0.4105055356069119
2.1959,7.1684,6.25963,0.2670068634843686,0.1266842619526831,0.4744606947532627
2.2959,7.1684,6.26225,0.32473099965966573,0.1338459112503219,0.4121747273607973
2.3959,7.1684,6.26487,0.4133641536604372,0.17990676967341723,0.43522586097584975
2.4959,7.1684,6.26749,2.0403397115778406,0.37296923015526084,0.1827976135732982
2.4959,7.2684,6.271,2.591531549259101,0.726216655029835,0.28022682387851106
2.3959,7.2684,6.26838,0.48429587714968986,0.18610034555516983,0.38426993566506973
2.2959,7.2684,6.26576,0.3249529299208517,0.18309843952678065,0.5634614206167573
2.1959,7.2684,6.26314,0.2498198038445584,0.14653560085647632,0.5865651905949496
2.0959,7.2684,6.26052,0.2762600037239638,0.11646103607160789,0.42156314523174543
1.9959,7.2684,6.2579,0.1871322422080921,0.12955243770900432,0.6923042025272229
1.9959,7.3684,6.26141,0.21760433619211783,0.11393440506442913,0.5235851778424079
2.0959,7.3684,6.26403,0.3044254291401103,0.1459976744564726,0.47958435952233774
2.1959,7.3684,6.26665,0.2546659914511001,0.1914451886896972,0.7517501162948086
2.2959,7.3684,6.26927,0.34929790182997783,0.20232769838943343,0.579241092859233
2.3959,7.3684,6.27189,0.8305572149662005,0.06939877591447406,0.08355688767004239
2.4959,7.3684,6.27451,2.477801689328531,0.3815216422957532,0.15397585849541623
2.4959,7.4684,6.27802,2.856959523368901,0.40175282495518577,0.14062251203385706
2.3959,7.4684,6.2754,1.1812390192200881,0.07520730109166204,0.06366814833234817
2.2959,7.4684,6.27278,0.30999946082243407,0.13097417622882904,0.4224980775171422
2.1959,7.4684,6.27016,0.30819347806972613,0.12182365361748132,0.3952830357750782
2.0959,7.4684,6.26754,0.2829609993253349,0.1086365994308051,0.3839278193455204
1.9959,7.4684,6.26493,0.3207691890940122,0.14706453539990208,0.45847463035734354
1.8959,7.4684,6.26231,0.3529967691301179,0.2030670443158574,0.5752660139532466
1.8959,7.5684,6.26582,0.2632433387788716,0.20357991881209267,0.7733525936741855
1.9959,7.5684,6.26844,0.36397159220449643,0.2566466812198032,0.7051283306627045
2.0959,7.5684,6.27106,0.3711135475199038,0.18119520183937507,0.4882473384501198
2.1959,7.5684,6.27368,0.4256206129411691,0.1063078056755877,0.24977128090899575
2.2959,7.5684,6.27629,0.8759226835239124,0.08992865449720465,0.10266734289311234
2.3959,7.5684,6.27891,2.1449036587021064,0.5455412723044274,0.25434301913333374
2.3959,7.6684,6.28243,2.8324542168474407,0.6410482485382213,0.22632254555970072
2.2959,7.6684,6.27981,1.5467274183772473,0.12755873661675785,0.08247008173591854
2.1959,7.6684,6.27719,1.0781919268494433,0.2055319330309059,0.19062648116044184
2.0959,7.6684,6.27457,0.3565684640543891,0.18954613030671977,0.5315841119303456
1.9959,7.6684,6.27195,0.5232077335669594,0.46642943464202336,0.8914803905174509
1.8959,7.6684,6.26933,0.23743723533574515,0.14343979875365434,0.6041166986754419
1.7959,7.6684,6.26671,0.1614505548120081,0.08890211237566248,0.5506460629954445
1.7959,7.7684,6.27022,0.30096754100502704,0.14373040256040498,0.4775611419106629
1.8959,7.7684,6.27284,0.30871745932492944,0.12565229346706278,0.4070138881740795
1.9959,7.7684,6.27546,0.4125031258964249,0.22780868175404437,0.5522592859362833
2.0959,7.7684,6.27808,0.3106953204204865,0.13995343721326078,0.4504523499866418
2.1959,7.7684,6.2807,1.266606025365164,0.18568194800928195,0.1465980299246955
2.2959,7.7684,6.28332,1.9760680263704997,0.7365625468195686,0.3727414932027588
2.2959,7.8684,6.28683,1.7396258694524334,0.31024403845520776,0.17833951765321845
2.1959,7.8684,6.28421,1.1624389492414244,0.09335809601773488,0.08031225732642372
2.0959,7.8684,6.28159,0.507025107145884,0.1298728394283148,0.25614676196093594
1.9959,7.8684,6.27897,0.26643981507229264,0.14932276341727124,0.5604371230206557
1.8959,7.8684,6.27635,0.3324009527075391,0.14966898873481246,0.4502664252785635
1.7959,7.8684,6.27373,0.40862853839834684,0.29615496861302426,0.7247535127473671
1.6959,7.8684,6.27112,0.16030219994083217,0.09036868408920375,0.5637395127612659
1.6959,7.9684,6.27463,0.1540281166572286,0.06296567184557295,0.4087933632642904
1.7959,7.9684,6.27725,0.22877544591240612,0.11770077371747414,0.5144816710904351
1.8959,7.9684,6.27987,0.2751740033576183,0.1407527748130531,0.5115046228772188
1.9959,7.9684,6.28248,0.26134164466390697,0.12366015490756879,0.473174319640482
2.0959,7.9684,6.2851,0.9972122525774175,0.04529141048728627,0.045418024467935546
2.1959,7.9684,6.28772,1.219317490121957,0.1555693852248316,0.12758726622487096
2.2959,7.9684,6.29034,1.6189070963054484,1.1154765594985592,0.6890306195112853
2.1959,8.0684,6.29123,1.1864842781644627,0.1012741024123077,0.08535646386227948
2.0959,8.0684,6.28862,1.151690905638333,0.08064123539343238,0.07001985949410305
1.9959,8.0684,6.286,0.2742312644490694,0.13872906650112085,0.5058834804260103
1.8959,8.0684,6.28338,0.3081599515509807,0.1334806998746436,0.43315394879454705
1.7959,8.0684,6.28076,0.2660335017500445,0.16335899706152276,0.6140542299631458
1.6959,8.0684,6.27814,0.18860496408120306,0.10560419026605752,0.5599226445630037
1.5959,8.1684,6.27903,0.17828143155764686,0.08011948921272134,0.449398955980533
1.6959,8.1684,6.28165,0.25777233946061984,0.1430373694151353,0.5548980535089075
1.7959,8.1684,6.28427,0.3324785867581736,0.11274621339815248,0.33910819489905314
1.8959,8.1684,6.28689,0.31109161291095744,0.12485864569864165,0.4013565153052823
1.9959,8.1684,6.28951,0.8581540866579005,0.048167627188680964,0.05612934546087268
2.0959,8.1684,6.29213,1.1763009229218224,0.10710910848924134,0.09105587388573345
2.1959,8.1684,6.29475,1.7838856618651282,0.598871470419058,0.33571180217509705
2.0959,8.2684,6.29564,1.5699721259486576,0.252322644084372,0.16071791333996183
1.9959,8.2684,6.29302,1.0628730580525578,0.06440941596400045,0.06059934954228135
1.8959,8.2684,6.2904,0.33497199872660177,0.1247344402317343,0.37237273773901425
1.7959,8.2684,6.28778,0.3166818531306737,0.1502418337131947,0.47442514380891854
1.6959,8.2684,6.28516,0.2950453610097781,0.1411815037333719,0.4785077902942965
1.5959,8.2684,6.28254,0.20117207602818862,0.12339392301033307,0.6133750043571796
1.4959,8.3684,6.28344,0.16841689193659687,0.06351856324378902,0.37715078644071853
1.5959,8.3684,6.28605,0.28697181416063305,0.16385513643876665,0.5709798954229296
1.6959,8.3684,6.28867,0.2821276957246092,0.13240127706872645,0.46929556748645523
1.7959,8.3684,6.29129,0.2948068859143044,0.10584589194929758,0.3590346664428499
1.8959,8.3684,6.29391,1.093884915701279,0.10068672423404743,0.09204507968692313
1.9959,8.3684,6.29653,1.1847716284148204,0.20317577313714752,0.17148939784200354
2.0959,8.3684,6.29915,1.2836523881154345,0.24711889143638766,0.19251231386652093
1.9959,8.4684,6.30004,1.158811577048298,0.1127054045089932,0.0972594740519198
1.8959,8.4684,6.29742,0.9843307566541251,0.10952969593210232,0.11127326378016343
1.7959,8.4684,6.2948,0.8503696266855487,0.040343553637140664,0.04744237372915834
1.6959,8.4684,6.29219,0.26716160036591097,0.11238557638963063,0.42066515635369994
1.5959,8.4684,6.28957,0.24958022177948297,0.10259016708006737,0.41105086912981065
1.4959,8.4684,6.28695,0.22189689764708934,0.08443002624401892,0.38049214360039707
1.3959,8.5684,6.28784,0.16694357746330452,0.06835881118602588,0.4094725429078077
1.4959,8.5684,6.29046,0.2111906694290493,0.07426481034895768,0.35164816016603123
1.5959,8.5684,6.29308,0.2897728550134978,0.11969490915432952,0.41306460244095
1.6959,8.5684,6.2957,0.44518106789214895,0.09321975592384983,0.20939739500879576
1.7959,8.5684,6.29832,0.9688534291922355,0.06319472683817566,0.06522630248711939
1.8959,8.5684,6.30094,0.9996996691747444,0.08486440238147169,0.08488989743442403
1.9959,8.5684,6.30355,1.3853237541268766,0.2598993348467996,0.1876090943164441
1.9959,8.6684,6.30707,2.107410578526017,0.2425979770342882,0.1151166172867786
1.8959,8.6684,6.30445,1.124169877723418,0.06936271889660676,0.06170127866890971
1.7959,8.6684,6.30183,1.0066346133709745,0.08873095725667525,0.08814614168644257
1.6959,8.6684,6.29921,1.006953550826113,0.10961071482347623,0.10885379443128305
1.5959,8.6684,6.29659,0.4165699234858887,0.1896201628615162,0.45519407948312807
1.4959,8.6684,6.29397,0.2394170390622891,0.10968426707581488,0.4581305804524562
1.3959,8.6684,6.29135,0.20156563289457194,0.07197462289241564,0.3570778503201569
1.3959,8.7684,6.29486,0.2098193110641875,0.12235418410594333,0.5831407199145411
1.4959,8.7684,6.29748,0.25340482149473476,0.11040533450527781,0.43568758421422465
1.5959,8.7684,6.3001,0.9947661419478455,0.04106490976437643,0.04128096849372806
1.6959,8.7684,6.30272,1.0246038217769715,0.06278453894852064,0.06127689318944111
1.7959,8.7684,6.30534,1.0112969126627487,0.05923927011024739,0.05857752492714544
1.8959,8.7684,6.30796,1.4298543275396052,0.22254448038831473,0.15564136576853527
1.8959,8.8684,6.31147,2.256730557573918,0.5320329164856027,0.2357538496122288
1.7959,8.8684,6.30885,1.098833527400563,0.08777889520445104,0.07988370669040623
1.6959,8.8684,6.30623,1.0230618641252307,0.07996130549815318,0.07815881746948325
1.5959,8.8684,6.30361,1.0391525238612627,0.08311312911075623,0.07998164581453941
1.4959,8.8684,6.30099,0.2581825090110295,0.12744222928575322,0.4936129475769751
1.3959,8.8684,6.29838,0.25633551937462756,0.13122537380790406,0.5119281718274932
1.2959,8.8684,6.29576,0.14641434372290724,0.04919636034830394,0.336007791978423
1.2959,8.9684,6.29927,0.17546667292216053,0.07209855351804678,0.4108959970423028
1.3959,8.9684,6.30189,0.27956639629430713,0.09291206401454224,0.3323434620401631
1.4959,8.9684,6.30451,0.8839599566129543,0.02328917986564203,0.026346419531127357
1.5959,8.9684,6.30713,1.0004505259159269,0.07395027036480695,0.07391696885471113
1.6959,8.9684,6.30974,0.9433974711528409,0.06376618424543849,0.06759206611770498
1.7959,8.9684,6.31236,1.4698336312761744,0.1932302887091968,0.1314640545688329
1.8959,8.9684,6.31498,2.2456626642786426,0.6761910894100509,0.30110982391349445
1.8959,9.0684,6.31849,1.6742808059751233,0.796108763209708,0.4754929760698318
1.7959,9.0684,6.31588,2.569271249710931,0.6719491414408093,0.2615329702990334
1.6959,9.0684,6.31326,0.9729764987904137,0.08166940564453579,0.08393769607597477
1.5959,9.0684,6.31064,1.0114272783241396,0.0653879591917286,0.06464919484876029
1.4959,9.0684,6.30802,1.0315392317686751,0.05273340660956671,0.051121086804570795
1.3959,9.0684,6.3054,0.29564752028776387,0.1363354454866534,0.46114185349484227
1.2959,9.0684,6.30278,0.19836350790820945,0.1095389209764664,0.5522130664635874
1.1959,9.0684,6.30016,0.18165657227250215,0.06239640714070127,0.3434855472616797
1.1959,9.1684,6.30367,0.17563060843473452,0.08037458813659158,0.4576342862608672
1.2959,9.1684,6.30629,0.24364255904333829,0.10021922262526034,0.4113370956977746
1.3959,9.1684,6.30891,0.8515869818844248,0.06295302392086534,0.07392436152741606
1.4959,9.1684,6.31153,1.0061185049436312,0.06658847392245427,0.0661835296689876
1.5959,9.1684,6.31415,0.9750870095744377,0.048821130895073644,0.05006848662293317
1.6959,9.1684,6.31677,1.351300879722929,0.05613169957884076,0.04153900912900317
1.7959,9.1684,6.31939,2.9566862948548494,0.3593961989371241,0.12155371354835184
1.8959,9.1684,6.32201,1.100567040536654,0.1637917624208681,0.14882488425330329
1.8959,9.2684,6.32552,1.9497501786671858,1.0149198083062947,0.5205383845637473
1.7959,9.2684,6.3229,2.852295371527518,0.6142890699603056,0.2153665697081468
1.6959,9.2684,6.32028,1.35103934121368,0.1528676206626252,0.11314816378722141
1.5959,9.2684,6.31766,1.0055519929983958,0.06425756662040316,0.06390277883970708
1.4959,9.2684,6.31504,1.0199433036082113,0.08460172645865302,0.08294747968770518
1.3959,9.2684,6.31242,1.010377669469414,0.04191435823256676,0.04148385252276757
1.2959,9.2684,6.3098,0.3122494473052316,0.09204301767427674,0.2947739970995126
1.1959,9.2684,6.30718,0.26225121817226593,0.16980571154902713,0.647492555925846
1.0959,9.2684,6.30456,0.1986677812162199,0.10748418145874679,0.5410247237913554
1.0959,9.3684,6.30808,0.2101786694804059,0.11230855636951717,0.5343480223143541
1.1959,9.3684,6.3107,0.3912982698144254,0.23507695973514908,0.6007615618812605
1.2959,9.3684,6.31332,1.1606330573410057,0.10068410698348769,0.08674930146669575
1.3959,9.3684,6.31593,0.9711676569608525,0.09814080834606449,0.10105444476310492
1.4959,9.3684,6.31855,0.9751887086077214,0.05646108524794616,0.057897599459037774
1.5959,9.3684,6.32117,0.957441026095806,0.055698410050510475,0.058174246279829915
1.6959,9.3684,6.32379,1.5394919429625449,0.09123429880015223,0.059262602326183085
1.7959,9.3684,6.32641,1.0880768636587337,0.14504742194613007,0.13330622751999163
1.8959,9.3684,6.32903,1.1060176542584215,0.1517542358855002,0.13720778805040915
1.7959,9.4684,6.32992,1.08245926851381,0.11088459801169424,0.102437663233219
1.6959,9.4684,6.3273,1.750388783196828,0.6365943555246597,0.36368740569852925
1.5959,9.4684,6.32468,1.0349754246398104,0.08336005169489313,0.08054302518719601
1.4959,9.4684,6.32207,1.062345969755404,0.05954570677164817,0.05605114385227823
1.3959,9.4684,6.31945,1.062222105845258,0.06629727704681924,0.06241376138003033
1.2959,9.4684,6.31683,1.012097443999901,0.08173213526557908,0.08075520371098484
1.1959,9.4684,6.31421,0.37880568606212817,0.11128205477453623,0.2937708140851001
1.0959,9.4684,6.31159,0.22805338616792342,0.09323921782495871,0.40884820607883243
0.9959,9.5684,6.31248,0.1976684548877334,0.08144340083969048,0.41202022288253626
1.0959,9.5684,6.3151,0.36866159165939977,0.14199938128232495,0.3851754142414591
1.1959,9.5684,6.31772,1.0338470091669756,0.052710495610078206,0.05098481220403181
1.2959,9.5684,6.32034,1.046178679581078,0.07200242774029239,0.06882421630798706
1.3959,9.5684,6.32296,1.0065240086575602,0.08037745351990079,0.07985646922332562
1.4959,9.5684,6.32558,1.0950837661933428,0.07221382739926001,0.06594365621023211
1.5959,9.5684,6.3282,1.5583704763902582,0.2197519690267741,0.14101394524349437
1.6959,9.5684,6.33082,2.271734729677082,0.7581860530523911,0.3337476172493803
1.7959,9.5684,6.33343,1.0814229024867523,0.10019760984668571,0.09265349348185564
1.6959,9.6684,6.33433,3.5220636215343717,0.29844350036456113,0.08473540867911566
1.5959,9.6684,6.33171,2.4259120838629684,0.2763711496882283,0.11392463540893907
1.4959,9.6684,6.32909,1.022842008964854,0.04925443521810584,0.04815448992748427
1.3959,9.6684,6.32647,1.0298705235921894,0.10233084004877233,0.0993628205726699
1.2959,9.6684,6.32385,1.0621908680649752,0.08226996863585123,0.07745309351578675
1.1959,9.6684,6.32123,1.0121644558498248,0.0931095166952525,0.09199050229152404
1.0959,9.6684,6.31861,0.8420037967895869,0.07058805889922252,0.0838334211417602
0.9959,9.6684,6.31599,0.2382815896570904,0.12280634534927803,0.5153832720606234
0.8959,9.7684,6.31689,0.18392349772329225,0.09554272836418432,0.5194699402026688
0.9959,9.7684,6.3195,0.3205508349712165,0.13539594807261854,0.42238526093615153
1.0959,9.7684,6.32212,0.9454136135750464,0.06713221321214377,0.07100829969888608
1.1959,9.7684,6.32474,0.9815633542360166,0.046831451537032255,0.04771108388972277
1.2959,9.7684,6.32736,1.0407078772524898,0.10512838253297371,0.10101622638863542
1.3959,9.7684,6.32998,1.0620043992983945,0.09489903781574738,0.08935842250601009
1.4959,9.7684,6.3326,1.115765550075946,0.06161510624923428,0.05522226980842021
1.5959,9.7684,6.33522,3.0150409439664623,0.6166505219863955,0.20452475884959484
1.4959,9.8684,6.33611,1.4737584444327876,0.1150943609313074,0.07809581099676366
1.3959,9.8684,6.33349,1.078454307503716,0.07796390240852147,0.0722922629786546
1.2959,9.8684,6.33087,1.0506565196506288,0.12535204837086145,0.1193083048802137
1.1959,9.8684,6.32825,1.0020836539322058,0.09165681976826916,0.09146623578640875
1.0959,9.8684,6.32564,0.9207107609041454,0.06989560354477459,0.07591483287991176
0.9959,9.8684,6.32302,0.9730334898280546,0.04795154553281608,0.04928046776816452
0.8959,9.8684,6.3204,0.23057911581726703,0.07382202256637425,0.3201591883320339
0.8959,9.9684,6.32391,0.938285364192214,0.06593763708304959,0.07027460898296803
0.9959,9.9684,6.32653,0.9443226384765362,0.09674190682553521,0.10244581976940394
1.0959,9.9684,6.32915,0.9788737208868614,0.08365003318670534,0.08545538755593342
1.1959,9.9684,6.33177,0.9844474218422421,0.07568503810207029,0.0768807316905126
1.2959,9.9684,6.33439,1.0020459196556353,0.12568467155954205,0.12542805583474162
1.3959,9.9684,6.337,1.1817300486532487,0.11241517609164582,0.09512762768430834
1.4959,9.9684,6.33962,3.18800213937112,0.7854944800492001,0.24639082588700845
1.3959,10.0684,6.34052,1.731611666276341,0.22762526725101753,0.13145283765643775
1.2959,10.0684,6.3379,1.1151535978210485,0.2530209118826898,0.226893328754962
1.1959,10.0684,6.33528,1.0070441102930041,0.07605623629729867,0.07552423525437209
1.0959,10.0684,6.33266,1.0418458315373544,0.09701671692082452,0.09312003175908092
0.9959,10.0684,6.33004,0.9618398617300628,0.04981237071726747,0.051788632078181795
0.8959,10.0684,6.32742,1.0038033032374611,0.05127861055535322,0.051084321390425506
0.7959,10.0684,6.3248,1.0755103316870411,0.0933491443620182,0.08679520931760006
0.6959,10.1684,6.32569,0.48073724029868214,0.10058584162515591,0.2092324729464726
0.7959,10.1684,6.32831,1.012775943357847,0.08288190449072921,0.08183636769247818
0.8959,10.1684,6.33093,1.0376343280506215,0.09011705739731421,0.08684856982961901
0.9959,10.1684,6.33355,0.9801263108964797,0.09892513135605763,0.10093100272512329
1.0959,10.1684,6.33617,1.0432581313626264,0.12122341040767427,0.11619694758510174
1.1959,10.1684,6.33879,1.071493363741424,0.13307364962582852,0.12419456258801642
1.2959,10.1684,6.34141,1.6007877364121317,0.18056333572326821,0.11279655110799848
1.3959,10.1684,6.34403,3.121129622173706,0.8942159161388928,0.2865039342762437
1.2959,10.2684,6.34492,3.1866061135229478,0.29812890365736117,0.09355687306071386
1.1959,10.2684,6.3423,1.1011860610322992,0.11293737088338286,0.10255975341488659
1.0959,10.2684,6.33968,1.0343128267311215,0.07165770287732842,0.0692804933143853
0.9959,10.2684,6.33706,0.9706505750034422,0.0923194756181132,0.09511092662546025
0.8959,10.2684,6.33444,0.9984803238669457,0.058768059134188845,0.05885750347747472
0.7959,10.2684,6.33183,0.9599222664378635,0.061198269317093455,0.063753359471691
0.6959,10.2684,6.32921,0.9961537613669795,0.08702054725423014,0.08735654135845006
0.5959,10.2684,6.32659,0.36643407004778505,0.1628503680490298,0.4444192867431601
0.5959,10.3684,6.3301,1.0298045263454065,0.10457842780913569,0.10155172669542051
0.6959,10.3684,6.33272,0.9649844380882178,0.0544468569743379,0.05642252333333528
0.7959,10.3684,6.33534,0.9899793851431825,0.13112727655634632,0.13245455261412453
0.8959,10.3684,6.33796,0.9996756621704381,0.07277714653968537,0.07280075857971356
0.9959,10.3684,6.34058,0.9825938534338379,0.10398192389740885,0.10582391039189457
1.0959,10.3684,6.34319,1.2803317728737813,0.11312559372387997,0.08835646831599188
1.1959,10.3684,6.34581,2.3756150544379424,0.34202733309668726,0.1439742236258934
1.2959,10.3684,6.34843,3.6544963045959316,1.3576234501226014,0.37149399998441385
1.1959,10.4684,6.34933,2.4508960029297944,0.6585870675528493,0.2687127755586431
1.0959,10.4684,6.34671,1.9384912576809943,0.4354715484070504,0.22464457690049242
0.9959,10.4684,6.34409,1.3377935982036475,0.0833331789267729,0.062291506730687306
0.8959,10.4684,6.34147,1.1062096612056755,0.08458393586651512,0.07646284319586012
0.7959,10.4684,6.33885,1.0514410026895695,0.08501448854015918,0.08085521519770815
0.6959,10.4684,6.33623,0.966747747351208,0.08067870843621237,0.0834537330521472
0.5959,10.4684,6.33361,1.0237671123001282,0.11833165450586362,0.11558454367615341
0.4959,10.4684,6.33099,0.986732972461913,0.08927893261487155,0.09047932430201387
0.4959,10.5684,6.3345,1.1291447275530373,0.09332455946199669,0.08265066220894444
0.5959,10.5684,6.33712,0.9906883274291161,0.09557629013852528,0.09647463030734435
0.6959,10.5684,6.33974,0.9689600238393095,0.07260522517982192,0.07493108424859293
0.7959,10.5684,6.34236,0.9801004007168492,0.06951782599621505,0.07092929045368151
0.8959,10.5684,6.34498,1.0245230801063558,0.06836400699345169,0.06672763973882835
0.9959,10.5684,6.3476,1.5514128814686377,0.20331195135548294,0.13104954444043204
1.0959,10.5684,6.35022,3.244478126872237,0.5236095959746598,0.1613848438791706
1.0959,10.6684,6.35373,2.157228070829586,0.15210229399374903,0.0705082119273816
0.9959,10.6684,6.35111,2.4446780971702973,0.2302151224941883,0.09416991249713455
0.8959,10.6684,6.34849,1.1996886300905483,0.12379432845486105,0.10318871526315748
0.7959,10.6684,6.34587,1.0663166226614995,0.08686503803083162,0.0814627064651948
0.6959,10.6684,6.34325,0.9932983073921529,0.07102109270485937,0.07150026550565775
0.5959,10.6684,6.34063,0.897416892062678,0.09698858491939909,0.10807528337969499
0.4959,10.6684,6.33801,1.0045208106056043,0.06277649284749283,0.06249396944762768
0.3959,10.6684,6.3354,1.0444294466389183,0.08523304134944966,0.0816072752676003
0.2959,10.7684,6.33629,0.9555129236692632,0.05247957420109313,0.05492293500287408
0.3959,10.7684,6.33891,0.9634474613039117,0.08116072929688849,0.0842399119377481
0.4959,10.7684,6.34153,0.9132221748354503,0.09457377626997948,0.10356053420080424
0.5959,10.7684,6.34415,0.9152279360523222,0.07802723142773392,0.0852544249952541
0.6959,10.7684,6.34676,1.0400477837028497,0.04801714454151961,0.04616821005143213
0.7959,10.7684,6.34938,1.3576948233999302,0.1442211999416917,0.10622504958848848
0.8959,10.7684,6.352,2.152677701988101,0.23084948465561306,0.10723829416842683
0.9959,10.7684,6.35462,3.3030378693422255,1.353405166252034,0.40974557961140007
0.8959,10.8684,6.35551,2.6843386127611066,0.29541722224654887,0.11005214500218478
0.7959,10.8684,6.3529,1.562475921888376,0.19338561335614385,0.1237686998225368
0.6959,10.8684,6.35028,1.3675726141899656,0.17657159528503213,0.12911314065002555
0.5959,10.8684,6.34766,0.9864050391733663,0.09017815731120998,0.09142102253125317
0.4959,10.8684,6.34504,1.0395511842176952,0.10064148598618473,0.09681243936239808
0.3959,10.8684,6.34242,1.1278832635122855,0.07144227757380262,0.06334190770002894
0.2959,10.8684,6.3398,0.9799667086129553,0.061093767027248884,0.06234269643069915
0.1959,10.9684,6.34069,1.020649865528608,0.09014550811644065,0.08832167735578263
0.2959,10.9684,6.34331,1.0435439023462758,0.06757689672371661,0.06475711905534454
0.3959,10.9684,6.34593,1.063779104314715,0.033921982924587375,0.03188818316415406
0.4959,10.9684,6.34855,0.9845292534227064,0.08512397457499521,0.08646160007847663
0.5959,10.9684,6.35117,1.0485127998855819,0.06130085342888137,0.05846457328472364
0.6959,10.9684,6.35379,1.5300661140079437,0.1172938578334779,0.07665933959300071
0.7959,10.9684,6.35641,2.217150992471551,0.5848406078200524,0.2637802340958773
0.7959,11.0684,6.35992,2.330537399615245,0.799315247120983,0.3429746492173626
0.6959,11.0684,6.3573,2.751041944920032,0.6882316655132343,0.25017127302769643
0.5959,11.0684,6.35468,1.0040854905713261,0.08921340556139454,0.0888504080570191
0.4959,11.0684,6.35206,1.0700531912943885,0.07536938565716195,0.07043517674667318
0.3959,11.0684,6.34944,1.0961993606213873,0.09025117909582452,0.08233099045475184
0.2959,11.0684,6.34682,1.0194804024557569,0.08566000764693231,0.08402320185909583
0.1959,11.0684,6.3442,1.0576810559514898,0.22216691243321499,0.21005095173360522
0.0959,11.0684,6.34159,0.5167900988886197,0.07317746855503633,0.14159998171870505
0.0959,11.1684,6.3451,0.8779099748447228,0.05079622485258385,0.05786040289788057
0.1959,11.1684,6.34772,0.9976012082039922,0.060705437445891235,0.06085140730250401
0.2959,11.1684,6.35034,1.0707869779177324,0.09855475164066947,0.09203955004413711
0.3959,11.1684,6.35295,1.0479767229229915,0.03710042093424356,0.035401951324609535
0.4959,11.1684,6.35557,1.088724227569785,0.10302302424976785,0.09462729095294638
0.5959,11.1684,6.35819,1.2031706903962545,0.10775188501099102,0.08955660728030519
0.6959,11.1684,6.36081,3.2011754065686437,0.5752877126212618,0.1797113995817916
0.6959,11.2684,6.36432,2.8406385162595718,0.3793569527247449,0.13354636661910277
0.5959,11.2684,6.3617,1.8389655462050025,0.34125441705326154,0.18556868439296986
0.4959,11.2684,6.35909,1.6296804570765702,0.2890051953908554,0.1773385660580923
0.3959,11.2684,6.35647,1.1355540154309678,0.12484840134805715,0.10994492525366521
0.2959,11.2684,6.35385,1.0302993858754685,0.08021419299156614,0.07785522741373502
0.1959,11.2684,6.35123,1.0381369805811307,0.07755669337720561,0.0747075721488996
0.0959,11.2684,6.34861,0.9588089565156874,0.09910154879388734,0.10335901445270439
-0.0041,11.2684,6.34599,0.9786177408920812,0.11528040794610461,0.11779922142124477
-0.1041,11.3684,6.34688,0.26043736101662235,0.12112720621893437,0.465091512777245
-0.0041,11.3684,6.3495,0.9568878759444571,0.03841171515394324,0.04014233654703852
0.0959,11.3684,6.35212,0.871677230471932,0.030744175219551008,0.03527013686351071
0.1959,11.3684,6.35474,0.9537694351635773,0.058112100423898215,0.06092887681385139
0.2959,11.3684,6.35736,1.0421115156695175,0.09000237116390686,0.08636539354052115
0.3959,11.3684,6.35998,1.2865986063742267,0.1260114030623006,0.09794150439616463
0.4959,11.3684,6.3626,2.9411612997064784,0.4423963524611984,0.15041553569515165
0.5959,11.3684,6.36522,3.838803785908644,0.9639019948495825,0.2510943639234291
0.5959,11.4684,6.36873,2.852544129010085,1.0491527160767449,0.36779543755588845
0.4959,11.4684,6.36611,3.955957519286257,1.4249008044011113,0.36019112881126064
0.3959,11.4684,6.36349,1.3150582565183238,0.16626526826442892,0.12643186523509897
0.2959,11.4684,6.36087,1.1268142580469296,0.09182421318535777,0.08149010587114303
0.1959,11.4684,6.35825,0.9809501432825035,0.05847260039000566,0.05960812666211738
0.0959,11.4684,6.35563,0.9496574797795316,0.05089714687546652,0.053595267724614336
-0.0041,11.4684,6.35301,0.9611729587451034,0.06690132895479538,0.06960384012690182
-0.1041,11.4684,6.35039,0.959904366865255,0.07060753192360279,0.07355683999457646
-0.2041,11.5684,6.35129,0.4519029689781787,0.0800636992985947,0.17717011127329146
-0.1041,11.5684,6.35391,0.9249619826671708,0.05366532655522486,0.058018953817408146
-0.0041,11.5684,6.35652,0.9147023857525417,0.06004951634799417,0.06564923988756231
0.0959,11.5684,6.35914,1.0322141834190757,0.08111404433150847,0.07858257097652806
0.1959,11.5684,6.36176,0.978275939976277,0.0603801076363847,0.061720936975971114
0.2959,11.5684,6.36438,1.0262758784004027,0.07703728569518499,0.07506488977920692
0.3959,11.5684,6.367,1.7384616092229368,0.2854735036341141,0.16421041576046996
0.4959,11.5684,6.36962,3.579316967702023,0.7554578913787364,0.21106202613392805
0.4959,11.6684,6.37313,3.2012678055550254,0.8911233752705671,0.27836576925061945
0.3959,11.6684,6.37051,3.031619759394528,0.5986760675291389,0.19747729433215788
0.2959,11.6684,6.36789,1.2762643994501293,0.10197538483737714,0.07990145684649091
0.1959,11.6684,6.36527,1.046565605575572,0.05327832075942657,0.05090776963774333
0.0959,11.6684,6.36266,0.9943797211684373,0.04793724387940182,0.048208187334184145
-0.0041,11.6684,6.36004,0.9165697674758789,0.09314542032491678,0.10162392829236325
-0.1041,11.6684,6.35742,0.9325515717225981,0.05481130382164966,0.058775627518811505
-0.2041,11.6684,6.3548,0.9274982334080061,0.08561401981837333,0.09230639664271119
-0.3041,11.7684,6.35569,0.9430614698267099,0.05532211425551452,0.05866225694246644
-0.2041,11.7684,6.35831,0.8748481427626104,0.05861227612931008,0.06699708585334962
-0.1041,11.7684,6.36093,0.9702721227069769,0.09540352348091687,0.09832656349514518
-0.0041,11.7684,6.36355,0.9592492883543603,0.11695908546653365,0.12192772711583946
0.0959,11.7684,6.36617,0.9568290235734939,0.11543450467516905,0.12064277089343804
0.1959,11.7684,6.36879,1.0126227305047935,0.08178833966052183,0.0807688166546985
0.2959,11.7684,6.37141,2.6197904841858666,0.8142727851508038,0.31081599466296617
0.3959,11.7684,6.37402,2.9398035827686266,0.985515602743893,0.3352317850486329
0.3959,11.8684,6.37754,2.861357558970078,0.322623969912359,0.11275206375413102
0.2959,11.8684,6.37492,3.31109679741593,1.5622478051623783,0.4718218465801419
0.1959,11.8684,6.3723,1.2522292104216022,0.15180681104404736,0.12122925242491096
0.0959,11.8684,6.36968,0.9826276034979131,0.051243064529916754,0.05214901794688448
-0.0041,11.8684,6.36706,0.9447775220842948,0.10265596493465856,0.10865623126615771
-0.1041,11.8684,6.36444,0.9289691858868186,0.07332211017218765,0.07892846316769099
-0.2041,11.8684,6.36182,0.8288385516936272,0.0470148906254886,0.05672382218397008
-0.3041,11.8684,6.3592,0.9032581621789578,0.03429982760920889,0.037973448838221784
-0.4041,11.8684,6.35658,0.9320279259081824,0.04599865770362272,0.04935330414998126
-0.5041,11.9684,6.35748,0.789834759967191,0.12473569820915845,0.1579263214679737
-0.4041,11.9684,6.3601,1.0383272801271541,0.07868787334003763,0.07578330536630172
-0.3041,11.9684,6.36271,0.9392446225595148,0.05795680672048222,0.061705763683315436
-0.2041,11.9684,6.36533,0.868745765223786,0.07451079505292024,0.08576823972629842
-0.1041,11.9684,6.36795,0.9542940631736071,0.12558061692147504,0.13159530355228582
-0.0041,11.9684,6.37057,1.0493867718871335,0.08856734601624928,0.084399144709035
0.0959,11.9684,6.37319,0.9531227761166221,0.048412734946995155,0.050793807639606205
0.1959,11.9684,6.37581,1.7502965256964171,0.2536901412658683,0.14494123569429399
0.2959,11.9684,6.37843,3.7146827304047725,1.1999029016728044,0.3230162543496834
0.2959,12.0684,6.38194,2.583168645487718,1.4339387875983904,0.5551084673094017
0.1959,12.0684,6.37932,3.485316362689886,0.625474499772238,0.17945989249868594
0.0959,12.0684,6.3767,1.060629141188403,0.0637037640858376,0.06006224193921303
-0.0041,12.0684,6.37408,0.9961771958696698,0.0871043160434229,0.08743857659518116
-0.1041,12.0684,6.37146,0.9811291461966988,0.07512278811466593,0.07656768571790563
-0.2041,12.0684,6.36885,1.0173120119419958,0.057690783176880256,0.05670903567407166
-0.3041,12.0684,6.36623,0.9436446684074715,0.07045388179858844,0.0746614527240311
-0.4041,12.0684,6.36361,0.951096138062353,0.08331137854853876,0.08759511811105361
-0.5041,12.0684,6.36099,0.8441300353736663,0.08197596376580432,0.09711295692673284
-0.6041,12.1684,6.36188,0.896909399819409,0.04475808736797442,0.04990257363451244
-0.5041,12.1684,6.3645,0.921823731004794,0.08522469777414463,0.09245227141337438
-0.4041,12.1684,6.36712,0.860803258358605,0.06024543272875448,0.06998745897364694
-0.3041,12.1684,6.36974,0.8168935465773492,0.07042945675110149,0.0862161992173759
-0.2041,12.1684,6.37236,0.9093300431949578,0.07200671530507585,0.0791865570085842
-0.1041,12.1684,6.37498,0.9743784089093255,0.09851238758868494,0.10110280224595206
-0.0041,12.1684,6.3776,1.0399071990479132,0.08435230706264443,0.0811152256084708
0.0959,12.1684,6.38021,1.086016477170715,0.08201283531754819,0.07551711879290049
0.1959,12.1684,6.38283,2.4298923724138572,2.1721140680031126,0.8939136945581391
0.0959,12.2684,6.38373,3.2659477776496915,1.0888587944957981,0.33339749090519294
-0.0041,12.2684,6.38111,1.0492433861027608,0.10199435435345744,0.09720752658951554
-0.1041,12.2684,6.37849,1.0040861457279127,0.05495123642566444,0.0547276114300208
-0.2041,12.2684,6.37587,1.0222932623796535,0.04792759559760734,0.0468824332129935
-0.3041,12.2684,6.37325,0.9812487728263081,0.1142501615896335,0.1164334313107539
-0.4041,12.2684,6.37063,0.9410134498666295,0.05710950598083323,0.06068936207971034
-0.5041,12.2684,6.36801,0.9183623530579004,0.05162094517132977,0.05620977928749569
-0.6041,12.2684,6.36539,0.9600358647291015,0.06329406753126861,0.06592885730277237
-0.7041,12.2684,6.36277,1.0135840360484136,0.08291041071906284,0.08179924680177446
-0.7041,12.3684,6.36628,0.8629735538855515,0.06455293891039907,0.07480291675190795
-0.6041,12.3684,6.3689,0.8800531796793976,0.07168360975824108,0.08145372508551738
-0.5041,12.3684,6.37152,0.9730481557228952,0.09080259151433533,0.09331767495810774
-0.4041,12.3684,6.37414,0.8960991158249151,0.07303581077668572,0.08150416565186733
-0.3041,12.3684,6.37676,0.9599898903629995,0.02649073078993925,0.027594801836842625
-0.2041,12.3684,6.37938,1.1365012736769626,0.07090114212148826,0.062385448889203
-0.1041,12.3684,6.382,1.3548115959651617,0.05282853510007222,0.038993270545811504
-0.0041,12.3684,6.38462,3.0403396928122612,0.6593498917822205,0.21686717880275191
0.0959,12.3684,6.38724,1.0529260043341475,0.09319249965641886,0.08850811858840187
-0.0041,12.4684,6.38813,2.72640377548601,0.6573912640484473,0.24112028818301515
-0.1041,12.4684,6.38551,2.6637645638141434,0.4937654016370952,0.18536375486957124
-0.2041,12.4684,6.38289,1.0658564850738332,0.06517609184452133,0.06114903156029163
-0.3041,12.4684,6.38027,0.951309182170144,0.05831855331882726,0.061303469378682855
-0.4041,12.4684,6.37765,0.8717002681286475,0.13086908685975815,0.15013083240263977
-0.5041,12.4684,6.37503,0.9844669789663483,0.0653916550284842,0.06642341127291325
-0.6041,12.4684,6.37242,0.9463187765133956,0.09087714775307816,0.09603227792637141
-0.7041,12.4684,6.3698,0.9050564692750529,0.042040254650794036,0.046450421689674386
-0.8041,12.4684,6.36718,0.805487144846699,0.07508638890806223,0.0932186061421908
-0.9041,12.5684,6.36807,0.902885160205195,0.0648820579091407,0.07186080884793279
-0.8041,12.5684,6.37069,0.827370782232838,0.061505737855195156,0.07433878398413912
-0.7041,12.5684,6.37331,0.8738394278729992,0.06616262045766973,0.07571484914421323
-0.6041,12.5684,6.37593,0.9389383223100609,0.07190070794836435,0.07657660385132405
-0.5041,12.5684,6.37855,1.0204501393636163,0.05590580966817913,0.054785439789389115
-0.4041,12.5684,6.38117,0.9418261061677786,0.07237898710926292,0.07684962928429295
-0.3041,12.5684,6.38378,1.0429055712557094,0.0525680863823523,0.05040541332908765
-0.2041,12.5684,6.3864,1.3630520360445249,0.1094495957193808,0.08029744487011321
-0.1041,12.5684,6.38902,2.4587223721613367,1.5993107762359255,0.6504641574599793
-0.2041,12.6684,6.38992,2.9806119636589377,1.6789112968704532,0.5632773797262278
-0.3041,12.6684,6.3873,1.1076980689509344,0.03286427841506721,0.02966898592338607
-0.4041,12.6684,6.38468,1.0378307066094972,0.09308300860697151,0.08968997353245176
-0.5041,12.6684,6.38206,0.9495701202274767,0.038145988776437025,0.04017185036034923
-0.6041,12.6684,6.37944,0.9582815341944242,0.057872389001119226,0.060391844083450316
-0.7041,12.6684,6.37682,0.9249088079780746,0.08284799174443383,0.08957422724251728
-0.8041,12.6684,6.3742,0.8869043483345322,0.06377009325982994,0.07190188364684445
-0.9041,12.6684,6.37158,0.8241508126849336,0.07237943559585121,0.08782304704651343
-1.0041,12.7684,6.37247,0.8413651650012068,0.04387811506249603,0.05215109549066379
-0.9041,12.7684,6.37509,0.8626109555643312,0.05140286265220998,0.05958985603026751
-0.8041,12.7684,6.37771,0.8981745486935001,0.060947466649567364,0.06785704041405156
-0.7041,12.7684,6.38033,0.9954276310351513,0.06209087093777418,0.06237607737812693
-0.6041,12.7684,6.38295,0.9641231721366156,0.062065474636422535,0.06437504712066801
-0.5041,12.7684,6.38557,1.0068279083071985,0.1087491273164881,0.10801163378489415
-0.4041,12.7684,6.38819,1.075225098131732,0.06835589709959351,0.06357356912368023
-0.3041,12.7684,6.39081,2.7920601506598626,1.0262163245554312,0.36754807173939286
-0.4041,12.8684,6.3917,2.0437559572279316,0.685818182621873,0.3355675515936302
-0.5041,12.8684,6.38908,0.9883935629699139,0.07878239589285749,0.07970751615999302
-0.6041,12.8684,6.38646,1.088858482793292,0.041091774110741906,0.03773839737679
-0.7041,12.8684,6.38384,1.0042746927620831,0.05780030666264255,0.05755427979935733
-0.8041,12.8684,6.38122,0.9046715533286906,0.07473360675896461,0.08260855167158324
-0.9041,12.8684,6.37861,0.8931668322554172,0.04151626176376176,0.046482090763407834
-1.0041,12.8684,6.37599,0.8290363844010903,0.07593798684936481,0.09159789398655124
-1.1041,12.9684,6.37688,0.7869425999787963,0.030295176366688423,0.03849731399406349
-1.0041,12.9684,6.3795,0.8006426971829106,0.03494188952031257,0.04364230092056898
-0.9041,12.9684,6.38212,0.8903406062951345,0.09237135643046805,0.10374833606078206
-0.8041,12.9684,6.38474,0.9440065243718108,0.08943503351739401,0.09473984682140683
-0.7041,12.9684,6.38736,1.0167337504581286,0.05253883950008247,0.05167413738002606
-0.6041,12.9684,6.38997,1.0225559209836754,0.07955145794819997,0.07779668213321114
-0.5041,12.9684,6.39259,1.1409943461437626,0.09546244739499203,0.08366601264732647
-0.5041,13.0684,6.39611,1.873468970816115,0.3754585264647822,0.20040819053502984
-0.6041,13.0684,6.39349,1.2001102469159686,0.09832324871775311,0.08192851362649659
-0.7041,13.0684,6.39087,1.0578238336474952,0.07904399333330718,0.07472321082117674
-0.8041,13.0684,6.38825,0.9140747267207106,0.04614420747050425,0.050481876504833406
-0.9041,13.0684,6.38563,0.8949213388332916,0.07727596460534289,0.08634944911034026
-1.0041,13.0684,6.38301,0.8858348510668647,0.08000409179859862,0.09031490655650411
-1.1041,13.0684,6.38039,0.7832152151961072,0.05566049564241262,0.07106666796364003
-1.2041,13.0684,6.37777,0.8141739712935504,0.07544826313935019,0.09266847848191319
-1.2041,13.1684,6.38128,0.888562199828854,0.06255047960745316,0.07039516155368866
-1.1041,13.1684,6.3839,0.814473885923347,0.059374654556733526,0.07289939626415656
-1.0041,13.1684,6.38652,0.9191945550704677,0.04457528479425427,0.04849385208862233
-0.9041,13.1684,6.38914,0.8734593035693134,0.06899345609607416,0.07898874717361022
-0.8041,13.1684,6.39176,0.9648149866888845,0.0537135234149848,0.05567235600197547
-0.7041,13.1684,6.39438,1.2360654278320335,0.13285587719783326,0.10748288416322148
-0.6041,13.1684,6.397,1.3182142673165917,0.10100996104629505,0.07662636003167744
-0.7041,13.2684,6.39789,1.2136778675458768,0.06103716646305448,0.050291076483478254
-0.8041,13.2684,6.39527,1.3023693838213894,0.12050187540665298,0.09252511376847518
-0.9041,13.2684,6.39265,0.9861104608818924,0.06315317157086424,0.06404269508953944
-1.0041,13.2684,6.39003,0.9078445516606525,0.08454010554394185,0.09312178543044504
-1.1041,13.2684,6.38741,0.8782746358048016,0.056180050426183056,0.06396638151197753
-1.2041,13.2684,6.38479,0.7861603049213378,0.059565077950628216,0.07576708920273992
-1.3041,13.3684,6.38569,0.9120580428461695,0.049460431513382246,0.054229477938746044
-1.2041,13.3684,6.38831,0.8356426974979682,0.04891725852623543,0.058538486212708594
-1.1041,13.3684,6.39093,0.9789944845629293,0.07180751779114153,0.07334823527958882
-1.0041,13.3684,6.39354,0.9203129439095313,0.07218378519206935,0.07843395626429998
-0.9041,13.3684,6.39616,0.9431237548026635,0.062071064942332825,0.06581433732980291
-0.8041,13.3684,6.39878,1.585441844759811,0.19926026718046064,0.12568122119335629
-0.7041,13.3684,6.4014,4.153425404585886,1.7040577183707102,0.4102776750219767
-0.8041,13.4684,6.40229,2.175786432476703,0.5242463342566105,0.2409456766672911
-0.9041,13.4684,6.39968,0.9753052728970018,0.07050622320061042,0.07229144059806218
-1.0041,13.4684,6.39706,0.9701429445443089,0.06486297332888896,0.06685919193006769
-1.1041,13.4684,6.39444,0.9345435953995095,0.09895463616409622,0.10588552171479379
-1.2041,13.4684,6.39182,0.7754465572543581,0.04677994989314347,0.060326465383737524
-1.3041,13.4684,6.3892,0.7916524408311595,0.05095898966188563,0.06437040680173178
-1.4041,13.5684,6.39009,0.8492775900187091,0.05600357864777349,0.06594260734766329
-1.3041,13.5684,6.39271,0.8116169472853784,0.02976085895236481,0.03666860216744634
-1.2041,13.5684,6.39533,0.7935329445566323,0.06549888253403988,0.08254084847181213
-1.1041,13.5684,6.39795,0.9527496203611827,0.0466516087984363,0.04896523472845983
-1.0041,13.5684,6.40057,0.9824986249957824,0.06916134249068591,0.07039332242422507
-0.9041,13.5684,6.40319,0.993687029060878,0.05481285152877833,0.05516108183537558
-0.8041,13.5684,6.40581,1.0373106776887366,0.11076395626882823,0.10677992490699581
-0.9041,13.6684,6.4067,1.2258964035064037,0.09318349782129456,0.07601253870617772
-1.0041,13.6684,6.40408,0.9817869032088222,0.0508706165406708,0.05181431568745506
-1.1041,13.6684,6.40146,0.9281100811173685,0.06624310154911504,0.07137418599026936
-1.2041,13.6684,6.39884,0.8722590367822528,0.0835978874684375,0.09584066652588495
-1.3041,13.6684,6.39622,0.9030848125265644,0.05507563340780979,0.06098611408791656
-1.4041,13.6684,6.3936,0.8149887358274424,0.052099398441416686,0.06392652579243463
-1.4041,13.7684,6.39712,0.8598025849975514,0.03704104821315852,0.04308087560967732
-1.3041,13.7684,6.39973,0.887871110199279,0.07149904777801769,0.08052863411894326
-1.2041,13.7684,6.40235,0.8937167032667329,0.05270680037538772,0.05897484088943696
-1.1041,13.7684,6.40497,0.9463538399365115,0.052067057689048235,0.05501859398863039
-1.0041,13.7684,6.40759,1.1153120154454605,0.07755296459097827,0.06953477010646503
-1.1041,13.8684,6.40848,2.2062318069369886,0.9523107853458892,0.4316458417250476
-1.2041,13.8684,6.40587,0.9584284125030738,0.06871532702335799,0.07169583677501591
-1.3041,13.8684,6.40325,0.8547236848908121,0.09775929445851654,0.11437531940045038
-1.4041,13.8684,6.40063,0.863393851088267,0.034832074595071316,0.040343204380210884
-1.5041,13.8684,6.39801,0.9385434488120703,0.1081652148581793,0.11524795681551639
-1.5041,13.9684,6.40152,0.8815505903654568,0.09635731338193775,0.10930434899033047
-1.4041,13.9684,6.40414,0.9057053361705105,0.0625370800209626,0.069047931510905
-1.3041,13.9684,6.40676,0.8454730117460068,0.07521658815595272,0.08896391382218237
-1.2041,13.9684,6.40938,0.9085484701170975,0.055070449978041315,0.06061366210978662
-1.2041,14.0684,6.41289,0.8081764038580241,0.0719115951952676,0.08898007273162188
-1.3041,14.0684,6.41027,0.8797274452543441,0.0827756171785312,0.094092343742441
-1.4041,14.0684,6.40765,0.9441312224789083,0.07992563816592878,0.08465522192569401
-1.5041,14.0684,6.40503,0.9012395795583554,0.07538648911386217,0.0836475570134244
-1.5041,14.1684,6.40854,0.9318821970749671,0.10030027241413855,0.10763192249939474
-1.4041,14.1684,6.41116,0.9093804237687673,0.04093698262616423,0.045016344706990834
-1.3041,14.1684,6.41378,0.866833822995899,0.08182189823488803,0.09439167700228875
-1.2041,14.1684,6.4164,1.1131485829736305,0.06418291100203154,0.057658889373577875
-1.2041,14.2684,6.41991,1.7719130827944667,0.29156057992156004,0.1645456443392487
-1.3041,14.2684,6.41729,0.8793342158539635,0.05900033365021537,0.06709659716006539
-1.4041,14.2684,6.41467,0.9491689733514912,0.06308857105370554,0.06646716530455206
-1.5041,14.2684,6.41205,0.9613466077612633,0.05322935178468385,0.055369573632388154
-1.6041,14.3684,6.41295,1.0892407497504764,0.18352590379669015,0.16848975200269758
-1.5041,14.3684,6.41557,0.9177694141950393,0.06568065147517026,0.07156552665549189
-1.4041,14.3684,6.41819,1.0276806593935612,0.05412260641419618,0.052664809753386
-1.3041,14.3684,6.4208,0.803690402189248,0.03869851966283567,0.048151028751147365
-1.4041,14.4684,6.4217,1.0296663300029407,0.08146905382518745,0.07912180038455251
-1.5041,14.4684,6.41908,1.0041136623559204,0.09102339007795292,0.09065048459194111
-1.6041,14.4684,6.41646,1.1114463566813166,0.28962621492159907,0.26058496946843035
-1.6041,14.5684,6.41997,1.0521994874142229,0.22753542449071282,0.21624742001146613
-1.5041,14.5684,6.42259,0.9972232657569231,0.07800880824280286,0.07822602111433068
-1.6041,14.6684,6.42348,1.1151753184363375,0.22925940772757525,0.20558149372336837
