6.3902,-13.0811,-0.4459602180379024,0.8921043139243349,0.028830385420481778,0.03231728058085264
6.37046,-13.10369,-0.44640376204236465,0.9391745510882228,0.046791699232657614,0.04982215412293701
6.35072,-13.12628,-0.44684730604682704,0.9070500485295054,0.05740871070875464,0.06329166819606558
6.33097,-13.14887,-0.44729061800099307,0.9180376500668391,0.04947930087104142,0.0538968100790191
6.31123,-13.17146,-0.4477341620054554,0.914414889331914,0.04434046088517744,0.04849052809887346
6.29149,-13.19404,-0.44817730689026763,0.9201751422269002,0.06079671269846685,0.06607080533748581
6.27175,-13.21663,-0.4486208508947301,0.9467710252756717,0.06912095908604118,0.0730070494773699
6.25201,-13.23922,-0.4490643948991923,0.9656121485002522,0.05813860794392682,0.06020906844867811
6.23226,-13.26181,-0.44950770685335834,0.9308674242421141,0.05983326390973067,0.06427689094227915
6.21252,-13.2844,-0.4499512508578207,0.9203639443848616,0.0430716222252558,0.04679846759321209
6.19278,-13.30699,-0.45039479486228307,0.9721924844672392,0.0563458056179913,0.05795745854676995
6.17304,-13.32958,-0.4508383388667454,0.9148508111654934,0.056977653644006004,0.0622808144766447
6.1533,-13.35217,-0.4512818828712075,0.9728384544554715,0.06441803845909942,0.06621658319947503
6.13355,-13.37476,-0.45172519482537365,1.0042772344751807,0.05932851574476975,0.05907583454858846
6.11381,-13.39734,-0.4521683397101859,1.0103579134617466,0.06727911460090992,0.06658938748784016
6.09407,-13.41993,-0.45261188371464833,1.0313844942319106,0.07515748898459602,0.07287048564809681
6.07433,-13.44252,-0.45305542771911067,0.986753160563875,0.05384312723896404,0.054565953665854657
6.05459,-13.46511,-0.45349897172357295,0.8970576518749349,0.056700686918354753,0.06320740567771199
6.03485,-13.4877,-0.45394251572803523,0.8831627953612948,0.049998166393493054,0.056612627542852054
6.0151,-13.51029,-0.4543858276822012,0.8817154453476567,0.041584290313413916,0.047162937354485616
5.99536,-13.53288,-0.45482937168666365,0.8874502711321259,0.04622318660505229,0.05208538225593765
5.97562,-13.55547,-0.455272915691126,0.9421000206314462,0.050175704872923575,0.05325942444974485
5.9561,-13.5778,-0.45571118769120667,0.9694590362382162,0.06791200326564854,0.07005144181147346
5.94215,-13.60436,-0.45644753931833576,0.9874194066850505,0.08640005819796458,0.08750087107162047
5.92821,-13.63092,-0.45718412299576117,0.9369710437004117,0.05985423767713521,0.06388056288351326
5.91426,-13.65748,-0.45792047462289026,0.9399677707208722,0.04783978314637287,0.05089513134017774
5.90032,-13.68405,-0.4586574574199657,0.8785885642708902,0.046743543065522385,0.053202995083726376
5.88637,-13.71061,-0.45939380904709476,0.8540220562831313,0.062494180236337196,0.07317630707141677
5.87242,-13.73717,-0.46013016067422385,0.919444872197133,0.05271737214591394,0.057336088046191315
5.85848,-13.76373,-0.46086674435164926,0.8587180822250222,0.04665970174985783,0.054336461192197094
5.84453,-13.79029,-0.46160309597877824,0.925497169066748,0.04759189217957135,0.051423055380668554
5.83058,-13.81685,-0.46233944760590734,0.9025301456009673,0.0669796030423836,0.07421314774786156
5.81664,-13.84341,-0.46307603128333263,0.8817864942374296,0.04601681565543665,0.05218589302077264
5.80269,-13.86997,-0.46381238291046173,0.8887649549062013,0.08541924212793323,0.0961100476075232
5.78875,-13.89654,-0.4645493657075372,0.8266279538905484,0.04465094126314139,0.054015764955673756
5.7748,-13.9231,-0.4652857173346663,0.8986137437924718,0.06699372612057342,0.07455230524055408
5.76085,-13.94966,-0.46602206896179527,0.9459919413726962,0.04178097254250035,0.044166309156792
5.74691,-13.97622,-0.4667586526392207,0.9698115057689826,0.03871104904344208,0.039916054628313914
5.73296,-14.00278,-0.46749500426634977,0.9210582046083852,0.0639120910739273,0.06938985045044074
5.71901,-14.02934,-0.46823135589347875,0.8346218581972147,0.04251077885078215,0.050934178674166934
5.70507,-14.0559,-0.46896793957090416,0.8722786890965555,0.050625629895434766,0.05803836609589672
5.69112,-14.08247,-0.4697046903176833,0.90620320790892,0.06032427451472977,0.06656815379624302
5.67718,-14.10903,-0.4704412739951087,0.8600568275871161,0.029684719099677574,0.03451483454059409
5.66323,-14.13559,-0.4711776256222378,0.8624627154567868,0.030555507038391144,0.03542820633377526
5.64928,-14.16215,-0.4719139772493669,0.8777326125009612,0.045632300574768414,0.05198884025141363
5.63534,-14.18871,-0.4726505609267923,0.9367530013227805,0.060650177486215984,0.06474511146542622
5.62139,-14.21527,-0.47338691255392135,0.861161490087904,0.0634907340062786,0.07372686161314262
5.60745,-14.24183,-0.4741234962313467,0.9470156986009488,0.022446575223335024,0.02370243202567385
5.6072,-14.2423,-0.4741364535974904,0.947071915198087,0.0381296439495649,0.040260558187484426
5.59014,-14.26698,-0.47472560308823986,0.9634635797652343,0.04105638468829097,0.04261332296369222
5.57308,-14.29165,-0.4753143534593394,0.9643664057566486,0.038502070007874346,0.039924731697456174
5.55602,-14.31633,-0.4759035029500889,0.8800050189179487,0.05318234211891655,0.06043413500562688
5.53896,-14.34101,-0.47649265244083844,0.8478088762471376,0.04271989335435993,0.050388589399371915
5.52189,-14.36568,-0.47708117076164136,0.935873826095389,0.042570552535160816,0.04548749131362266
5.50483,-14.39036,-0.4776703202523909,0.8726074053661368,0.040059113888123665,0.04590737328353899
5.48777,-14.41503,-0.4782590706234905,0.8965815791739201,0.05322907444551343,0.059368913751894056
5.47071,-14.43971,-0.47884822011423994,0.8386006730082327,0.08542971997080749,0.10187175221831572
5.45365,-14.46439,-0.4794373696049894,0.9552190138972195,0.07710348854276,0.08071812581303606
5.43659,-14.48906,-0.4800261199760889,0.9310172158918573,0.07226942463133375,0.07762415495411015
5.41953,-14.51374,-0.4806152694668385,0.9520843692668477,0.08206412343671841,0.08619417153115523
5.40247,-14.53842,-0.48120441895758803,0.9124551438558312,0.03976570493101822,0.043580997048224476
5.38541,-14.56309,-0.4817931693286875,0.9107439961713208,0.048391834642578305,0.05313439873994544
5.36835,-14.58777,-0.48238231881943694,0.8857893096026125,0.0568408718380866,0.06416974242281932
5.35128,-14.61244,-0.48297083714024003,0.857883619205259,0.04115415473659664,0.047971722288766554
5.33422,-14.63712,-0.4835599866309895,0.8673016893525338,0.030454174409211564,0.035113703551005994
5.31716,-14.6618,-0.48414913612173904,0.8718809240039551,0.03458036612475994,0.039661799189224
5.3001,-14.68647,-0.48473788649283844,0.860316126329763,0.04421259275101051,0.05139110078016093
5.28304,-14.71115,-0.485327035983588,0.9099249034344808,0.02996940543757033,0.03293613058006416
5.26598,-14.73583,-0.48591618547433757,0.9059718887283494,0.056208218546876916,0.0620419013505734
5.24892,-14.7605,-0.486504935845437,0.8459423782164757,0.055339569744386925,0.06541765866022803
5.23186,-14.78518,-0.48709408533618653,0.8947245472993959,0.04214345789307965,0.047102159005566496
5.2148,-14.80986,-0.4876832348269361,0.9673942449351944,0.06371330617668451,0.06586074551327588
5.19773,-14.83453,-0.48827175314773913,0.9244737021123672,0.041672209598044366,0.04507668471566671
5.18067,-14.85921,-0.4888609026384887,0.8704677774612298,0.024389086821716147,0.028018368345406587
5.16361,-14.88388,-0.4894496530095881,0.934254274291645,0.04382295501835389,0.04690688201729729
5.1477,-14.9069,-0.4899992344225097,0.89110606474328,0.04827132981898334,0.054170128258401985
5.13224,-14.93261,-0.49066662128463306,0.8716163380880964,0.037030705407210825,0.04248509784527243
5.11678,-14.95832,-0.4913340081467565,0.8426665716528567,0.04295944124660544,0.050980355328848766
5.10131,-14.98403,-0.49200116295858365,0.8843620328356188,0.03455428644229605,0.039072557571813854
5.08585,-15.00973,-0.4926681507010569,0.8412499409524814,0.042850622044398975,0.050936849987629804
5.07039,-15.03544,-0.4933355375631804,0.8962932322045507,0.06369351756790581,0.07106325840622857
5.05493,-15.06115,-0.4940029244253038,0.834739189216319,0.025646764205330217,0.030724284347316024
5.03947,-15.08686,-0.4946703112874272,0.8404192518483274,0.03915279427973562,0.0465872172652247
5.024,-15.11257,-0.4953374660992544,0.8799718660744549,0.04580040563356628,0.05204757947305907
5.00854,-15.13828,-0.4960048529613778,0.8139988851259545,0.04154524262343159,0.05103845150476227
4.99308,-15.16398,-0.4966718407038512,0.805991281578955,0.0216672168521853,0.026882693829812572
4.97762,-15.18969,-0.49733922756597454,0.8428314319995873,0.03997261245695129,0.04742658014321761
4.96216,-15.2154,-0.49800661442809807,0.8074197921770152,0.0440692920786958,0.054580396103337335
4.94669,-15.24111,-0.49867376923992507,0.8637679177714184,0.03897706242428741,0.04512446181707114
4.93123,-15.26682,-0.49934115610204854,0.7837428914741248,0.03960981075549658,0.05053929188562764
4.91577,-15.29253,-0.5000085429641719,0.820230605875565,0.04823306904715482,0.058804278579275705
4.90031,-15.31824,-0.5006759298262953,0.8098621374710444,0.031957525649133775,0.03946045156392606
4.88485,-15.34394,-0.5013429175687687,0.7799286934937053,0.039240625781865206,0.05031309414465325
4.86938,-15.36965,-0.5020100723805958,0.8375690996068421,0.042223847623812635,0.05041237510270216
4.85392,-15.39536,-0.5026774592427192,0.8268218370005652,0.053876869725385385,0.06516140154308546
4.83846,-15.42107,-0.5033448461048426,0.8192120311041216,0.030260051652167826,0.03693799712802531
4.823,-15.44678,-0.5040122329669662,0.8947700705844026,0.05295416374367227,0.05918186748142596
4.80753,-15.47249,-0.5046793877787933,0.8477178269504199,0.05597753956659371,0.06603322212530001
4.79207,-15.49819,-0.5053463755212665,0.8291713043483855,0.04729724964890838,0.05704159008020364
4.77661,-15.5239,-0.50601376238339,0.8132965990973104,0.034589617034984255,0.04253013854155516
4.76115,-15.54961,-0.5066811492455134,0.8416127155350127,0.044613327106631386,0.05300933111291067
4.74569,-15.57532,-0.5073485361076369,0.8201009205912697,0.034674346996655704,0.042280585384121355
4.73022,-15.60103,-0.508015690919464,0.7593573530387173,0.044237899331115216,0.05825702372419071
4.71476,-15.62674,-0.5086830777815874,0.7970594003626622,0.05454346671162768,0.06843086812201248
4.6993,-15.65245,-0.5093504646437108,0.8348626050151029,0.03626511683102153,0.04343842521293127
4.68384,-15.67815,-0.5100174523861841,0.8047459875356078,0.03584212340810957,0.04453843071385759
4.66838,-15.70386,-0.5106848392483077,0.8070751018069234,0.04801083061163667,0.059487438658617296
4.6627,-15.7133,-0.5109298036296287,0.8012286334827161,0.028440344155460425,0.0354959158559252
4.6446,-15.73722,-0.5114644867961523,0.767040647396568,0.05028469342189946,0.06555675190431173
4.6265,-15.76115,-0.5119995690823257,0.7998332777588177,0.05073563019481626,0.06343275730784874
4.60839,-15.78507,-0.5125340201985528,0.7321753274609483,0.04575183522697983,0.062487540225698295
4.59029,-15.80899,-0.5130687033650762,0.7416682924402493,0.028306569074592104,0.03816607688790006
4.57219,-15.83292,-0.5136037856512498,0.7890923883761722,0.025498708544004208,0.03231397098694176
4.55409,-15.85684,-0.5141384688177731,0.7956976132012612,0.06159046844820055,0.07740436495769915
4.53599,-15.88076,-0.5146731519842966,0.7933427670120177,0.046078985228260774,0.05808206382445378
4.51788,-15.90469,-0.5152080022201738,0.7738958179624157,0.03502856034085322,0.04526263035388878
4.49978,-15.92861,-0.5157426853866973,0.7849720774779441,0.0339893160315664,0.043300031946068074
4.48168,-15.95253,-0.5162773685532206,0.8128221240566613,0.03343786755251265,0.04113798894354617
4.46358,-15.97646,-0.5168124508393942,0.8247511140076021,0.035512722267635126,0.04305871391318641
4.44548,-16.00038,-0.5173471340059176,0.7734598897412674,0.03352903709247542,0.04334941932630964
4.42737,-16.0243,-0.5178815851221447,0.7640892762010328,0.02924575901751128,0.03827531667885453
4.40927,-16.04822,-0.5184162682886682,0.7783516864441979,0.03471098453241268,0.044595502440529754
4.39117,-16.07215,-0.5189513505748417,0.748539936273745,0.019134830796025425,0.02556287229146277
4.37307,-16.09607,-0.5194860337413651,0.7171090053200075,0.034698786515766696,0.048387046123179664
4.35497,-16.11999,-0.5200207169078885,0.7573513164142959,0.02551331286247705,0.03368755333161715
4.33686,-16.14392,-0.5205555671437657,0.7702222983378688,0.04289035072102571,0.055685677775861094
4.31876,-16.16784,-0.5210902503102892,0.7557987849147221,0.053188321130523436,0.07037365260718798
4.30066,-16.19176,-0.5216249334768125,0.7301474384745823,0.03139078868086178,0.04299239718822152
4.28256,-16.21569,-0.522160015762986,0.7662040606576824,0.02648126501461251,0.03456163491470135
4.26446,-16.23961,-0.5226946989295094,0.7686175525764826,0.053283987578633916,0.06932444803012978
4.24636,-16.26353,-0.523229382096033,0.7461394640525636,0.033529067093978765,0.04493672927024904
4.22825,-16.28746,-0.52376423233191,0.7892382327942806,0.055443000998569636,0.07024875214455198
4.21015,-16.31138,-0.5242989154984335,0.7923871300264846,0.018676709906031774,0.023570183308514268
4.19205,-16.3353,-0.524833598664957,0.7498242031801533,0.0578819805612204,0.07719406804385806
4.17395,-16.35923,-0.5253686809511305,0.7812626524797435,0.04000010772184335,0.05119930870224271
4.15585,-16.38315,-0.525903364117654,0.7609376030397466,0.031409975797577185,0.04127799135185665
4.13774,-16.40707,-0.5264378152338811,0.7337612461558234,0.046862970242489796,0.0638667829460945
4.11964,-16.431,-0.5269728975200545,0.7771283218956178,0.04387437607631344,0.05645705456891913
4.10154,-16.45492,-0.527507580686578,0.7421865961361445,0.03783286527628768,0.050974870030322854
4.08344,-16.47884,-0.5280422638531016,0.7502708834646582,0.05393880059744859,0.07189243483415733
4.06534,-16.50277,-0.5285773461392751,0.7960103116917738,0.03165577830728615,0.039768050541967984
4.04723,-16.52669,-0.529111797255502,0.7680634467858941,0.029037073464758038,0.037805566175905296
4.033,-16.5455,-0.5295323337455379,0.7889532623179666,0.046905302895432294,0.05945257486815279
4.01527,-16.5697,-0.5300867781232285,0.730041814294643,0.03663389470430124,0.05018054306888769
3.99753,-16.59389,-0.5306405913309724,0.7322859620294091,0.039184619822825936,0.0535099972614964
3.9798,-16.61809,-0.5311950357086629,0.7465873405091861,0.03486247649772437,0.046695777715635434
3.96206,-16.64229,-0.5317492480360569,0.7508786036000561,0.04721703837801785,0.06288238624943863
3.94433,-16.66649,-0.5323036924137474,0.7938926042608141,0.03781508634560849,0.04763249606137566
3.92659,-16.69068,-0.5328575056214916,0.7772523847390989,0.03408161290036643,0.04384883670933559
3.90886,-16.71488,-0.5334119499991821,0.7447186858562584,0.04680465089640016,0.06284876663539786
3.89113,-16.73908,-0.5339663943768725,0.7008356860546716,0.02725072912987764,0.03888319283980045
3.87339,-16.76327,-0.5345202075846165,0.7702919130570749,0.043462743984480814,0.05642373137735439
3.85566,-16.78747,-0.5350746519623071,0.7468267736719147,0.04994524535826908,0.06687661331784325
3.83792,-16.81167,-0.535628864289701,0.7950445770696349,0.02998755422911458,0.03771807907883898
3.82019,-16.83586,-0.5361829095477415,0.7864200130671619,0.04467468368918476,0.056807663776188067
3.80245,-16.86006,-0.5367371218751357,0.7808351630304647,0.023577723862687985,0.030195520103348736
3.78472,-16.88426,-0.537291566252826,0.7714094180347841,0.03220449278931913,0.04174760125610364
3.76699,-16.90846,-0.5378460106305166,0.7603554236016553,0.038948543433630786,0.0512241278547592
3.74925,-16.93265,-0.5383998238382607,0.742396038282011,0.03685897960582553,0.04964867497289103
3.73152,-16.95685,-0.538954268215951,0.7256867164673796,0.06360673651674337,0.08765040763923444
3.71378,-16.98105,-0.5395084805433451,0.7590408973131224,0.04776292009390175,0.06292535786012912
3.69605,-17.00524,-0.5400625258013857,0.7548819482154328,0.02105471286326092,0.027891398003403043
3.67832,-17.02944,-0.5406169701790762,0.7285585471602901,0.05100375949148048,0.07000639782523771
3.66058,-17.05364,-0.5411711825064702,0.7970411564011177,0.0415656365004696,0.05214992496516872
3.64285,-17.07783,-0.5417252277645106,0.731362380627537,0.05459678862172973,0.07465080248574392
3.62511,-17.10203,-0.5422794400919047,0.773359383794512,0.030071363069462342,0.0388840734328667
3.60738,-17.12623,-0.5428338844695951,0.7297614454340997,0.028607305272640333,0.03920089976200816
3.58964,-17.15043,-0.5433880967969893,0.7366135181052886,0.04313662566247076,0.05856073042675953
3.57191,-17.17462,-0.5439421420550298,0.7248077036633406,0.03579468365168829,0.04938507616678732
3.55418,-17.19882,-0.5444965864327203,0.6866116693986726,0.03177002053267766,0.04627072615952117
3.53644,-17.22302,-0.5450507987601143,0.710787027362046,0.04770355150580054,0.06711370589140239
3.51871,-17.24721,-0.5456048440181546,0.6903103466763534,0.04555275568805421,0.06598880620488695
3.50097,-17.27141,-0.5461590563455487,0.7134059107542781,0.04145248582864689,0.0581050495990698
3.48324,-17.29561,-0.5467135007232393,0.7321528181734805,0.026107589881674442,0.03565866200830269
3.4798,-17.3003,-0.546820862537168,0.7074659544417033,0.03407902687918412,0.04817055388351172
3.46057,-17.32333,-0.5472938023713472,0.7297949520356324,0.0346025549268685,0.04741407820148778
3.44135,-17.34636,-0.547766974255823,0.710987654611609,0.04009351231321348,0.05639129182224036
3.42212,-17.36939,-0.5482399140900023,0.6941248076786058,0.04315361061508924,0.06216981461793576
3.4029,-17.39242,-0.5487130859744781,0.738362449803448,0.049200271524933406,0.06663430885201505
3.38367,-17.41545,-0.5491860258086574,0.7557624373177655,0.026293414716023353,0.03479058156070822
3.36445,-17.43848,-0.5496591976931331,0.7756712190907284,0.02974191050217102,0.03834344986660151
3.34522,-17.46151,-0.5501321375273125,0.7210141598350918,0.042801458386988844,0.059362854117564444
3.326,-17.48454,-0.5506053094117882,0.726632583686148,0.04773563554795281,0.06569432285267722
3.30677,-17.50757,-0.5510782492459676,0.6984175219698281,0.050440651432680644,0.07222134303047983
3.28755,-17.5306,-0.5515514211304434,0.7210070037026348,0.04459268715170053,0.06184778639139532
3.26832,-17.55363,-0.5520243609646226,0.6803812330757316,0.035422773285331714,0.05206312514705838
3.2491,-17.57666,-0.5524975328490984,0.7270857979722714,0.027556392450178095,0.03789978091585418
3.22987,-17.59969,-0.5529704726832777,0.6950570681850324,0.0364133051042847,0.05238894296747306
3.21065,-17.62272,-0.5534436445677536,0.6581571261328407,0.020578279703260902,0.031266515070912465
3.19142,-17.64575,-0.5539165844019329,0.7133605382266953,0.04698107203464944,0.06585880423304205
3.1722,-17.66878,-0.5543897562864087,0.7050281281607627,0.048912158193562434,0.06937617981450143
3.15297,-17.69181,-0.5548626961205879,0.691088442303813,0.053001487034710415,0.07669277011495751
3.13375,-17.71484,-0.5553358680050636,0.6914471746140214,0.05300655692859376,0.07666031314421524
3.11452,-17.73787,-0.555808807839243,0.7396774180676522,0.06002364852221048,0.08114841288384528
3.0953,-17.76091,-0.5562823788433687,0.7115449949314098,0.0317917440217689,0.044679878641874934
3.07607,-17.78394,-0.5567553186775481,0.7049137964830402,0.030244709054043712,0.04290554278401243
3.05685,-17.80697,-0.5572284905620238,0.7606701656128657,0.06083114034731803,0.0799704564439002
3.03762,-17.83,-0.5577014303962032,0.7541754136959619,0.05595044820328855,0.0741875791589308
3.0184,-17.85303,-0.5581746022806789,0.6941224931953734,0.04515135225513546,0.06504810418588004
2.99917,-17.87606,-0.5586475421148583,0.7343344887487702,0.04428898739697553,0.06031173542242224
2.97995,-17.89909,-0.5591207139993342,0.7118058972787109,0.036408443432465146,0.05114939841276596
2.96072,-17.92212,-0.5595936538335134,0.7305033193597334,0.039094850276462964,0.05351769011909289
2.9415,-17.94515,-0.5600668257179893,0.7222058301158646,0.046004476745292205,0.06369995204540461
2.92227,-17.96818,-0.5605397655521687,0.707098999798452,0.030888092162076258,0.043682839561193613
2.90304,-17.99121,-0.5610127053863478,0.6755427816025417,0.026605179577250542,0.039383411830908745
2.8927,-18.0036,-0.5612672746263314,0.6878451153767149,0.02246927523588544,0.03266618419406759
2.87014,-18.02338,-0.5615332278255533,0.7315349314052912,0.03445356432475842,0.047097633818487014
2.84758,-18.04315,-0.5617987819051251,0.684216528431515,0.031111693495808255,0.04547053776547624
2.82503,-18.06293,-0.5620649671546435,0.6824348252186085,0.02904383665043702,0.04255913616532279
2.80247,-18.08271,-0.5623309203538652,0.7084673746836411,0.04338944815999146,0.06124410200168579
2.77991,-18.10249,-0.5625968735530872,0.7408913199874951,0.02896978855267422,0.03910126596322275
2.75735,-18.12226,-0.5628624276326591,0.719863581899862,0.034944516723711655,0.04854324847422644
2.73479,-18.14204,-0.5631283808318812,0.7518209410299435,0.027984989607289814,0.037222945092420925
2.71224,-18.16182,-0.5633945660813992,0.6984880734974579,0.0235662497652862,0.03373894366912475
2.68968,-18.18159,-0.5636601201609711,0.701482915642179,0.03692660554353311,0.052640776731858546
2.66712,-18.20137,-0.5639260733601931,0.6872292998760334,0.02052697630483997,0.02986918093937897
2.64456,-18.22115,-0.564192026559415,0.690784710500933,0.04304273755887319,0.06230991639589141
2.622,-18.24092,-0.5644575806389868,0.7073528397579003,0.035143644506221976,0.04968332991813575
2.59944,-18.2607,-0.5647235338382087,0.6954329835445435,0.04511901207509593,0.0648790223396213
2.57689,-18.28048,-0.5649897190877271,0.7012124911741672,0.031131306728375798,0.04439639498755507
2.55433,-18.30026,-0.565255672286949,0.7198069460000375,0.03772540353395829,0.05241044663933589
2.53177,-18.32003,-0.5655212263665207,0.6743066403757256,0.02216563317924647,0.03287174091433493
2.50921,-18.33981,-0.5657871795657426,0.7389144780719661,0.0518114390329287,0.07011831621992196
2.48665,-18.35959,-0.5660531327649646,0.6850311613725338,0.02625646069679712,0.03832885593728243
2.4641,-18.37936,-0.5663189188948328,0.726966328532731,0.031595659948305245,0.043462343038743204
2.44154,-18.39914,-0.5665848720940547,0.7291951584503844,0.03651878670430396,0.050080950594776553
2.41898,-18.41892,-0.5668508252932767,0.730141001164487,0.048029106935154574,0.06578059150020876
2.39642,-18.4387,-0.5671167784924986,0.7479735710556421,0.035291159806101785,0.047182362013532236
2.37386,-18.45847,-0.5673823325720704,0.6599298845611352,0.036453303457412635,0.05523814621860126
2.35131,-18.47825,-0.5676485178215885,0.7067080596952079,0.036917395541906525,0.05223853759051286
2.32875,-18.49803,-0.5679144710208106,0.6913588765348724,0.044067299584736756,0.06374012264889752
2.30619,-18.5178,-0.5681800251003825,0.6338230760545643,0.024698335795583864,0.03896723980030295
2.28363,-18.53758,-0.5684459782996044,0.6385875198084581,0.03466388960244885,0.05428212817695866
2.26107,-18.55736,-0.5687119314988263,0.7083880359085901,0.031356395497378016,0.044264434050131564
2.23851,-18.57713,-0.5689774855783982,0.7001334696325408,0.03783804409664606,0.05404404408277331
2.21596,-18.59691,-0.5692436708279165,0.7150317911687425,0.036385467313781075,0.05088650289843457
2.1934,-18.61669,-0.5695096240271383,0.7306676372469784,0.048991490781060326,0.06705030890057109
2.1862,-18.623,-0.5695943923129443,0.6936493120449271,0.021801619069012908,0.03143031888079035
2.16364,-18.64278,-0.5698603455121661,0.6910715320103333,0.0428877641291789,0.06205980443792556
2.14108,-18.66255,-0.570125899591738,0.6668891001856709,0.03706683159557505,0.0555817025428293
2.11853,-18.68233,-0.5703920848412563,0.7708541948340786,0.03596546717045526,0.046656640661074174
2.09597,-18.70211,-0.5706580380404782,0.7167772122509063,0.03799418764624863,0.05300696924632259
2.07341,-18.72188,-0.57092359212005,0.6996331623337123,0.03403428731710417,0.04864590352403912
2.05085,-18.74166,-0.5711895453192719,0.6481573972528839,0.028295832090855063,0.043655803684078315
2.02829,-18.76144,-0.5714554985184939,0.6749662348750147,0.04090618733520781,0.06060479061264822
2.00573,-18.78121,-0.5717210525980657,0.6814992560594871,0.06175422553275245,0.0906152501028732
1.98318,-18.80099,-0.5719872378475839,0.6986517142274963,0.048174352185138866,0.06895331565657942
1.96062,-18.82077,-0.5722531910468058,0.6610399525290722,0.04726808654616674,0.07150564253389496
1.93806,-18.84055,-0.5725191442460278,0.6362655716299911,0.038867420401105635,0.06108678849546222
1.9155,-18.86032,-0.5727846983255998,0.7251215260972627,0.05472998369044248,0.07547698105862242
1.89294,-18.8801,-0.5730506515248216,0.6519943672849576,0.041569464406656334,0.06375739805814638
1.87038,-18.89988,-0.5733166047240434,0.6591980684299859,0.031164998452273676,0.04727713860949176
1.84783,-18.91965,-0.5735823908539117,0.654033205491069,0.042087967337210014,0.06435142280827932
1.82527,-18.93943,-0.5738483440531337,0.6442377250543154,0.03021127853875221,0.04689461260003846
1.80271,-18.95921,-0.5741142972523555,0.6659532701341643,0.03527431969970202,0.05296816050260641
1.78015,-18.97898,-0.5743798513319275,0.6706960344113831,0.03610282868003355,0.053828898379752826
1.75759,-18.99876,-0.5746458045311493,0.6696837752356468,0.02097409661781437,0.031319403864061145
1.73503,-19.01854,-0.5749117577303714,0.6650823858260467,0.03527921670674945,0.053044882045600865
1.71248,-19.03831,-0.5751775438602394,0.6757886385736199,0.022913943789004868,0.03390696806825443
1.68992,-19.05809,-0.5754434970594614,0.6806061679432578,0.025454465264662992,0.03739969818608099
1.66736,-19.07787,-0.5757094502586833,0.700147650126697,0.031357130914532114,0.044786454555489554
1.6448,-19.09764,-0.575975004338255,0.688398341032036,0.02728496688181439,0.03963543381134416
1.62224,-19.11742,-0.5762409575374771,0.65843506852166,0.025140379734736998,0.03818201814672934
1.59968,-19.1372,-0.576506910736699,0.6837817638606125,0.042885063128302314,0.06271747126769579
1.57713,-19.15697,-0.5767726968665672,0.6960166438925685,0.03130301015201261,0.044974513794592955
1.55457,-19.17675,-0.5770386500657889,0.6740744318183656,0.02769183679197495,0.04108127453710738
1.53201,-19.19653,-0.5773046032650109,0.6866951467821829,0.03762089420308357,0.054785437729352085
1.50945,-19.2163,-0.5775701573445828,0.7119450459885124,0.03430061416749012,0.048178738458478684
1.48689,-19.23608,-0.5778361105438048,0.7242551968774525,0.02880618457046471,0.0397735283014322
1.4798,-19.2423,-0.5779198393060201,0.7672584545019625,0.03471144188140896,0.04524087245664906
1.46508,-19.26844,-0.5786215600350268,0.7902853663122101,0.05069788712021298,0.0641513676974556
1.45035,-19.29458,-0.5793230487137372,0.773223421199059,0.06258070147149795,0.08093482395353768
1.43563,-19.32072,-0.5800247694427441,0.7085168822331263,0.03457188021410348,0.048794716231938914
1.42091,-19.34685,-0.5807260910521006,0.7735359602950649,0.031114388179444247,0.0402235833581359
1.40618,-19.37299,-0.581427579730811,0.7480254727376269,0.03235819437279169,0.04325814501258498
1.39146,-19.39913,-0.5821293004598177,0.7348828691590154,0.03766326359227795,0.05125070289824419
1.37674,-19.42527,-0.5828310211888246,0.7450814323761243,0.03877806516015664,0.0520454053411186
1.36201,-19.45141,-0.5835325098675347,0.764640588644168,0.04067399711917871,0.05319361504376889
1.34729,-19.47755,-0.5842342305965416,0.7882873882764347,0.04744386671427749,0.060186002490807314
1.33257,-19.50368,-0.5849355522058981,0.750286040853948,0.03853997259311753,0.051367039361751625
1.31784,-19.52982,-0.5856370408846084,0.7667263189868996,0.028981729712139616,0.03779931508081543
1.30312,-19.55596,-0.5863387616136152,0.7841907058193477,0.02604043664800297,0.03320676520999453
1.28839,-19.5821,-0.5870402502923258,0.7585432645937566,0.041213085798780226,0.05433188550010024
1.27367,-19.60824,-0.5877419710213324,0.7199481689920725,0.02470389776212707,0.03431343925315142
1.25895,-19.63438,-0.5884436917503391,0.7545110324616778,0.04980192006523413,0.066005555813743
1.24422,-19.66052,-0.5891451804290494,0.7032314463247631,0.03508792753496739,0.0498952766096345
1.2295,-19.68665,-0.5898465020384062,0.7104658251445369,0.03987090035685589,0.05611937822448331
1.21478,-19.71279,-0.5905482227674127,0.6685048843766912,0.028393990230076462,0.04247387101225266
1.20005,-19.73893,-0.5912497114461231,0.6926103951686218,0.026497584921877714,0.03825756169227962
1.18533,-19.76507,-0.5919514321751299,0.7451317089387601,0.0365408636052916,0.04903946935412833
1.17061,-19.79121,-0.5926531529041367,0.7094372473321472,0.05263680113511066,0.07419514739753572
1.15588,-19.81735,-0.5933546415828471,0.7501118262591211,0.0403966175096125,0.053854126938744945
1.14116,-19.84348,-0.5940559631922037,0.7163975722933665,0.03780704552819412,0.05277383256222432
1.1309,-19.8617,-0.5945450755905419,0.7336194313281517,0.03608177802364713,0.04918323654312745
1.11551,-19.88745,-0.5952156832833402,0.7381046770934042,0.04024302234484269,0.05452210722104678
1.10012,-19.9132,-0.5958862909761384,0.7140349505708562,0.02772238425605746,0.03882496820904073
1.08473,-19.93896,-0.5965572977885867,0.7387715002122354,0.03600832646875954,0.048740816962233945
1.06935,-19.96471,-0.5972281375316811,0.7424298798104296,0.046750194724644596,0.06296917189887574
1.05396,-19.99046,-0.5978987452244793,0.7095271401619426,0.037671410471371965,0.05309368498965922
1.03857,-20.01621,-0.5985693529172776,0.6946190545817652,0.031352109970110426,0.045135689502482396
1.02318,-20.04197,-0.5992403597297258,0.7113545050181591,0.049521734939266045,0.06961611206497087
1.00779,-20.06772,-0.599910967422524,0.7302526393797506,0.031731271954409945,0.04345245774306452
0.9924,-20.09347,-0.6005815751153222,0.7430036856455102,0.03444719515197079,0.046362078435780024
0.97701,-20.11922,-0.6012521828081203,0.7117935573225337,0.03885004687281032,0.05458049805753759
0.96162,-20.14498,-0.6019231896205687,0.7204532367717913,0.037007320690277734,0.051366721393466465
0.94624,-20.17073,-0.6025940293636632,0.7200086643816477,0.03711556387866423,0.05154877394501847
0.93085,-20.19648,-0.6032646370564615,0.7504532237666941,0.04944316118789302,0.0658844010819577
0.91546,-20.22223,-0.6039352447492596,0.6776491822352808,0.024636547690457766,0.036355902635626464
0.90007,-20.24799,-0.604606251561708,0.7499419556033504,0.03537593933875992,0.04717156984542748
0.88468,-20.27374,-0.6052768592545062,0.7731011156817975,0.028237389263178283,0.03652483315623693
0.86929,-20.29949,-0.6059474669473042,0.7397793989294038,0.04112974767589487,0.05559731419314615
0.8539,-20.32524,-0.6066180746401026,0.7397426781075764,0.05837209566409085,0.07890864944201872
0.83851,-20.351,-0.6072890814525507,0.7865087736445787,0.03301822875732416,0.04198075070964817
0.82313,-20.37675,-0.6079599211956453,0.8102432773845534,0.03714578840781241,0.04584522876600489
0.80774,-20.4025,-0.6086305288884435,0.7967036525372853,0.04471455350467588,0.05612444898711352
0.79235,-20.42825,-0.6093011365812417,0.741174081109976,0.03326602244288985,0.04488287339064925
0.77696,-20.45401,-0.60997214339369,0.7859196404133539,0.03553064243843579,0.04520900180042386
0.76157,-20.47976,-0.6106427510864881,0.8163064244840796,0.03547443892926555,0.043457258040920155
0.74618,-20.50551,-0.6113133587792864,0.8202258574581502,0.04198315735099943,0.051184874226110955
0.73079,-20.53126,-0.6119839664720845,0.7516795279654463,0.03437848548156384,0.04573556176874378
0.71541,-20.55702,-0.6126552053348293,0.7515556432123367,0.04336172102331685,0.05769595560214013
0.70002,-20.58277,-0.6133258130276275,0.7354719437553473,0.04095539678325723,0.055685872358553115
0.68463,-20.60852,-0.6139964207204256,0.7383087781266104,0.03819680690041666,0.05173554484525768
0.6798,-20.6166,-0.6142068291045295,0.7147103592034402,0.03802964993072111,0.0532098764779427
0.6599,-20.63905,-0.6146410726291495,0.7495234944165297,0.04369817978090263,0.0583012808890263
0.64,-20.6615,-0.6150753161537691,0.7309289821999609,0.039685128432685325,0.05429409614220035
0.62011,-20.68395,-0.6155097917286853,0.700154365867897,0.0381886817031025,0.05454323155689331
0.60021,-20.70641,-0.615944434372955,0.6993494780133194,0.037977586287014586,0.0543041604819662
0.58031,-20.72886,-0.6163786778975747,0.7354082821104678,0.02968175687724835,0.04036092276805467
0.56041,-20.75131,-0.6168129214221946,0.7146076145733292,0.05658570166196177,0.07918429709953119
0.54051,-20.77376,-0.6172471649468141,0.6963925937557769,0.028897089560317946,0.04149540046724288
0.52061,-20.79621,-0.6176814084714339,0.7322509816156899,0.054872946720739384,0.07493734812026318
0.50072,-20.81866,-0.6181158840463501,0.7025807814503506,0.056384022212057766,0.08025272495450726
0.48082,-20.84111,-0.6185501275709698,0.7010857727746205,0.03447235104302583,0.049169948074395925
0.46092,-20.86356,-0.6189843710955893,0.7281025381623635,0.03914815666378254,0.05376736738562596
0.44102,-20.88602,-0.6194190137398592,0.7128625571808883,0.038047877424642246,0.053373370562633755
0.42112,-20.90847,-0.619853257264479,0.7101606296668119,0.0367052814906979,0.05168588620284262
0.40123,-20.93092,-0.6202877328393951,0.6787494666037726,0.02841113789280695,0.04185806293884318
0.38133,-20.95337,-0.6207219763640149,0.7141978729348606,0.04863751804061578,0.0681009001619525
0.36143,-20.97582,-0.6211562198886345,0.697288113099934,0.020255388839590053,0.029048808461025765
0.34153,-20.99827,-0.6215904634132544,0.700315082953191,0.025836923785783075,0.03689328477237725
0.32163,-21.02072,-0.6220247069378739,0.6928782645600842,0.047105715636125756,0.06798555827990026
0.30174,-21.04318,-0.6224595816324401,0.6600408235188647,0.02926947346250894,0.04434494416037039
0.28184,-21.06563,-0.6228938251570598,0.7590890346197694,0.04033947100281614,0.05314194931431506
0.26194,-21.08808,-0.6233280686816797,0.8598332083833468,0.08196859640484393,0.09533081021487969
0.24204,-21.11053,-0.6237623122062994,0.8184608066053121,0.059360512089607485,0.07252700631544477
0.22214,-21.13298,-0.624196555730919,0.7754011984248929,0.04284137908176429,0.05525059694102859
0.20224,-21.15543,-0.6246307992555388,0.7764088865187287,0.07191761438780392,0.0926285307092104
0.18235,-21.17788,-0.6250652748304548,0.7338104435120381,0.06017204457771727,0.08199943883291183
0.16245,-21.20034,-0.6254999174747247,0.7314164587184162,0.07460866286328882,0.10200572050841965
0.14255,-21.22279,-0.6259341609993445,0.7098373691858454,0.045916076107345924,0.0646853463913992
0.12265,-21.24524,-0.626368404523964,0.7616199776072765,0.061450954232667464,0.08068453564692886
0.10275,-21.26769,-0.6268026480485841,0.7830941172079499,0.10339887026237056,0.13203888011702825
0.08286,-21.29014,-0.6272371236235,0.7726999841180193,0.08541756556356579,0.11054428279957028
0.06296,-21.31259,-0.6276713671481198,0.6648536797583467,0.10539437873359092,0.15852266738133786
0.04306,-21.33504,-0.6281056106727394,0.6968606121322252,0.1525975213536312,0.21897854276297757
0.02316,-21.35749,-0.6285398541973591,0.8149206881962755,0.20762713960261042,0.25478202064321986
0.00326,-21.37995,-0.6289744968416291,0.9278911893490621,0.21079035549409228,0.22717141612473632
-0.01664,-21.4024,-0.6294087403662487,0.7726129727310465,0.17446942930658477,0.22581736971082306
-0.03653,-21.42485,-0.6298432159411649,1.0593640230165335,0.29480334497795013,0.278283327140466
